{"type": "FeatureCollection", "features": [{"type": "Feature", "geometry": {"type": "Point", "coordinates": [146.36428014600006, -38.87767315100001]}, "properties": {"id": 1, "name": "Lower Barry Creek, Wilsons Promontory National Park", "asset_desc": "Lower Barry Creek Campground", "park_name": "Wilsons Promontory National Park", "park_id": 3308, "mga_zone": "55"}}, {"type": "Feature", "geometry": {"type": "Point", "coordinates": [147.49100208000004, -36.98880399000001]}, "properties": {"id": 2, "name": "Anglers Rest Camping Area, Alpine National Park", "asset_desc": "Anglers Rest Campground", "park_name": "Alpine National Park", "park_id": 3319, "mga_zone": "55"}}, {"type": "Feature", "geometry": {"type": "Point", "coordinates": [147.65995583999995, -36.82622097000001]}, "properties": {"id": 3, "name": "Taylors Crossing Camp Area, Alpine National Park", "asset_desc": "Taylors Crossing Camping Area", "park_name": "Alpine National Park", "park_id": 3319, "mga_zone": "55"}}, {"type": "Feature", "geometry": {"type": "Point", "coordinates": [142.41844116000004, -37.17499203]}, "properties": {"id": 4, "name": "Boreang Campground, Grampians National Park", "asset_desc": "Boreang Campground designated sites", "park_name": "Grampians National Park", "park_id": 3316, "mga_zone": "54"}}, {"type": "Feature", "geometry": {"type": "Point", "coordinates": [147.36335111999995, -36.878402970000025]}, "properties": {"id": 5, "name": "Fitzgeralds Hut Camping Area, Alpine National Park", "asset_desc": "Fitzgeralds Hut Camping Area", "park_name": "Alpine National Park", "park_id": 3319, "mga_zone": "55"}}, {"type": "Feature", "geometry": {"type": "Point", "coordinates": [146.53610388000004, -36.966223979999995]}, "properties": {"id": 6, "name": "Bennies Camping Area, Alpine National Park", "asset_desc": "Bennies Campground No 2", "park_name": "Alpine National Park", "park_id": 3319, "mga_zone": "55"}}, {"type": "Feature", "geometry": {"type": "Point", "coordinates": [146.43184392, -37.853303040000014]}, "properties": {"id": 7, "name": "Aberfeldy Bridge, Baw Baw National Park", "asset_desc": "Aberfeldy Bridge Camp Ground", "park_name": "Baw Baw National Park", "park_id": 3312, "mga_zone": "55"}}, {"type": "Feature", "geometry": {"type": "Point", "coordinates": [148.30706411999995, -37.440317970000024]}, "properties": {"id": 8, "name": "West Track Camping Ground, Snowy River National Park", "asset_desc": "West Track Camp Ground", "park_name": "Snowy River National Park", "park_id": 3313, "mga_zone": "55"}}, {"type": "Feature", "geometry": {"type": "Point", "coordinates": [141.45669792, -38.36038103999999]}, "properties": {"id": 9, "name": "Trewalla Camp, Discovery Bay Coastal Park", "asset_desc": "Trewalla Campsite", "park_name": "Discovery Bay Coastal Park", "park_id": 3360, "mga_zone": "54"}}, {"type": "Feature", "geometry": {"type": "Point", "coordinates": [145.98050004000004, -38.893102020000015]}, "properties": {"id": 10, "name": "Bear Gully, Cape Liptrap Coastal Park", "asset_desc": "Bear Gully Campground", "park_name": "Cape Liptrap Coastal Park", "park_id": 3371, "mga_zone": "55"}}, {"type": "Feature", "geometry": {"type": "Point", "coordinates": [143.72046683999997, -37.31610599999999]}, "properties": {"id": 11, "name": "Manna Gums Picnic Area, Mount Beckworth S.R.", "asset_desc": "Manna Gums Picnic and Camping Area", "park_name": "Mount Beckworth S.R.", "park_id": 2724, "mga_zone": "54"}}, {"type": "Feature", "geometry": {"type": "Point", "coordinates": [143.70822288, -37.31099003999998]}, "properties": {"id": 12, "name": "The Cork Oaks Picnic Area, Mount Beckworth S.R.", "asset_desc": "The Cork Oaks Picnic and Camping Area", "park_name": "Mount Beckworth S.R.", "park_id": 2724, "mga_zone": "54"}}, {"type": "Feature", "geometry": {"type": "Point", "coordinates": [146.95419600000002, -38.57329998]}, "properties": {"id": 13, "name": "Reeves Beach, McLoughlins Beach - Seaspray Coastal Reserve", "asset_desc": "Reeves Beach Camping Area", "park_name": "McLoughlins Beach - Seaspray Coastal Reserve", "park_id": 3197, "mga_zone": "55"}}, {"type": "Feature", "geometry": {"type": "Point", "coordinates": [141.84925032499996, -36.760584677]}, "properties": {"id": 14, "name": "Centenary Park, Mount Arapiles-Tooan State Park", "asset_desc": "Centenary Camping Area", "park_name": "Mount Arapiles-Tooan State Park", "park_id": 3342, "mga_zone": "54"}}, {"type": "Feature", "geometry": {"type": "Point", "coordinates": [143.61277977500004, -38.79111010700001]}, "properties": {"id": 15, "name": "", "asset_desc": "GOW Elliot Ridge Hike-in Campsite - Camp pad no. 4", "park_name": "Great Otway National Park", "park_id": 4710, "mga_zone": "54"}}, {"type": "Feature", "geometry": {"type": "Point", "coordinates": [143.61277977500004, -38.79111010700001]}, "properties": {"id": 16, "name": "", "asset_desc": "GOW Elliot Ridge Hike-in Campsite - Camp pad no. 6", "park_name": "Great Otway National Park", "park_id": 4710, "mga_zone": "54"}}, {"type": "Feature", "geometry": {"type": "Point", "coordinates": [143.37027232100002, -38.758063470000025]}, "properties": {"id": 17, "name": "", "asset_desc": "GOW Johanna Hike-in Campsite - Camp pad no. 7", "park_name": "Great Otway National Park", "park_id": 4710, "mga_zone": "54"}}, {"type": "Feature", "geometry": {"type": "Point", "coordinates": [143.278324333, -38.759721679999984]}, "properties": {"id": 18, "name": "", "asset_desc": "GOW Ryans Den Hike-in Campsite - Camp pad no. 5", "park_name": "Great Otway National Park", "park_id": 4710, "mga_zone": "54"}}, {"type": "Feature", "geometry": {"type": "Point", "coordinates": [143.27805720000003, -38.760006205000025]}, "properties": {"id": 19, "name": "", "asset_desc": "GOW Ryans Den Hike-in Campsite - Camp pad no. 7", "park_name": "Great Otway National Park", "park_id": 4710, "mga_zone": "54"}}, {"type": "Feature", "geometry": {"type": "Point", "coordinates": [143.61276958099995, -38.790831035999986]}, "properties": {"id": 20, "name": "", "asset_desc": "GOW Elliot Ridge Hike-in Campsite - Camp pad no. 2", "park_name": "Great Otway National Park", "park_id": 4710, "mga_zone": "54"}}, {"type": "Feature", "geometry": {"type": "Point", "coordinates": [143.27832171299997, -38.760001047]}, "properties": {"id": 21, "name": "", "asset_desc": "GOW Ryans Den Hike-in Campsite - Camp pad no. 6", "park_name": "Great Otway National Park", "park_id": 4710, "mga_zone": "54"}}, {"type": "Feature", "geometry": {"type": "Point", "coordinates": [142.99457112000005, -38.61802799999998]}, "properties": {"id": 22, "name": "Port Campbell precinct, Port Campbell Coastal Reserve", "asset_desc": "Port Campbell - Caravan Park", "park_name": "Port Campbell Recreation and Camping Reserve", "park_id": 4809, "mga_zone": "54"}}, {"type": "Feature", "geometry": {"type": "Point", "coordinates": [146.44363371300005, -39.02195330500001]}, "properties": {"id": 23, "name": "Sealers Cove, Wilsons Promontory National Park", "asset_desc": "Sealers Cove Campground", "park_name": "Wilsons Promontory National Park", "park_id": 3308, "mga_zone": "55"}}, {"type": "Feature", "geometry": {"type": "Point", "coordinates": [144.21649716000002, -37.16270100000003]}, "properties": {"id": 24, "name": "Vaughan Spring, Castlemaine Diggings National Heritage Park", "asset_desc": "Upper Terrace Camping Ground at Vaughan Springs in CDNHP", "park_name": "Castlemaine Diggings National Heritage Park", "park_id": 4659, "mga_zone": "55"}}, {"type": "Feature", "geometry": {"type": "Point", "coordinates": [144.36122904, -37.49603904000003]}, "properties": {"id": 25, "name": "O'Briens Crossing, Lerderderg State Park", "asset_desc": "OBriens Crossing Campground & Picnic Area", "park_name": "Lerderderg State Park", "park_id": 3339, "mga_zone": "55"}}, {"type": "Feature", "geometry": {"type": "Point", "coordinates": [141.01592164399995, -37.99356352799998]}, "properties": {"id": 26, "name": "Lasletts, Lower Glenelg National Park", "asset_desc": "Lasletts Canoe Camp", "park_name": "Lower Glenelg National Park", "park_id": 3300, "mga_zone": "54"}}, {"type": "Feature", "geometry": {"type": "Point", "coordinates": [147.764626153, -36.60989236299997]}, "properties": {"id": 27, "name": "", "asset_desc": "The Windfall Camping and Picnic Area\r\nOther Visitor Site\r\nPark Name is Alpine National Park", "park_name": "Alpine National Park", "park_id": 3319, "mga_zone": "55"}}, {"type": "Feature", "geometry": {"type": "Point", "coordinates": [147.60799884000005, -36.727598969999974]}, "properties": {"id": 28, "name": "Quart Pot Flat Hut & Camping Area, Alpine National Park", "asset_desc": "Quart Pot Flat Campground", "park_name": "Alpine National Park", "park_id": 3319, "mga_zone": "55"}}, {"type": "Feature", "geometry": {"type": "Point", "coordinates": [148.08665121700005, -36.43367799499998]}, "properties": {"id": 29, "name": "", "asset_desc": "Surveyors Creek camping and picnic area", "park_name": "Alpine National Park", "park_id": 3319, "mga_zone": "55"}}, {"type": "Feature", "geometry": {"type": "Point", "coordinates": [147.33493883999995, -37.60207802999997]}, "properties": {"id": 30, "name": "Rock Creek, Mitchell River National Park", "asset_desc": "Rock Creek camping area, Mitchell River National Park", "park_name": "Mitchell River National Park", "park_id": 3295, "mga_zone": "55"}}, {"type": "Feature", "geometry": {"type": "Point", "coordinates": [147.99457004700002, -36.12318882300002]}, "properties": {"id": 31, "name": "", "asset_desc": "Towong Frontage picnic area", "park_name": "River Murray Reserve", "park_id": 3284, "mga_zone": "55"}}, {"type": "Feature", "geometry": {"type": "Point", "coordinates": [147.99904186000003, -36.12531529]}, "properties": {"id": 32, "name": "", "asset_desc": "Towong Bend camping and picnic area", "park_name": "River Murray Reserve", "park_id": 3284, "mga_zone": "55"}}, {"type": "Feature", "geometry": {"type": "Point", "coordinates": [148.33895107299998, -37.38380045100001]}, "properties": {"id": 33, "name": "_Not Attached to a Site", "asset_desc": "Jackson Crossing Camp Ground", "park_name": "Snowy River National Park", "park_id": 3313, "mga_zone": "55"}}, {"type": "Feature", "geometry": {"type": "Point", "coordinates": [145.91490905499995, -35.96475111799998]}, "properties": {"id": 34, "name": "Bruces Bend, Yarrawonga R.P", "asset_desc": "Bruces Number One campground at RMR", "park_name": "River Murray Reserve", "park_id": 3284, "mga_zone": "55"}}, {"type": "Feature", "geometry": {"type": "Point", "coordinates": [145.89029901799995, -37.669476610000004]}, "properties": {"id": 35, "name": "Visitors Area, Upper Yarra Reservoir Park", "asset_desc": "Camping Area", "park_name": "Upper Yarra Reservoir Park", "park_id": 4084, "mga_zone": "55"}}, {"type": "Feature", "geometry": {"type": "Point", "coordinates": [141.05897936500003, -38.003283752000016]}, "properties": {"id": 36, "name": "Patterson Canoe Camp, Lower Glenelg National Park", "asset_desc": "Pattersons Canoe & Walkers Camp", "park_name": "Lower Glenelg National Park", "park_id": 3300, "mga_zone": "54"}}, {"type": "Feature", "geometry": {"type": "Point", "coordinates": [147.51002254900004, -35.96088278399998]}, "properties": {"id": 37, "name": "", "asset_desc": "Lawson Frontage Picnic Area", "park_name": "River Murray Reserve", "park_id": 3284, "mga_zone": "55"}}, {"type": "Feature", "geometry": {"type": "Point", "coordinates": [147.77189505499996, -35.96551566599999]}, "properties": {"id": 38, "name": "", "asset_desc": "Walwa Bend camping and picnic area", "park_name": "River Murray Reserve", "park_id": 3284, "mga_zone": "55"}}, {"type": "Feature", "geometry": {"type": "Point", "coordinates": [143.204714491, -38.744176676999984]}, "properties": {"id": 39, "name": "", "asset_desc": "GOW Devils Kitchen - Camp pad no. 5", "park_name": "Great Otway National Park", "park_id": 4710, "mga_zone": "54"}}, {"type": "Feature", "geometry": {"type": "Point", "coordinates": [143.277498348, -38.75944045]}, "properties": {"id": 40, "name": "", "asset_desc": "GOW Ryans Den Hike-in Campsite - Camp pad no. 1", "park_name": "Great Otway National Park", "park_id": 4710, "mga_zone": "54"}}, {"type": "Feature", "geometry": {"type": "Point", "coordinates": [143.74478201, -38.55037318299998]}, "properties": {"id": 41, "name": "Lake Elizabeth, Great Otway National Park", "asset_desc": "Lake Elizabeth campground", "park_name": "Great Otway National Park", "park_id": 4710, "mga_zone": "54"}}, {"type": "Feature", "geometry": {"type": "Point", "coordinates": [143.61305616799996, -38.79111293300002]}, "properties": {"id": 42, "name": "", "asset_desc": "GOW Elliot Ridge Hike-in Campsite - Camp pad no. 5", "park_name": "Great Otway National Park", "park_id": 4710, "mga_zone": "54"}}, {"type": "Feature", "geometry": {"type": "Point", "coordinates": [148.74259925399997, -37.797619456999996]}, "properties": {"id": 43, "name": "Banksia Bluff Campground, Cape Conran Coastal Park", "asset_desc": "Banksia Bluff Camp Area - siites A-F at \r\nCape Conran Coastal Park .", "park_name": "Cape Conran Coastal Park", "park_id": 3359, "mga_zone": "55"}}, {"type": "Feature", "geometry": {"type": "Point", "coordinates": [148.08979710200003, -36.896325827]}, "properties": {"id": 44, "name": "", "asset_desc": "Native Dog Camping area Access Track", "park_name": "Alpine National Park", "park_id": 3319, "mga_zone": "55"}}, {"type": "Feature", "geometry": {"type": "Point", "coordinates": [147.29298410900003, -36.907939915999975]}, "properties": {"id": 45, "name": "Cope Hut, Alpine National Park", "asset_desc": "Tent platform - 4 at Falls to Hotham Alpine Crossing Cope Hut with 3.7m x 3m steel structure with FRP grating deck", "park_name": "Alpine National Park", "park_id": 3319, "mga_zone": "55"}}, {"type": "Feature", "geometry": {"type": "Point", "coordinates": [147.18307238800003, -36.94872548799998]}, "properties": {"id": 46, "name": "Dibbin Hut Camping Area, Alpine National Park", "asset_desc": "Tent platform - 3 at Falls to Hotham Alpine Crossing Dibbins Hut camping area with 3.7m x 3m steel structure with FRP grating deck", "park_name": "Alpine National Park", "park_id": 3319, "mga_zone": "55"}}, {"type": "Feature", "geometry": {"type": "Point", "coordinates": [146.430083126, -39.06512361199998]}, "properties": {"id": 47, "name": "Little Waterloo Bay, Wilsons Promontory National Park", "asset_desc": "Little Waterloo Bay Campground", "park_name": "Wilsons Promontory National Park", "park_id": 3308, "mga_zone": "55"}}, {"type": "Feature", "geometry": {"type": "Point", "coordinates": [142.006606572, -35.76671099599997]}, "properties": {"id": 48, "name": "Yaapeet Beach, Lake Albacutya Park", "asset_desc": "Camping Grounds, Designated Sites, Yaapeet Beach - Lake Albacutya Park", "park_name": "Lake Albacutya Park", "park_id": 3364, "mga_zone": "54"}}, {"type": "Feature", "geometry": {"type": "Point", "coordinates": [148.18696991399997, -37.829224861]}, "properties": {"id": 49, "name": "Trident Arm Camping Area, Lake Tyers S.P.", "asset_desc": "Camping Area at Trident Arm -  Lake Tyers S.P.", "park_name": "Ewing Morass W.R", "park_id": 456, "mga_zone": "55"}}, {"type": "Feature", "geometry": {"type": "Point", "coordinates": [145.151753245, -35.841955489999975]}, "properties": {"id": 50, "name": "", "asset_desc": "Camping Ground - The Gulf - Barmah National Park", "park_name": "Barmah National Park", "park_id": 4882, "mga_zone": "55"}}, {"type": "Feature", "geometry": {"type": "Point", "coordinates": [148.51978596100003, -37.799254272999974]}, "properties": {"id": 51, "name": "Corringle Slips, Marlo Coastal Reserve", "asset_desc": "Corringle Slips Camp Ground at Corringle Foreshore Reserve", "park_name": "Marlo Coastal Reserve", "park_id": 3199, "mga_zone": "55"}}, {"type": "Feature", "geometry": {"type": "Point", "coordinates": [141.759588871, -34.81154182]}, "properties": {"id": 52, "name": "Underbool Track campground, Murray - Sunset National Park", "asset_desc": "Designated Site, Mopoke Hut Camping area - Murray-Sunset NP", "park_name": "Murray - Sunset National Park", "park_id": 3320, "mga_zone": "54"}}, {"type": "Feature", "geometry": {"type": "Point", "coordinates": [147.45995531300002, -36.37057390199999]}, "properties": {"id": 53, "name": "", "asset_desc": "Tallangatta Creek K11 picnic area", "park_name": "Tallangatta Creek K11 SS.R", "park_id": 3005, "mga_zone": "55"}}, {"type": "Feature", "geometry": {"type": "Point", "coordinates": [144.81029195999997, -36.103011030000005]}, "properties": {"id": 54, "name": "Christies Beach Camping Area, Echuca R.P", "asset_desc": "Christies Beach Campground", "park_name": "Echuca R.P", "park_id": 3232, "mga_zone": "55"}}, {"type": "Feature", "geometry": {"type": "Point", "coordinates": [145.884906, -38.800404000000015]}, "properties": {"id": 55, "name": "Five Mile Road, Cape Liptrap Coastal Park", "asset_desc": "Five Mile Road Camping Area", "park_name": "Cape Liptrap Coastal Park", "park_id": 3371, "mga_zone": "55"}}, {"type": "Feature", "geometry": {"type": "Point", "coordinates": [148.16999411999996, -36.79526304000001]}, "properties": {"id": 56, "name": "Cowombat Flat, Alpine National Park", "asset_desc": "Cowombat Flat (dispersed camping area)", "park_name": "Alpine National Park", "park_id": 3319, "mga_zone": "55"}}, {"type": "Feature", "geometry": {"type": "Point", "coordinates": [141.83167284, -34.63826796000001]}, "properties": {"id": 57, "name": "Rocket Lake campground, Murray - Sunset National Park", "asset_desc": "Camping Grounds, Designated Sites, Rocket Lake Campground, Murray Sunset National Park", "park_name": "Murray - Sunset National Park", "park_id": 3320, "mga_zone": "54"}}, {"type": "Feature", "geometry": {"type": "Point", "coordinates": [142.28211708000003, -37.37604798000001]}, "properties": {"id": 58, "name": "Strachans Campground, Grampians National Park", "asset_desc": "Designated sites at Strachans Campground", "park_name": "Grampians National Park", "park_id": 3316, "mga_zone": "54"}}, {"type": "Feature", "geometry": {"type": "Point", "coordinates": [146.42866584, -36.94179501000002]}, "properties": {"id": 59, "name": "Sandy Flat, Alpine National Park", "asset_desc": "Sandy Flat Campground", "park_name": "Alpine National Park", "park_id": 3319, "mga_zone": "55"}}, {"type": "Feature", "geometry": {"type": "Point", "coordinates": [147.32602415999997, -36.758211029999984]}, "properties": {"id": 60, "name": "Cleve Cole Hut Camping Area, Alpine National Park", "asset_desc": "Cleve Cole Camping Area", "park_name": "Alpine National Park", "park_id": 3319, "mga_zone": "55"}}, {"type": "Feature", "geometry": {"type": "Point", "coordinates": [148.41455399999995, -37.08120797999999]}, "properties": {"id": 61, "name": "White Box, Snowy River National Park", "asset_desc": "White Box Campground", "park_name": "Snowy River National Park", "park_id": 3313, "mga_zone": "55"}}, {"type": "Feature", "geometry": {"type": "Point", "coordinates": [146.78400204000002, -36.691498980000006]}, "properties": {"id": 62, "name": "Mount Mcleod Camping Area, Mount Buffalo National Park", "asset_desc": "Mt McLeod Remote Campground", "park_name": "Mount Buffalo National Park", "park_id": 3303, "mga_zone": "55"}}, {"type": "Feature", "geometry": {"type": "Point", "coordinates": [143.72491895999997, -37.305343979999975]}, "properties": {"id": 63, "name": "The Dam Picnic Area, Mount Beckworth S.R.", "asset_desc": "The Dam Picnic Area", "park_name": "Mount Beckworth S.R.", "park_id": 2724, "mga_zone": "54"}}, {"type": "Feature", "geometry": {"type": "Point", "coordinates": [146.49896016000002, -37.06629399000002]}, "properties": {"id": 64, "name": "Pineapple Flat Camping Area, Alpine National Park", "asset_desc": "Pineapple Flat Campground", "park_name": "Alpine National Park", "park_id": 3319, "mga_zone": "55"}}, {"type": "Feature", "geometry": {"type": "Point", "coordinates": [146.42972208000003, -37.20012903000003]}, "properties": {"id": 65, "name": "Mile Flat Camping Area, Alpine National Park", "asset_desc": "Camping 8 Mile Flat", "park_name": "Alpine National Park", "park_id": 3319, "mga_zone": "55"}}, {"type": "Feature", "geometry": {"type": "Point", "coordinates": [143.47638442200002, -38.80111880499999]}, "properties": {"id": 66, "name": "", "asset_desc": "GOW Aire River Hike-in campsite - Camp pad no. 8", "park_name": "Great Otway National Park", "park_id": 4710, "mga_zone": "54"}}, {"type": "Feature", "geometry": {"type": "Point", "coordinates": [143.581936564, -38.826113964]}, "properties": {"id": 67, "name": "Blanket Bay, Great Otway National Park", "asset_desc": "GOW Blanket Bay Hike-in Campsite - Camp pad no. 2", "park_name": "Great Otway National Park", "park_id": 4710, "mga_zone": "54"}}, {"type": "Feature", "geometry": {"type": "Point", "coordinates": [143.58221167399995, -38.82639618799999]}, "properties": {"id": 68, "name": "Blanket Bay, Great Otway National Park", "asset_desc": "GOW Blanket Bay Hike-in Campsite - Camp pad no. 8 w 3 stone steps", "park_name": "Great Otway National Park", "park_id": 4710, "mga_zone": "54"}}, {"type": "Feature", "geometry": {"type": "Point", "coordinates": [143.37027684400005, -38.757504756]}, "properties": {"id": 69, "name": "", "asset_desc": "GOW Johanna Hike-in Campsite - Camp pad no. 4", "park_name": "Great Otway National Park", "park_id": 4710, "mga_zone": "54"}}, {"type": "Feature", "geometry": {"type": "Point", "coordinates": [147.415380077, -36.121097968000015]}, "properties": {"id": 70, "name": "", "asset_desc": "Conic Range picnic area", "park_name": "Mount Lawson State Park", "park_id": 3344, "mga_zone": "55"}}, {"type": "Feature", "geometry": {"type": "Point", "coordinates": [142.27859592000004, -37.25231499]}, "properties": {"id": 71, "name": "Buandik, Grampians National Park", "asset_desc": "Buandik Campground designated sites", "park_name": "Grampians National Park", "park_id": 3316, "mga_zone": "54"}}, {"type": "Feature", "geometry": {"type": "Point", "coordinates": [145.86098904000005, -37.17788102999998]}, "properties": {"id": 72, "name": "Lakeside, Lake Eildon National Park", "asset_desc": "Lakeside Camping Ground", "park_name": "Lake Eildon National Park", "park_id": 3294, "mga_zone": "55"}}, {"type": "Feature", "geometry": {"type": "Point", "coordinates": [146.38416408, -39.08457900000002]}, "properties": {"id": 73, "name": "Halfway Hut, Wilsons Promontory National Park", "asset_desc": "Halfway Hut Campground", "park_name": "Wilsons Promontory National Park", "park_id": 3308, "mga_zone": "55"}}, {"type": "Feature", "geometry": {"type": "Point", "coordinates": [141.08529815999998, -38.00919798000001]}, "properties": {"id": 74, "name": "Bowds, Lower Glenelg National Park", "asset_desc": "Bowds Campground", "park_name": "Lower Glenelg National Park", "park_id": 3300, "mga_zone": "54"}}, {"type": "Feature", "geometry": {"type": "Point", "coordinates": [141.15833208000004, -38.04346098000002]}, "properties": {"id": 75, "name": "Georges Rest, Lower Glenelg National Park", "asset_desc": "Georges Rest Canoe Camp", "park_name": "Lower Glenelg National Park", "park_id": 3300, "mga_zone": "54"}}, {"type": "Feature", "geometry": {"type": "Point", "coordinates": [141.02407512000002, -37.991264039999976]}, "properties": {"id": 76, "name": "Sandy Waterholes, Lower Glenelg National Park", "asset_desc": "Sandy Waterholes Picnic Area", "park_name": "Lower Glenelg National Park", "park_id": 3300, "mga_zone": "54"}}, {"type": "Feature", "geometry": {"type": "Point", "coordinates": [141.31194912, -38.21541300000001]}, "properties": {"id": 77, "name": "Swan Lake Camp, Discovery Bay Coastal Park", "asset_desc": "Swan Lake Public Camp", "park_name": "Discovery Bay Coastal Park", "park_id": 3360, "mga_zone": "54"}}, {"type": "Feature", "geometry": {"type": "Point", "coordinates": [141.31194912, -38.21541300000001]}, "properties": {"id": 78, "name": "Swan Lake Camp, Discovery Bay Coastal Park", "asset_desc": "Swan Lake Dune Buggy Camp", "park_name": "Discovery Bay Coastal Park", "park_id": 3360, "mga_zone": "54"}}, {"type": "Feature", "geometry": {"type": "Point", "coordinates": [144.95696099999998, -35.960168969999984]}, "properties": {"id": 79, "name": "Barmah Lakes, Proposed Murray River Park (part)", "asset_desc": "Barmah Camp Ground 2", "park_name": "Barmah National Park", "park_id": 4882, "mga_zone": "55"}}, {"type": "Feature", "geometry": {"type": "Point", "coordinates": [144.26815716, -37.81703097000002]}, "properties": {"id": 80, "name": "Little River Picnic Area and Walk-in Camping Ground, Brisbane Ranges National Park", "asset_desc": "Little River Camping Ground", "park_name": "Brisbane Ranges National Park", "park_id": 3288, "mga_zone": "55"}}, {"type": "Feature", "geometry": {"type": "Point", "coordinates": [147.32657387999996, -36.94030497]}, "properties": {"id": 81, "name": "Buckety Plain Camping Area, Alpine National Park", "asset_desc": "Buckety Plain Camp", "park_name": "Alpine National Park", "park_id": 3319, "mga_zone": "55"}}, {"type": "Feature", "geometry": {"type": "Point", "coordinates": [146.33042795999995, -37.19598596999998]}, "properties": {"id": 82, "name": "Frys Flat, Howqua Hills H.A", "asset_desc": "Frys Flat Campground and DVA", "park_name": "Howqua Hills H.A", "park_id": 2923, "mga_zone": "55"}}, {"type": "Feature", "geometry": {"type": "Point", "coordinates": [147.32703396, -36.93506597999999]}, "properties": {"id": 83, "name": "Faithfull Hut, Alpine National Park", "asset_desc": "Faithfull's Camping Ground", "park_name": "Alpine National Park", "park_id": 3319, "mga_zone": "55"}}, {"type": "Feature", "geometry": {"type": "Point", "coordinates": [145.96442801700005, -35.996797085000026]}, "properties": {"id": 84, "name": "Forges Bend, Yarrawonga R.P", "asset_desc": "Visitor Facilities - Camping Ground - - Forges No 1 Camping Ground.", "park_name": "Yarrawonga R.P", "park_id": 3236, "mga_zone": "55"}}, {"type": "Feature", "geometry": {"type": "Point", "coordinates": [146.54351915999996, -37.167009029999974]}, "properties": {"id": 85, "name": "Bindaree Flat Camping Area, Alpine National Park", "asset_desc": "Bindaree Flat Camping Area and DVA", "park_name": "Alpine National Park", "park_id": 3319, "mga_zone": "55"}}, {"type": "Feature", "geometry": {"type": "Point", "coordinates": [145.68772788, -37.94658003000001]}, "properties": {"id": 86, "name": "Nash Creek Camping Area, Bunyip State Park", "asset_desc": "Nash Creek Designated Camp Ground Sites", "park_name": "Bunyip State Park", "park_id": 3329, "mga_zone": "55"}}, {"type": "Feature", "geometry": {"type": "Point", "coordinates": [147.26052288000005, -36.93505895999999]}, "properties": {"id": 87, "name": "", "asset_desc": "Campbell's Yard Huts Camping", "park_name": "Alpine National Park", "park_id": 3319, "mga_zone": "55"}}, {"type": "Feature", "geometry": {"type": "Point", "coordinates": [147.885199329, -36.00188676200003]}, "properties": {"id": 88, "name": "", "asset_desc": "Greenhills Bend camping and picnic area", "park_name": "River Murray Reserve", "park_id": 3284, "mga_zone": "55"}}, {"type": "Feature", "geometry": {"type": "Point", "coordinates": [147.78512597199995, -36.002493387000015]}, "properties": {"id": 89, "name": "Pine Mountain Picnic Area, Burrowa - Pine Mountain National Park", "asset_desc": "Pine Mountain trailhead", "park_name": "Burrowa - Pine Mountain National Park", "park_id": 3310, "mga_zone": "55"}}, {"type": "Feature", "geometry": {"type": "Point", "coordinates": [147.67301544999998, -35.94475250099998]}, "properties": {"id": 90, "name": "", "asset_desc": "Gadds Bend camping and picnic area", "park_name": "River Murray Reserve", "park_id": 3284, "mga_zone": "55"}}, {"type": "Feature", "geometry": {"type": "Point", "coordinates": [147.99457939, -36.09749497199999]}, "properties": {"id": 91, "name": "", "asset_desc": "Lighthouse Crossing camping and picnic area", "park_name": "River Murray Reserve", "park_id": 3284, "mga_zone": "55"}}, {"type": "Feature", "geometry": {"type": "Point", "coordinates": [140.994188517, -38.033572633999995]}, "properties": {"id": 92, "name": "Simsons, Lower Glenelg National Park", "asset_desc": "Simsons Walkers Camp", "park_name": "Lower Glenelg National Park", "park_id": 3300, "mga_zone": "54"}}, {"type": "Feature", "geometry": {"type": "Point", "coordinates": [148.96282263199998, -37.298627125999985]}, "properties": {"id": 93, "name": "_Not Attached to a Site", "asset_desc": "Frosty Hollow - Campground", "park_name": "Errinundra National Park", "park_id": 3318, "mga_zone": "55"}}, {"type": "Feature", "geometry": {"type": "Point", "coordinates": [148.85089652800002, -37.780079097]}, "properties": {"id": 94, "name": "Dock Inlet, Cape Conran Coastal Park", "asset_desc": "Dock Inlet - Campground", "park_name": "Cape Conran Coastal Park", "park_id": 3359, "mga_zone": "55"}}, {"type": "Feature", "geometry": {"type": "Point", "coordinates": [148.87980715499998, -37.787777138000024]}, "properties": {"id": 95, "name": "Pearl Point, Cape Conran Coastal Park", "asset_desc": "Pearl Point - Camp Ground", "park_name": "Cape Conran Coastal Park", "park_id": 3359, "mga_zone": "55"}}, {"type": "Feature", "geometry": {"type": "Point", "coordinates": [143.20471130400006, -38.744447046000005]}, "properties": {"id": 96, "name": "", "asset_desc": "GOW Devils Kitchen - Camp pad no. 7", "park_name": "Great Otway National Park", "park_id": 4710, "mga_zone": "54"}}, {"type": "Feature", "geometry": {"type": "Point", "coordinates": [145.96967318199995, -36.005515152999976]}, "properties": {"id": 97, "name": "Chinamans Bend, Yarrawonga R.P", "asset_desc": "Visitor Facilities - Camping Ground - Chinamans Bend Campsite. No facilities at site.", "park_name": "Yarrawonga R.P", "park_id": 3236, "mga_zone": "55"}}, {"type": "Feature", "geometry": {"type": "Point", "coordinates": [145.83518580400005, -35.97675147899997]}, "properties": {"id": 98, "name": "Bourkes Bend, Proposed Murray River Park (part)", "asset_desc": "Camping Grounds Bourkes Bend No1 Beach at River Murray Reserve", "park_name": "River Murray Reserve", "park_id": 3284, "mga_zone": "55"}}, {"type": "Feature", "geometry": {"type": "Point", "coordinates": [143.36999633300002, -38.758069069999976]}, "properties": {"id": 99, "name": "", "asset_desc": "GOW Johanna Hike-in Campsite - Camp pad no. 6", "park_name": "Great Otway National Park", "park_id": 4710, "mga_zone": "54"}}, {"type": "Feature", "geometry": {"type": "Point", "coordinates": [148.74227283100004, -37.79822810100001]}, "properties": {"id": 100, "name": "Banksia Bluff Campground, Cape Conran Coastal Park", "asset_desc": "Banksia Bluff Camp Area (sites 93-99)", "park_name": "Cape Conran Coastal Park", "park_id": 3359, "mga_zone": "55"}}, {"type": "Feature", "geometry": {"type": "Point", "coordinates": [143.61305486100002, -38.791392261]}, "properties": {"id": 101, "name": "", "asset_desc": "GOW Elliot Ridge Hike-in Campsite - Camp pad no. 8", "park_name": "Great Otway National Park", "park_id": 4710, "mga_zone": "54"}}, {"type": "Feature", "geometry": {"type": "Point", "coordinates": [148.74190959099997, -37.79872012999999]}, "properties": {"id": 102, "name": "Banksia Bluff Campground, Cape Conran Coastal Park", "asset_desc": "Banksia Bluff Camping Area - sites 100-109", "park_name": "Cape Conran Coastal Park", "park_id": 3359, "mga_zone": "55"}}, {"type": "Feature", "geometry": {"type": "Point", "coordinates": [143.51499688, -38.84972109500001]}, "properties": {"id": 103, "name": "", "asset_desc": "GOW Cape Otway Hike-in campsite -  Camp pad no. 6", "park_name": "Great Otway National Park", "park_id": 4710, "mga_zone": "54"}}, {"type": "Feature", "geometry": {"type": "Point", "coordinates": [143.51499688, -38.84972109500001]}, "properties": {"id": 104, "name": "", "asset_desc": "GOW Cape Otway Hike-in campsite -  Camp pad no. 5", "park_name": "Great Otway National Park", "park_id": 4710, "mga_zone": "54"}}, {"type": "Feature", "geometry": {"type": "Point", "coordinates": [143.47582785199995, -38.80167119700002]}, "properties": {"id": 105, "name": "", "asset_desc": "GOW Aire River Hike-in campsite - Camp pad no. 2", "park_name": "Great Otway National Park", "park_id": 4710, "mga_zone": "54"}}, {"type": "Feature", "geometry": {"type": "Point", "coordinates": [142.05137891100003, -35.584151786999996]}, "properties": {"id": 106, "name": "Wonga Campground, Wyperfeld National Park", "asset_desc": "Designated Sites, Wonga Camping area", "park_name": "Wyperfeld National Park", "park_id": 3309, "mga_zone": "54"}}, {"type": "Feature", "geometry": {"type": "Point", "coordinates": [143.698207862, -36.60116841299998]}, "properties": {"id": 107, "name": "Melville Caves Camping Area, Kooyoora State Park", "asset_desc": "Melville Caves Camping Ground - Kooyoora SP", "park_name": "Kooyoora State Park", "park_id": 3337, "mga_zone": "54"}}, {"type": "Feature", "geometry": {"type": "Point", "coordinates": [142.342575227, -34.753125796999996]}, "properties": {"id": 108, "name": "Lake Hattah, Hattah - Kulkyne National Park", "asset_desc": "Campground - Lake Hattah Campground at Hattah Kulkyne National Park.", "park_name": "Hattah - Kulkyne National Park", "park_id": 3296, "mga_zone": "54"}}, {"type": "Feature", "geometry": {"type": "Point", "coordinates": [146.46572894400003, -39.043908810999994]}, "properties": {"id": 109, "name": "Refuge Cove, Wilsons Promontory National Park", "asset_desc": "Refuge Cove Campground", "park_name": "Wilsons Promontory National Park", "park_id": 3308, "mga_zone": "55"}}, {"type": "Feature", "geometry": {"type": "Point", "coordinates": [143.69138040899998, -37.08335788599999]}, "properties": {"id": 110, "name": "Camping Area (adjacent to Karri Track), Paddys Ranges State Park", "asset_desc": "Paddys Ranges campgroud", "park_name": "Paddys Ranges State Park", "park_id": 3348, "mga_zone": "54"}}, {"type": "Feature", "geometry": {"type": "Point", "coordinates": [146.53858895999997, -36.96397101000002]}, "properties": {"id": 111, "name": "Bennies Camping Area, Alpine National Park", "asset_desc": "Bennies Campground No 1", "park_name": "Alpine National Park", "park_id": 3319, "mga_zone": "55"}}, {"type": "Feature", "geometry": {"type": "Point", "coordinates": [148.74195599999996, -37.03446998999999]}, "properties": {"id": 112, "name": "Roaring Camp, Alpine National Park", "asset_desc": "Roaring Camp - dispersed camping area", "park_name": "Alpine National Park", "park_id": 3319, "mga_zone": "55"}}, {"type": "Feature", "geometry": {"type": "Point", "coordinates": [147.29912207999996, -37.13951304]}, "properties": {"id": 113, "name": "The Playgrounds, Alpine National Park", "asset_desc": "The Playgrounds Campground", "park_name": "Alpine National Park", "park_id": 3319, "mga_zone": "55"}}, {"type": "Feature", "geometry": {"type": "Point", "coordinates": [148.42499687999998, -36.89830404000003]}, "properties": {"id": 114, "name": "Willis Camp Area, Alpine National Park", "asset_desc": "Willis Camping Area", "park_name": "Alpine National Park", "park_id": 3319, "mga_zone": "55"}}, {"type": "Feature", "geometry": {"type": "Point", "coordinates": [146.353293, -37.18778400000002]}, "properties": {"id": 115, "name": "Pickerings Flat, Howqua Hills H.A", "asset_desc": "Pickerings Flat Campground and DVA", "park_name": "Howqua Hills H.A", "park_id": 2923, "mga_zone": "55"}}, {"type": "Feature", "geometry": {"type": "Point", "coordinates": [146.36228291999998, -37.190537010000014]}, "properties": {"id": 116, "name": "Noonans Flat, Howqua Hills H.A", "asset_desc": "Noonans Flat Campground and DVA", "park_name": "Howqua Hills H.A", "park_id": 2923, "mga_zone": "55"}}, {"type": "Feature", "geometry": {"type": "Point", "coordinates": [149.03501796, -37.728260999999975]}, "properties": {"id": 117, "name": "Swan Lake, Croajingolong National Park", "asset_desc": "Swan Lake - Camping Grounds", "park_name": "Croajingolong National Park", "park_id": 3311, "mga_zone": "55"}}, {"type": "Feature", "geometry": {"type": "Point", "coordinates": [141.55426684099996, -38.413213868000014]}, "properties": {"id": 118, "name": "Mallee Camp, Discovery Bay Coastal Park", "asset_desc": "Mallee Walkers Camp", "park_name": "Discovery Bay Coastal Park", "park_id": 3360, "mga_zone": "54"}}, {"type": "Feature", "geometry": {"type": "Point", "coordinates": [147.00677615999996, -37.36712502]}, "properties": {"id": 119, "name": "Eaglevale Camping Area, Alpine National Park", "asset_desc": "Eaglevale Campground", "park_name": "Alpine National Park", "park_id": 3319, "mga_zone": "55"}}, {"type": "Feature", "geometry": {"type": "Point", "coordinates": [146.83095288000004, -37.208357999999976]}, "properties": {"id": 120, "name": "Wonnangatta Station*, Alpine National Park", "asset_desc": "Wonnangatta Station campgrounds", "park_name": "Alpine National Park", "park_id": 3319, "mga_zone": "55"}}, {"type": "Feature", "geometry": {"type": "Point", "coordinates": [148.88905704, -37.786258980000014]}, "properties": {"id": 121, "name": "Fourth Beach, Cape Conran Coastal Park", "asset_desc": "Fourth Beach - Campground", "park_name": "Cape Conran Coastal Park", "park_id": 3359, "mga_zone": "55"}}, {"type": "Feature", "geometry": {"type": "Point", "coordinates": [148.41317700000002, -37.09126502999999]}, "properties": {"id": 122, "name": "McKillops West Camp, Snowy River National Park", "asset_desc": "Mackillops Campground", "park_name": "Snowy River National Park", "park_id": 3313, "mga_zone": "55"}}, {"type": "Feature", "geometry": {"type": "Point", "coordinates": [146.36442204000002, -37.19067497999998]}, "properties": {"id": 123, "name": "Tunnel Spur, Howqua Hills H.A", "asset_desc": "Tunnel Bend Camp ground and DVA", "park_name": "Howqua Hills H.A", "park_id": 2923, "mga_zone": "55"}}, {"type": "Feature", "geometry": {"type": "Point", "coordinates": [146.39942592, -37.19523798]}, "properties": {"id": 124, "name": "Six Mile, Alpine National Park", "asset_desc": "Six Mile Flat - walk in camping", "park_name": "Alpine National Park", "park_id": 3319, "mga_zone": "55"}}, {"type": "Feature", "geometry": {"type": "Point", "coordinates": [143.51471073599998, -38.849447958999974]}, "properties": {"id": 125, "name": "", "asset_desc": "GOW Cape Otway Hike-in campsite -  Camp pad no. 3", "park_name": "Great Otway National Park", "park_id": 4710, "mga_zone": "54"}}, {"type": "Feature", "geometry": {"type": "Point", "coordinates": [143.36917003999997, -38.757788499000014]}, "properties": {"id": 126, "name": "", "asset_desc": "GOW Johanna Hike-in Campsite - Camp pad no. 1", "park_name": "Great Otway National Park", "park_id": 4710, "mga_zone": "54"}}, {"type": "Feature", "geometry": {"type": "Point", "coordinates": [143.58221309500004, -38.82611685699999]}, "properties": {"id": 127, "name": "Blanket Bay, Great Otway National Park", "asset_desc": "GOW Blanket Bay Hike-in Campsite - Camp pad no. 1", "park_name": "Great Otway National Park", "park_id": 4710, "mga_zone": "54"}}, {"type": "Feature", "geometry": {"type": "Point", "coordinates": [143.581936564, -38.826113964]}, "properties": {"id": 128, "name": "Blanket Bay, Great Otway National Park", "asset_desc": "GOW Blanket Bay Hike-in Campsite - Camp pad no. 6", "park_name": "Great Otway National Park", "park_id": 4710, "mga_zone": "54"}}, {"type": "Feature", "geometry": {"type": "Point", "coordinates": [147.31670699999995, -36.94402701000001]}, "properties": {"id": 129, "name": "Raspberry Hill Picnic & Camping Area, Alpine National Park", "asset_desc": "Raspberry Hill Camping Area", "park_name": "Alpine National Park", "park_id": 3319, "mga_zone": "55"}}, {"type": "Feature", "geometry": {"type": "Point", "coordinates": [146.36493307199999, -38.91051425500001]}, "properties": {"id": 130, "name": "Barry Creek, Wilsons Promontory National Park", "asset_desc": "Barry Creek Campground", "park_name": "Wilsons Promontory National Park", "park_id": 3308, "mga_zone": "55"}}, {"type": "Feature", "geometry": {"type": "Point", "coordinates": [144.26311715999998, -37.76682402]}, "properties": {"id": 131, "name": "Boar Gully Camping Area, Brisbane Ranges National Park", "asset_desc": "Boar Gully Camping Ground", "park_name": "Brisbane Ranges National Park", "park_id": 3288, "mga_zone": "55"}}, {"type": "Feature", "geometry": {"type": "Point", "coordinates": [144.23302007999996, -36.21251601]}, "properties": {"id": 132, "name": "_Not Attached to a Site", "asset_desc": "Mt Terrick Terrick Camp Ground", "park_name": "", "park_id": 0, "mga_zone": "55"}}, {"type": "Feature", "geometry": {"type": "Point", "coordinates": [145.19277647700005, -37.73283067599999]}, "properties": {"id": 133, "name": "Longridge Park, Yarra Valley Parklands", "asset_desc": "Longridge camping ground", "park_name": "Yarra Valley Parklands", "park_id": 4091, "mga_zone": "55"}}, {"type": "Feature", "geometry": {"type": "Point", "coordinates": [143.73832607999998, -37.76992596000002]}, "properties": {"id": 134, "name": "Surface Point Picnic Ground, Enfield State Park", "asset_desc": "Surface Point Picnic Ground", "park_name": "Enfield State Park", "park_id": 3356, "mga_zone": "54"}}, {"type": "Feature", "geometry": {"type": "Point", "coordinates": [145.51789212000006, -35.81794701000001]}, "properties": {"id": 135, "name": "Ulupna Creek East, River Murray Reserve", "asset_desc": "Ulupna Creek East camping ground  - MRP", "park_name": "River Murray Reserve", "park_id": 3284, "mga_zone": "55"}}, {"type": "Feature", "geometry": {"type": "Point", "coordinates": [147.21029943899998, -36.14101733799998]}, "properties": {"id": 136, "name": "_Not Attached to a Site", "asset_desc": "The Plateau picnic and camping area.", "park_name": "Jarvis Creek Plateau R.P.", "park_id": 3244, "mga_zone": "55"}}, {"type": "Feature", "geometry": {"type": "Point", "coordinates": [147.583072647, -35.98678618600002]}, "properties": {"id": 137, "name": "", "asset_desc": "Bullock Flat camping and picnic area", "park_name": "River Murray Reserve", "park_id": 3284, "mga_zone": "55"}}, {"type": "Feature", "geometry": {"type": "Point", "coordinates": [142.58812104000003, -37.32067196999998]}, "properties": {"id": 138, "name": "First Wannon Remote Campground, Grampians National Park", "asset_desc": "First Wannon Hiker Camp", "park_name": "Grampians National Park", "park_id": 3316, "mga_zone": "54"}}, {"type": "Feature", "geometry": {"type": "Point", "coordinates": [147.75966636600003, -36.50309786399998]}, "properties": {"id": 139, "name": "", "asset_desc": "Glen Dart camping and picnic area\r\nOther Visitor Site\r\nShould be Glen Dart not Glendart, Alpine National Park", "park_name": "", "park_id": 0, "mga_zone": "55"}}, {"type": "Feature", "geometry": {"type": "Point", "coordinates": [148.08802593200005, -36.45223594599997]}, "properties": {"id": 140, "name": "Hermit Creek, Alpine National Park", "asset_desc": "Hermit Creek camping area (rafters and walkers only)", "park_name": "Alpine National Park", "park_id": 3319, "mga_zone": "55"}}, {"type": "Feature", "geometry": {"type": "Point", "coordinates": [145.950898531, -35.98380540199997]}, "properties": {"id": 141, "name": "Forges Bend, Yarrawonga R.P", "asset_desc": "Visitor Facilities - Camping Grounds - Little Bruces Beach.", "park_name": "Yarrawonga R.P", "park_id": 3236, "mga_zone": "55"}}, {"type": "Feature", "geometry": {"type": "Point", "coordinates": [147.59257094500003, -36.12927798099997]}, "properties": {"id": 142, "name": "Pikes Dam, Pheasant Creek F.R.", "asset_desc": "Pikes Dam picnic area", "park_name": "Pheasant Creek F.R.", "park_id": 241, "mga_zone": "55"}}, {"type": "Feature", "geometry": {"type": "Point", "coordinates": [147.76277677500002, -36.089638390000005]}, "properties": {"id": 143, "name": "", "asset_desc": "Hinces Clearing trailhead", "park_name": "Burrowa - Pine Mountain National Park", "park_id": 3310, "mga_zone": "55"}}, {"type": "Feature", "geometry": {"type": "Point", "coordinates": [148.835248611, -37.24235319600001]}, "properties": {"id": 144, "name": "Tea Tree Flat, Errinundra National Park", "asset_desc": "Tea Tree Flat - Picnic Area", "park_name": "Errinundra National Park", "park_id": 3318, "mga_zone": "55"}}, {"type": "Feature", "geometry": {"type": "Point", "coordinates": [147.44958532299995, -36.09798446299999]}, "properties": {"id": 145, "name": "_Not Attached to a Site", "asset_desc": "Koetong Creek campsite No. 2", "park_name": "Mount Lawson State Park", "park_id": 3344, "mga_zone": "55"}}, {"type": "Feature", "geometry": {"type": "Point", "coordinates": [147.70774764700002, -36.10926938]}, "properties": {"id": 146, "name": "Hinces Saddle, Burrowa - Pine Mountain National Park", "asset_desc": "Hinces Saddle camping area", "park_name": "Burrowa - Pine Mountain National Park", "park_id": 3310, "mga_zone": "55"}}, {"type": "Feature", "geometry": {"type": "Point", "coordinates": [147.76967193200005, -36.12466472099999]}, "properties": {"id": 147, "name": "Bluegum Camp, Burrowa - Pine Mountain National Park", "asset_desc": "Blue Gum Camp camping and picnic area", "park_name": "Burrowa - Pine Mountain National Park", "park_id": 3310, "mga_zone": "55"}}, {"type": "Feature", "geometry": {"type": "Point", "coordinates": [147.71678136800006, -36.12526335299998]}, "properties": {"id": 148, "name": "Black Mountain, Burrowa - Pine Mountain National Park", "asset_desc": "Black Mountain trailhead", "park_name": "Burrowa - Pine Mountain National Park", "park_id": 3310, "mga_zone": "55"}}, {"type": "Feature", "geometry": {"type": "Point", "coordinates": [147.04667525000002, -36.42578565000002]}, "properties": {"id": 149, "name": "_Not Attached to a Site", "asset_desc": "Kiewa River K23 campsites", "park_name": "Gundowring SS.R.", "park_id": 3017, "mga_zone": "55"}}, {"type": "Feature", "geometry": {"type": "Point", "coordinates": [148.041668997, -36.37349891500003]}, "properties": {"id": 150, "name": "", "asset_desc": "Halls Paddock camping and picnic area", "park_name": "Alpine National Park", "park_id": 3319, "mga_zone": "55"}}, {"type": "Feature", "geometry": {"type": "Point", "coordinates": [148.03455119800003, -36.39159062599998]}, "properties": {"id": 151, "name": "", "asset_desc": "Bunroy Station trailhead", "park_name": "", "park_id": 0, "mga_zone": "55"}}, {"type": "Feature", "geometry": {"type": "Point", "coordinates": [143.47730313199997, -38.80237871600002]}, "properties": {"id": 152, "name": "Aire River (West), Great Otway National Park", "asset_desc": "Aire River (west) Camp Area", "park_name": "Great Otway National Park", "park_id": 4710, "mga_zone": "54"}}, {"type": "Feature", "geometry": {"type": "Point", "coordinates": [144.195683595, -37.85290928699999]}, "properties": {"id": 153, "name": "Old Mill Walk-in Camping, Brisbane Ranges National Park", "asset_desc": "Old Mill Camping Ground", "park_name": "Brisbane Ranges National Park", "park_id": 3288, "mga_zone": "55"}}, {"type": "Feature", "geometry": {"type": "Point", "coordinates": [143.47582785199995, -38.80167119700002]}, "properties": {"id": 154, "name": "", "asset_desc": "GOW Aire River Hike-in campsite - Camp pad no. 1", "park_name": "Great Otway National Park", "park_id": 4710, "mga_zone": "54"}}, {"type": "Feature", "geometry": {"type": "Point", "coordinates": [148.74597241100003, -37.79617261599998]}, "properties": {"id": 155, "name": "Banksia Bluff Campground, Cape Conran Coastal Park", "asset_desc": "Banksia Bluff Camping Area - sites 30-55 at Cape Conran Coastal Park", "park_name": "Cape Conran Coastal Park", "park_id": 3359, "mga_zone": "55"}}, {"type": "Feature", "geometry": {"type": "Point", "coordinates": [147.18307238800003, -36.94872548799998]}, "properties": {"id": 156, "name": "Dibbin Hut Camping Area, Alpine National Park", "asset_desc": "Tent platform - 4 at Falls to Hotham Alpine Crossing Dibbins Hut camping area with 4.5m x 3m steel structure with FRP grating deck", "park_name": "Alpine National Park", "park_id": 3319, "mga_zone": "55"}}, {"type": "Feature", "geometry": {"type": "Point", "coordinates": [147.18307238800003, -36.94872548799998]}, "properties": {"id": 157, "name": "Dibbin Hut Camping Area, Alpine National Park", "asset_desc": "Tent platform - 5 at Falls to Hotham Alpine Crossing Dibbins Hut camping area with 3.7m x 3m steel structure with FRP grating deck", "park_name": "Alpine National Park", "park_id": 3319, "mga_zone": "55"}}, {"type": "Feature", "geometry": {"type": "Point", "coordinates": [141.38959716, -38.035774979999985]}, "properties": {"id": 158, "name": "", "asset_desc": "Wrights Horse Camp Corral West", "park_name": "Cobboboonee National Park", "park_id": 4862, "mga_zone": "54"}}, {"type": "Feature", "geometry": {"type": "Point", "coordinates": [143.581936564, -38.826113964]}, "properties": {"id": 159, "name": "Blanket Bay, Great Otway National Park", "asset_desc": "GOW Blanket Bay Hike-in Campsite - Camp pad no. 3", "park_name": "Great Otway National Park", "park_id": 4710, "mga_zone": "54"}}, {"type": "Feature", "geometry": {"type": "Point", "coordinates": [147.48868610299996, -36.992121759999975]}, "properties": {"id": 160, "name": "", "asset_desc": "Anglers Rest Camping area Access Track", "park_name": "Alpine National Park", "park_id": 3319, "mga_zone": "55"}}, {"type": "Feature", "geometry": {"type": "Point", "coordinates": [145.840446713, -37.17682590200002]}, "properties": {"id": 161, "name": "Candlebark, Lake Eildon National Park", "asset_desc": "Candlebark Campground, Fraser Block, LNEP", "park_name": "Lake Eildon National Park", "park_id": 3294, "mga_zone": "55"}}, {"type": "Feature", "geometry": {"type": "Point", "coordinates": [147.29298410900003, -36.907939915999975]}, "properties": {"id": 162, "name": "Cope Hut, Alpine National Park", "asset_desc": "Tent platform - 5 at Falls to Hotham Apline Crossing Cope Hut with 3.7m x 3m steel structure with FRP grating deck", "park_name": "Alpine National Park", "park_id": 3319, "mga_zone": "55"}}, {"type": "Feature", "geometry": {"type": "Point", "coordinates": [147.29298410900003, -36.907939915999975]}, "properties": {"id": 163, "name": "Cope Hut, Alpine National Park", "asset_desc": "Tent platform - 3 at Falls to Hotham Alpine Crossing Cope Hut with 3.7m x 3m steel structure with FRP grating deck", "park_name": "Alpine National Park", "park_id": 3319, "mga_zone": "55"}}, {"type": "Feature", "geometry": {"type": "Point", "coordinates": [144.27976971099997, -36.885029207]}, "properties": {"id": 164, "name": "", "asset_desc": "Camp site - Sign 562 at Leanganook Trk - Coliban Water Walk", "park_name": "Greater Bendigo National Park", "park_id": 4492, "mga_zone": "55"}}, {"type": "Feature", "geometry": {"type": "Point", "coordinates": [148.13848294000002, -37.801830784]}, "properties": {"id": 165, "name": "_Not Attached to a Site", "asset_desc": "Camping Area at The Ironbarks -  Lake Tyers S.P.", "park_name": "Lake Tyers S.P.", "park_id": 3419, "mga_zone": "55"}}, {"type": "Feature", "geometry": {"type": "Point", "coordinates": [147.29337288, -36.71592597]}, "properties": {"id": 166, "name": "", "asset_desc": "Bivouac Hut camping area", "park_name": "Alpine National Park", "park_id": 3319, "mga_zone": "55"}}, {"type": "Feature", "geometry": {"type": "Point", "coordinates": [145.73875608000003, -37.38807099000002]}, "properties": {"id": 167, "name": "The Farmyard, Cathedral Range State Park", "asset_desc": "Farmyard Camping Ground, CRSP", "park_name": "Cathedral Range State Park", "park_id": 3332, "mga_zone": "55"}}, {"type": "Feature", "geometry": {"type": "Point", "coordinates": [142.42624416, -37.01640401999998]}, "properties": {"id": 168, "name": "Troopers Creek Campground, Grampians National Park", "asset_desc": "Troopers Creek Campground", "park_name": "Grampians National Park", "park_id": 3316, "mga_zone": "54"}}, {"type": "Feature", "geometry": {"type": "Point", "coordinates": [147.59599895999997, -36.77899796999998]}, "properties": {"id": 169, "name": "Wombat Post Office Camping Area, Alpine National Park", "asset_desc": "Wombat Post Office Campground", "park_name": "Alpine National Park", "park_id": 3319, "mga_zone": "55"}}, {"type": "Feature", "geometry": {"type": "Point", "coordinates": [147.42397907999998, -37.09108601999998]}, "properties": {"id": 170, "name": "Victoria Falls Camp Area, Victoria Falls H.A", "asset_desc": "Victoria Falls Campground", "park_name": "Victoria Falls H.A", "park_id": 2925, "mga_zone": "55"}}, {"type": "Feature", "geometry": {"type": "Point", "coordinates": [147.44691870099996, -36.09790428100001]}, "properties": {"id": 171, "name": "_Not Attached to a Site", "asset_desc": "Koetong Creek campsite No. 1", "park_name": "Mount Lawson State Park", "park_id": 3344, "mga_zone": "55"}}, {"type": "Feature", "geometry": {"type": "Point", "coordinates": [148.92309823799997, -37.780021895000004]}, "properties": {"id": 172, "name": "Binns Beach, Cape Conran Coastal Park", "asset_desc": "Binns Beach - Campground", "park_name": "Cape Conran Coastal Park", "park_id": 3359, "mga_zone": "55"}}, {"type": "Feature", "geometry": {"type": "Point", "coordinates": [147.06660311999997, -37.33465598999999]}, "properties": {"id": 173, "name": "Talbotville Historic Township, Grant H.A.", "asset_desc": "Talbotville Township Campsites", "park_name": "Grant H.A.", "park_id": 2924, "mga_zone": "55"}}, {"type": "Feature", "geometry": {"type": "Point", "coordinates": [148.15495188, -36.92787200999999]}, "properties": {"id": 174, "name": "Rocky Plains Creek, Alpine National Park", "asset_desc": "Rocky Plains Creek- Camping area", "park_name": "Alpine National Park", "park_id": 3319, "mga_zone": "55"}}, {"type": "Feature", "geometry": {"type": "Point", "coordinates": [143.90850816, -37.46766095999999]}, "properties": {"id": 175, "name": "Slatey Creek Picnic Area No 3, Creswick R.P.", "asset_desc": "Slatey Creek Picnic Area No 3", "park_name": "Creswick R.P.", "park_id": 3220, "mga_zone": "54"}}, {"type": "Feature", "geometry": {"type": "Point", "coordinates": [145.75752611999997, -37.41020802000003]}, "properties": {"id": 176, "name": "Sugarloaf Saddle Day Visitor Area, Cathedral Range State Park", "asset_desc": "Day Visitor Area, Sugarloaf, CRSP", "park_name": "Cathedral Range State Park", "park_id": 3332, "mga_zone": "55"}}, {"type": "Feature", "geometry": {"type": "Point", "coordinates": [141.07187016, -34.56276101999998]}, "properties": {"id": 177, "name": "Shearers Quarters, Murray - Sunset National Park", "asset_desc": "Camping Grounds, Designated Sites, Shearers Quarters Campground MSNP", "park_name": "Murray - Sunset National Park", "park_id": 3320, "mga_zone": "54"}}, {"type": "Feature", "geometry": {"type": "Point", "coordinates": [143.51443242699997, -38.849724245999994]}, "properties": {"id": 178, "name": "", "asset_desc": "GOW Cape Otway Hike-in campsite -  Group Camp area", "park_name": "Great Otway National Park", "park_id": 4710, "mga_zone": "54"}}, {"type": "Feature", "geometry": {"type": "Point", "coordinates": [143.51471073599998, -38.849447958999974]}, "properties": {"id": 179, "name": "", "asset_desc": "GOW Cape Otway Hike-in campsite -  Camp pad no. 4", "park_name": "Great Otway National Park", "park_id": 4710, "mga_zone": "54"}}, {"type": "Feature", "geometry": {"type": "Point", "coordinates": [149.32380017699995, -37.77694304800002]}, "properties": {"id": 180, "name": "Mueller Camp, Croajingolong National Park", "asset_desc": "Mueller Camping", "park_name": "Croajingolong National Park", "park_id": 3311, "mga_zone": "55"}}, {"type": "Feature", "geometry": {"type": "Point", "coordinates": [147.30317604000004, -36.93054095999997]}, "properties": {"id": 181, "name": "Langford West Camping Area, Alpine National Park", "asset_desc": "Langford West Campground", "park_name": "Alpine National Park", "park_id": 3319, "mga_zone": "55"}}, {"type": "Feature", "geometry": {"type": "Point", "coordinates": [145.83989699999995, -37.17300798000002]}, "properties": {"id": 182, "name": "Devil Cove, Lake Eildon National Park", "asset_desc": "Devil Cove Camping Ground, LENP", "park_name": "Lake Eildon National Park", "park_id": 3294, "mga_zone": "55"}}, {"type": "Feature", "geometry": {"type": "Point", "coordinates": [141.92301204, -38.05892496000001]}, "properties": {"id": 183, "name": "Mt Eccles, Mount Eccles National Park", "asset_desc": "Campground - Mt Eccles", "park_name": "Mount Eccles National Park", "park_id": 3304, "mga_zone": "54"}}, {"type": "Feature", "geometry": {"type": "Point", "coordinates": [143.55841896000004, -38.84675004000002]}, "properties": {"id": 184, "name": "_Not Attached to a Site", "asset_desc": "Parker Hill Camp Ground", "park_name": "Great Otway National Park", "park_id": 4710, "mga_zone": "54"}}, {"type": "Feature", "geometry": {"type": "Point", "coordinates": [146.24757899999997, -38.858993010000006]}, "properties": {"id": 185, "name": "Stockyard Camp, Wilsons Promontory National Park", "asset_desc": "Stock Yard Campground", "park_name": "Wilsons Promontory National Park", "park_id": 3308, "mga_zone": "55"}}, {"type": "Feature", "geometry": {"type": "Point", "coordinates": [145.98737496, -37.34327601000001]}, "properties": {"id": 186, "name": "O'Toole Flat, Lake Eildon National Park", "asset_desc": "O'Toole Flat Camping Ground", "park_name": "Lake Eildon National Park", "park_id": 3294, "mga_zone": "55"}}, {"type": "Feature", "geometry": {"type": "Point", "coordinates": [141.15972095999996, -38.04791202000001]}, "properties": {"id": 187, "name": "Battersbys, Lower Glenelg National Park", "asset_desc": "Battersbys campground", "park_name": "Lower Glenelg National Park", "park_id": 3300, "mga_zone": "54"}}, {"type": "Feature", "geometry": {"type": "Point", "coordinates": [146.08605095999997, -36.88486397999998]}, "properties": {"id": 188, "name": "Camphora Campsite, Mount Samaria State Park", "asset_desc": "Camphora Campsite", "park_name": "Mount Samaria State Park", "park_id": 3346, "mga_zone": "55"}}, {"type": "Feature", "geometry": {"type": "Point", "coordinates": [144.95824691999997, -35.958036960000015]}, "properties": {"id": 189, "name": "_Not Attached to a Site", "asset_desc": "Barmah Lakes Camp Ground 1", "park_name": "Barmah National Park", "park_id": 4882, "mga_zone": "55"}}, {"type": "Feature", "geometry": {"type": "Point", "coordinates": [142.58812104000003, -37.32067196999998]}, "properties": {"id": 190, "name": "First Wannon Remote Campground, Grampians National Park", "asset_desc": "First Wannon Remote Campground", "park_name": "Grampians National Park", "park_id": 3316, "mga_zone": "54"}}, {"type": "Feature", "geometry": {"type": "Point", "coordinates": [149.19859187999998, -37.77683301000002]}, "properties": {"id": 191, "name": "Clinton Rocks, Croajingolong National Park", "asset_desc": "Clinton Rocks Camping - Walkers Access", "park_name": "Croajingolong National Park", "park_id": 3311, "mga_zone": "55"}}, {"type": "Feature", "geometry": {"type": "Point", "coordinates": [141.27122226100005, -38.05443103099998]}, "properties": {"id": 192, "name": "", "asset_desc": "Moleside Picnic Area", "park_name": "Lower Glenelg National Park", "park_id": 3300, "mga_zone": "54"}}, {"type": "Feature", "geometry": {"type": "Point", "coordinates": [141.13097888000004, -38.118940950000024]}, "properties": {"id": 193, "name": "_Not Attached to a Site", "asset_desc": "White Sands Walkers Walkers Camp", "park_name": "Discovery Bay Coastal Park", "park_id": 3360, "mga_zone": "54"}}, {"type": "Feature", "geometry": {"type": "Point", "coordinates": [148.04433508700004, -36.381138324000005]}, "properties": {"id": 194, "name": "Fishermans Bend, Alpine National Park", "asset_desc": "Fishermans Bend camping area", "park_name": "Alpine National Park", "park_id": 3319, "mga_zone": "55"}}, {"type": "Feature", "geometry": {"type": "Point", "coordinates": [146.08653516000004, -36.871535970000025]}, "properties": {"id": 195, "name": "Spring Creek Sawmill Area, Mount Samaria State Park", "asset_desc": "Spring Creek Sawmill Camping Area", "park_name": "Mount Samaria State Park", "park_id": 3346, "mga_zone": "55"}}, {"type": "Feature", "geometry": {"type": "Point", "coordinates": [149.137403769, -37.741578882]}, "properties": {"id": 196, "name": "Peachtree Creek Reserve, Peach Tree Creek Reserve", "asset_desc": "Peachtree Camping", "park_name": "Peach Tree Creek Reserve", "park_id": 4236, "mga_zone": "55"}}, {"type": "Feature", "geometry": {"type": "Point", "coordinates": [148.03374017299996, -36.23320356200003]}, "properties": {"id": 197, "name": "Indigo Falls, Baranduda R.P.", "asset_desc": "Indi Bridge camping and picnic area", "park_name": "River Murray Reserve", "park_id": 3284, "mga_zone": "55"}}, {"type": "Feature", "geometry": {"type": "Point", "coordinates": [147.64150008000001, -37.86159699000001]}, "properties": {"id": 198, "name": "MacLeod Morass, Macleod Morass W.R.", "asset_desc": "Macleods Morass camping areas (x4)", "park_name": "Macleod Morass W.R.", "park_id": 3654, "mga_zone": "55"}}, {"type": "Feature", "geometry": {"type": "Point", "coordinates": [148.13509788, -37.82320100999999]}, "properties": {"id": 199, "name": "Trident Arm Picinc Area, Lake Tyers S.P.", "asset_desc": "Trident Arm Campsites", "park_name": "Lake Tyers S.P.", "park_id": 3419, "mga_zone": "55"}}, {"type": "Feature", "geometry": {"type": "Point", "coordinates": [148.13195687999996, -36.53806202999999]}, "properties": {"id": 200, "name": "Dogmans Hut & Camping Area, Alpine National Park", "asset_desc": "Dogmans Hut Campground", "park_name": "Alpine National Park", "park_id": 3319, "mga_zone": "55"}}, {"type": "Feature", "geometry": {"type": "Point", "coordinates": [148.12478464000003, -36.48633142900002]}, "properties": {"id": 201, "name": "", "asset_desc": "Stony Creek camping and picnic area", "park_name": "Alpine National Park", "park_id": 3319, "mga_zone": "55"}}, {"type": "Feature", "geometry": {"type": "Point", "coordinates": [141.33400487999995, -36.56739699000002]}, "properties": {"id": 202, "name": "Broughtons Waterhole, Little Desert National Park", "asset_desc": "Campsites", "park_name": "Little Desert National Park", "park_id": 3298, "mga_zone": "54"}}, {"type": "Feature", "geometry": {"type": "Point", "coordinates": [146.34783503999995, -37.19090898000002]}, "properties": {"id": 203, "name": "Davons Flat, Howqua Hills H.A", "asset_desc": "Davons Flat Campground and DVA", "park_name": "Howqua Hills H.A", "park_id": 2923, "mga_zone": "55"}}, {"type": "Feature", "geometry": {"type": "Point", "coordinates": [146.84590188000004, -38.20851701999999]}, "properties": {"id": 204, "name": "Harrier Swamp, Holey Plains State Park", "asset_desc": "Harrier Swamp Campground", "park_name": "Holey Plains State Park", "park_id": 3334, "mga_zone": "55"}}, {"type": "Feature", "geometry": {"type": "Point", "coordinates": [141.19038042800003, -38.05239964399999]}, "properties": {"id": 205, "name": "Skipworth Springs, Lower Glenelg National Park", "asset_desc": "Skipworth Springs", "park_name": "Lower Glenelg National Park", "park_id": 3300, "mga_zone": "54"}}, {"type": "Feature", "geometry": {"type": "Point", "coordinates": [148.37244328199995, -37.12164179400003]}, "properties": {"id": 206, "name": "Little River Junction, Snowy River National Park", "asset_desc": "Little River Junction Camp Ground", "park_name": "Snowy River National Park", "park_id": 3313, "mga_zone": "55"}}, {"type": "Feature", "geometry": {"type": "Point", "coordinates": [141.26610768199998, -38.030135168000015]}, "properties": {"id": 207, "name": "Pines Landing, Lower Glenelg National Park", "asset_desc": "Pines Landing Canoe Camp", "park_name": "Lower Glenelg National Park", "park_id": 3300, "mga_zone": "54"}}, {"type": "Feature", "geometry": {"type": "Point", "coordinates": [148.82767708999995, -37.195828817000006]}, "properties": {"id": 208, "name": "_Not Attached to a Site", "asset_desc": "Delegate River Campground", "park_name": "Delegate River SS.R.", "park_id": 2959, "mga_zone": "55"}}, {"type": "Feature", "geometry": {"type": "Point", "coordinates": [141.26860035200002, -38.054346924000015]}, "properties": {"id": 209, "name": "Moleside, Lower Glenelg National Park", "asset_desc": "Moleside Canoe & Walkers Camp", "park_name": "Lower Glenelg National Park", "park_id": 3300, "mga_zone": "54"}}, {"type": "Feature", "geometry": {"type": "Point", "coordinates": [142.48480529999995, -37.18004622299998]}, "properties": {"id": 210, "name": "", "asset_desc": "Unnamed campground alength Stony Creek Rd", "park_name": "Grampians National Park", "park_id": 3316, "mga_zone": "54"}}, {"type": "Feature", "geometry": {"type": "Point", "coordinates": [145.80563337, -35.982970008999985]}, "properties": {"id": 211, "name": "Bourkes Bend, Proposed Murray River Park (part)", "asset_desc": "Camp Ground - Dead River Bend at - Bourkes Bend,  River Murray Reserve", "park_name": "River Murray Reserve", "park_id": 3284, "mga_zone": "55"}}, {"type": "Feature", "geometry": {"type": "Point", "coordinates": [145.76776280499996, -35.963817070999994]}, "properties": {"id": 212, "name": "Cobrawonga Island, River Murray Reserve", "asset_desc": "Camping Grounds - Cobrawonga Island No. 2 at River Murray Reserve", "park_name": "River Murray Reserve", "park_id": 3284, "mga_zone": "55"}}, {"type": "Feature", "geometry": {"type": "Point", "coordinates": [142.46799200400005, -37.01410149200001]}, "properties": {"id": 213, "name": "", "asset_desc": "Long Point East Camp.", "park_name": "Grampians National Park", "park_id": 3316, "mga_zone": "54"}}, {"type": "Feature", "geometry": {"type": "Point", "coordinates": [148.74498541100002, -37.79670093599998]}, "properties": {"id": 214, "name": "Banksia Bluff Campground, Cape Conran Coastal Park", "asset_desc": "Banksia Bluff (sites 56-75) Camping Area", "park_name": "Cape Conran Coastal Park", "park_id": 3359, "mga_zone": "55"}}, {"type": "Feature", "geometry": {"type": "Point", "coordinates": [143.36999829800004, -38.757780707999984]}, "properties": {"id": 215, "name": "", "asset_desc": "GOW Johanna Hike-in Campsite - Camp pad no. 3", "park_name": "Great Otway National Park", "park_id": 4710, "mga_zone": "54"}}, {"type": "Feature", "geometry": {"type": "Point", "coordinates": [143.27805982200005, -38.759726838999995]}, "properties": {"id": 216, "name": "", "asset_desc": "GOW Ryans Den Hike-in Campsite - Camp pad no. 3", "park_name": "Great Otway National Park", "park_id": 4710, "mga_zone": "54"}}, {"type": "Feature", "geometry": {"type": "Point", "coordinates": [143.61305616799996, -38.79111293300002]}, "properties": {"id": 217, "name": "", "asset_desc": "GOW Elliot Ridge Hike-in Campsite - Camp pad no. 7", "park_name": "Great Otway National Park", "park_id": 4710, "mga_zone": "54"}}, {"type": "Feature", "geometry": {"type": "Point", "coordinates": [147.18307238800003, -36.94872548799998]}, "properties": {"id": 218, "name": "Dibbin Hut Camping Area, Alpine National Park", "asset_desc": "Tent platform - 1 at Falls to Hotham Apline Crossing Dibbins Hut Camping Area with 3.7m x 3m steel structure with FRP grating deck", "park_name": "Alpine National Park", "park_id": 3319, "mga_zone": "55"}}, {"type": "Feature", "geometry": {"type": "Point", "coordinates": [143.61276958099995, -38.790831035999986]}, "properties": {"id": 219, "name": "", "asset_desc": "GOW Elliot Ridge Hike-in Campsite - Camp pad no. 1", "park_name": "Great Otway National Park", "park_id": 4710, "mga_zone": "54"}}, {"type": "Feature", "geometry": {"type": "Point", "coordinates": [147.18307238800003, -36.94872548799998]}, "properties": {"id": 220, "name": "Dibbin Hut Camping Area, Alpine National Park", "asset_desc": "Tent platform - 2 at Falls to Hotham Alpine Crossing Dibbins Hut camping area with 3.7m x 3m steel structure with FRP grating deck", "park_name": "Alpine National Park", "park_id": 3319, "mga_zone": "55"}}, {"type": "Feature", "geometry": {"type": "Point", "coordinates": [148.08800304, -36.89880299999999]}, "properties": {"id": 221, "name": "Native Dog Flat, Alpine National Park", "asset_desc": "Native Dog Flat Campground / Picnic Area", "park_name": "Alpine National Park", "park_id": 3319, "mga_zone": "55"}}, {"type": "Feature", "geometry": {"type": "Point", "coordinates": [148.16391192000003, -37.49498397000002]}, "properties": {"id": 222, "name": "", "asset_desc": "Buchan Caves Central Campground", "park_name": "Buchan (AT) Cave Reserve", "park_id": 5040, "mga_zone": "55"}}, {"type": "Feature", "geometry": {"type": "Point", "coordinates": [148.10494391999998, -36.77754096000001]}, "properties": {"id": 223, "name": "The Poplars Camping Area, Alpine National Park", "asset_desc": "The Poplars Camping Area", "park_name": "Alpine National Park", "park_id": 3319, "mga_zone": "55"}}, {"type": "Feature", "geometry": {"type": "Point", "coordinates": [141.71567291999997, -35.03888198999999]}, "properties": {"id": 224, "name": "Pink Lakes - Lake Becking campground, Murray - Sunset National Park", "asset_desc": "Designated Sites, Lake Becking", "park_name": "Murray - Sunset National Park", "park_id": 3320, "mga_zone": "54"}}, {"type": "Feature", "geometry": {"type": "Point", "coordinates": [141.70561704, -34.90959699000001]}, "properties": {"id": 225, "name": "Mt. Crozier Campground, Murray - Sunset National Park", "asset_desc": "Designated Site, Mt Crozier Camping area - Murray-Sunset NP", "park_name": "Murray - Sunset National Park", "park_id": 3320, "mga_zone": "54"}}, {"type": "Feature", "geometry": {"type": "Point", "coordinates": [142.50352499999997, -37.371609990000024]}, "properties": {"id": 226, "name": "Jimmy Creek Campground, Grampians National Park", "asset_desc": "Designated sites at Jimmy Creek", "park_name": "Grampians National Park", "park_id": 3316, "mga_zone": "54"}}, {"type": "Feature", "geometry": {"type": "Point", "coordinates": [147.22373015999995, -37.02527801999997]}, "properties": {"id": 227, "name": "JB Plain Hut and Camping Area, Alpine National Park", "asset_desc": "JB Plain Hut Camping Area", "park_name": "Alpine National Park", "park_id": 3319, "mga_zone": "55"}}, {"type": "Feature", "geometry": {"type": "Point", "coordinates": [147.25322315999995, -36.76469795999998]}, "properties": {"id": 228, "name": "Bogong Creek Huts (2), Alpine National Park", "asset_desc": "Bogong Creek Huts Camping Area", "park_name": "Alpine National Park", "park_id": 3319, "mga_zone": "55"}}, {"type": "Feature", "geometry": {"type": "Point", "coordinates": [146.34332784000003, -37.19751803999998]}, "properties": {"id": 229, "name": "Blackbird Flat, Howqua Hills H.A", "asset_desc": "Blackbird Flat Campground", "park_name": "Howqua Hills H.A", "park_id": 2923, "mga_zone": "55"}}, {"type": "Feature", "geometry": {"type": "Point", "coordinates": [143.93045700000005, -37.44410499000003]}, "properties": {"id": 230, "name": "Eatons Dam, Creswick R.P.", "asset_desc": "Eatons Dam Camping Grounds", "park_name": "Creswick R.P.", "park_id": 3220, "mga_zone": "54"}}, {"type": "Feature", "geometry": {"type": "Point", "coordinates": [144.74352311999996, -36.851855039999975]}, "properties": {"id": 231, "name": "Dargile, Heathcote-Graytown National Park", "asset_desc": "Campground - Dargile camp area Heathcote-Graytown NP", "park_name": "Heathcote-Graytown National Park", "park_id": 4493, "mga_zone": "55"}}, {"type": "Feature", "geometry": {"type": "Point", "coordinates": [148.91610346200002, -37.78088388200001]}, "properties": {"id": 232, "name": "Gunnia Beach, Cape Conran Coastal Park", "asset_desc": "Gunnia Beach - Campground", "park_name": "Cape Conran Coastal Park", "park_id": 3359, "mga_zone": "55"}}, {"type": "Feature", "geometry": {"type": "Point", "coordinates": [146.621853, -37.55490596999999]}, "properties": {"id": 233, "name": "", "asset_desc": "Wellington River Camp Campground 2 Boobook.", "park_name": "Alpine National Park", "park_id": 3319, "mga_zone": "55"}}, {"type": "Feature", "geometry": {"type": "Point", "coordinates": [141.46594538399995, -36.81193231999998]}, "properties": {"id": 234, "name": "Lake Ratzcastle Lake Reserve, Lake Ratzcastle L.R.", "asset_desc": "Lake Ratzcastle camping area", "park_name": "Lake Ratzcastle L.R.", "park_id": 3095, "mga_zone": "54"}}, {"type": "Feature", "geometry": {"type": "Point", "coordinates": [140.96971908, -34.70543397]}, "properties": {"id": 235, "name": "Border campground, Murray - Sunset National Park", "asset_desc": "Camping Grounds, Designated Sites, Pheenys Track, Border Campground MSNP", "park_name": "Murray - Sunset National Park", "park_id": 3320, "mga_zone": "54"}}, {"type": "Feature", "geometry": {"type": "Point", "coordinates": [148.04305183099996, -36.36852863299998]}, "properties": {"id": 236, "name": "", "asset_desc": "Hairpin Bend camping and picnic area", "park_name": "Alpine National Park", "park_id": 3319, "mga_zone": "55"}}, {"type": "Feature", "geometry": {"type": "Point", "coordinates": [147.86138148700002, -36.14784106500002]}, "properties": {"id": 237, "name": "_Not Attached to a Site", "asset_desc": "Mt Mittamatite Summit picnic area", "park_name": "Mount Mitta Mitta F.R.", "park_id": 206, "mga_zone": "55"}}, {"type": "Feature", "geometry": {"type": "Point", "coordinates": [143.20471740100004, -38.74389730299998]}, "properties": {"id": 238, "name": "", "asset_desc": "GOW Devils Kitchen - Camp pad no. 1", "park_name": "Great Otway National Park", "park_id": 4710, "mga_zone": "54"}}, {"type": "Feature", "geometry": {"type": "Point", "coordinates": [143.58312792000004, -38.828160000000025]}, "properties": {"id": 239, "name": "_Not Attached to a Site", "asset_desc": "blanket Bay Camping Area", "park_name": "Great Otway National Park", "park_id": 4710, "mga_zone": "54"}}, {"type": "Feature", "geometry": {"type": "Point", "coordinates": [146.48276406900004, -38.89280254099998]}, "properties": {"id": 240, "name": "Johnny Souey Cove, Wilsons Promontory Marine Park", "asset_desc": "Johnny Souey Campground", "park_name": "Wilsons Promontory National Park", "park_id": 3308, "mga_zone": "55"}}, {"type": "Feature", "geometry": {"type": "Point", "coordinates": [146.38637988000005, -39.11568804000001]}, "properties": {"id": 241, "name": "Roaring Meg, Wilsons Promontory National Park", "asset_desc": "Roaring Meg Campground", "park_name": "Wilsons Promontory National Park", "park_id": 3308, "mga_zone": "55"}}, {"type": "Feature", "geometry": {"type": "Point", "coordinates": [146.06341992, -36.824877990000005]}, "properties": {"id": 242, "name": "Samaria Well, Mount Samaria State Park", "asset_desc": "Samaria Well Camping Area", "park_name": "Mount Samaria State Park", "park_id": 3346, "mga_zone": "55"}}, {"type": "Feature", "geometry": {"type": "Point", "coordinates": [146.93846004, -38.231917020000026]}, "properties": {"id": 243, "name": "Holey Hill, Holey Plains State Park", "asset_desc": "Holey Hill Camping Area", "park_name": "Holey Plains State Park", "park_id": 3334, "mga_zone": "55"}}, {"type": "Feature", "geometry": {"type": "Point", "coordinates": [142.42378499999995, -37.10795796000002]}, "properties": {"id": 244, "name": "Smiths Mill Campground, Grampians National Park", "asset_desc": "Smiths Mill Campground", "park_name": "Grampians National Park", "park_id": 3316, "mga_zone": "54"}}, {"type": "Feature", "geometry": {"type": "Point", "coordinates": [147.32961695999995, -36.81228897]}, "properties": {"id": 245, "name": "Roper Hut Camping Area, Alpine National Park", "asset_desc": "Roper Hut Camping Area", "park_name": "Alpine National Park", "park_id": 3319, "mga_zone": "55"}}, {"type": "Feature", "geometry": {"type": "Point", "coordinates": [143.711595, -37.30876803000001]}, "properties": {"id": 246, "name": "Bracken Gully Picnic Area, Mount Beckworth S.R.", "asset_desc": "Bracken Gully Picnic Area", "park_name": "Mount Beckworth S.R.", "park_id": 2724, "mga_zone": "54"}}, {"type": "Feature", "geometry": {"type": "Point", "coordinates": [147.73451256700002, -36.13191758099998]}, "properties": {"id": 247, "name": "Ross Lookout, Burrowa - Pine Mountain National Park", "asset_desc": "Ross Lookout trailhead", "park_name": "Burrowa - Pine Mountain National Park", "park_id": 3310, "mga_zone": "55"}}, {"type": "Feature", "geometry": {"type": "Point", "coordinates": [141.047096066, -37.998377081]}, "properties": {"id": 248, "name": "Hutchessons, Lower Glenelg National Park", "asset_desc": "Hutchessons Camping Ground", "park_name": "Lower Glenelg National Park", "park_id": 3300, "mga_zone": "54"}}, {"type": "Feature", "geometry": {"type": "Point", "coordinates": [146.50316820399996, -38.72282458199999]}, "properties": {"id": 249, "name": "Snake Island, Nooramunga Marine & Coastal Park", "asset_desc": "The Swashway Campground (Snake Island)\r\nBush camping with limited facilities.", "park_name": "Nooramunga Marine & Coastal Park", "park_id": 3395, "mga_zone": "55"}}, {"type": "Feature", "geometry": {"type": "Point", "coordinates": [141.24612531399998, -38.038019856000005]}, "properties": {"id": 250, "name": "Wild Dog Bend, Lower Glenelg National Park", "asset_desc": "Wild Dog Bend Camp Area", "park_name": "Lower Glenelg National Park", "park_id": 3300, "mga_zone": "54"}}, {"type": "Feature", "geometry": {"type": "Point", "coordinates": [146.49209738900004, -38.76729468299999]}, "properties": {"id": 251, "name": "Snake Island, Nooramunga Marine & Coastal Park", "asset_desc": "The Huts Camping Area - Snake Island\r\n\r\nHut area has a number of huts. Ranger station, water tanks, stables, toiletsand storage sheds. Used by PV staff and cattlemans assoc.Campers use permitted on req.\r\nBush camping with limited facilities.", "park_name": "Nooramunga Marine & Coastal Park", "park_id": 3395, "mga_zone": "55"}}, {"type": "Feature", "geometry": {"type": "Point", "coordinates": [147.45133137899995, -36.05362044100002]}, "properties": {"id": 252, "name": "Mt Lawson Summit, Mount Lawson State Park", "asset_desc": "Mt Lawson Summit picnic area", "park_name": "Mount Lawson State Park", "park_id": 3344, "mga_zone": "55"}}, {"type": "Feature", "geometry": {"type": "Point", "coordinates": [147.76773721300003, -36.08573002100002]}, "properties": {"id": 253, "name": "Hinces Creek, Burrowa - Pine Mountain National Park", "asset_desc": "Hinces Creek camping and picnic area", "park_name": "Burrowa - Pine Mountain National Park", "park_id": 3310, "mga_zone": "55"}}, {"type": "Feature", "geometry": {"type": "Point", "coordinates": [143.58221167399995, -38.82639618799999]}, "properties": {"id": 254, "name": "Blanket Bay, Great Otway National Park", "asset_desc": "GOW Blanket Bay Hike-in Campsite - Camp pad no. 7 w 3 stone steps", "park_name": "Great Otway National Park", "park_id": 4710, "mga_zone": "54"}}, {"type": "Feature", "geometry": {"type": "Point", "coordinates": [143.47610613799998, -38.801395001]}, "properties": {"id": 255, "name": "", "asset_desc": "GOW Aire River Hike-in campsite - Camp pad no. 4", "park_name": "Great Otway National Park", "park_id": 4710, "mga_zone": "54"}}, {"type": "Feature", "geometry": {"type": "Point", "coordinates": [143.277498348, -38.75944045]}, "properties": {"id": 256, "name": "", "asset_desc": "GOW Ryans Den Hike-in Campsite - Camp pad no. 2", "park_name": "Great Otway National Park", "park_id": 4710, "mga_zone": "54"}}, {"type": "Feature", "geometry": {"type": "Point", "coordinates": [143.20471130400006, -38.744447046000005]}, "properties": {"id": 257, "name": "", "asset_desc": "GOW Devils Kitchen - Camp pad no. 8", "park_name": "Great Otway National Park", "park_id": 4710, "mga_zone": "54"}}, {"type": "Feature", "geometry": {"type": "Point", "coordinates": [145.976932714, -36.011293111999976]}, "properties": {"id": 258, "name": "The Common, Yarrawonga R.P", "asset_desc": "The gulf camping area. Eight picnic tables. Two steel post and cable fences. Two large signs. Six small signs.", "park_name": "Yarrawonga R.P", "park_id": 3236, "mga_zone": "55"}}, {"type": "Feature", "geometry": {"type": "Point", "coordinates": [145.89231293600005, -35.95487104699998]}, "properties": {"id": 259, "name": "Nevins Bend, River Murray Reserve", "asset_desc": "Nevins Bend East Camping ground - RMR", "park_name": "River Murray Reserve", "park_id": 3284, "mga_zone": "55"}}, {"type": "Feature", "geometry": {"type": "Point", "coordinates": [140.99073030199997, -37.986849619]}, "properties": {"id": 260, "name": "Princess Margaret Rose Caves, Lower Glenelg National Park", "asset_desc": "19 Camp sites & Van Sites at PMR Cave", "park_name": "Lower Glenelg National Park", "park_id": 3300, "mga_zone": "54"}}, {"type": "Feature", "geometry": {"type": "Point", "coordinates": [142.453726168, -37.01457457700002]}, "properties": {"id": 261, "name": "", "asset_desc": "Long Point West Campsite", "park_name": "Grampians National Park", "park_id": 3316, "mga_zone": "54"}}, {"type": "Feature", "geometry": {"type": "Point", "coordinates": [147.29298410900003, -36.907939915999975]}, "properties": {"id": 262, "name": "Cope Hut, Alpine National Park", "asset_desc": "Tent platform - 2 Falls to Hotham Alpine Crossing Cope Hut with 3.7m x 3m steel structure with FRP grating deck", "park_name": "Alpine National Park", "park_id": 3319, "mga_zone": "55"}}, {"type": "Feature", "geometry": {"type": "Point", "coordinates": [143.37055312799998, -38.757508159999986]}, "properties": {"id": 263, "name": "", "asset_desc": "GOW Johanna Hike-in Campsite - Camp pad no. 5", "park_name": "Great Otway National Park", "park_id": 4710, "mga_zone": "54"}}, {"type": "Feature", "geometry": {"type": "Point", "coordinates": [148.747897673, -37.79545913599998]}, "properties": {"id": 264, "name": "Banksia Bluff Campground, Cape Conran Coastal Park", "asset_desc": "Banksia Bluff (sites 1-29) Camping Area", "park_name": "Cape Conran Coastal Park", "park_id": 3359, "mga_zone": "55"}}, {"type": "Feature", "geometry": {"type": "Point", "coordinates": [147.914523466, -36.02393521900001]}, "properties": {"id": 265, "name": "Clarkes Lagoon Visitor Area, River Murray Reserve", "asset_desc": "Clarke Lagoon camping and picnic area.", "park_name": "River Murray Reserve", "park_id": 3284, "mga_zone": "55"}}, {"type": "Feature", "geometry": {"type": "Point", "coordinates": [143.47582785199995, -38.80167119700002]}, "properties": {"id": 266, "name": "", "asset_desc": "GOW Aire River Hike-in campsite - Camp pad no. 3", "park_name": "Great Otway National Park", "park_id": 4710, "mga_zone": "54"}}, {"type": "Feature", "geometry": {"type": "Point", "coordinates": [143.20471130400006, -38.744447046000005]}, "properties": {"id": 267, "name": "", "asset_desc": "GOW Devils Kitchen - Camp pad no. 6", "park_name": "Great Otway National Park", "park_id": 4710, "mga_zone": "54"}}, {"type": "Feature", "geometry": {"type": "Point", "coordinates": [141.99616140399996, -35.44590620299999]}, "properties": {"id": 268, "name": "Casuarina Campground, Wyperfeld National Park", "asset_desc": "Designated Sites, Casuarina Campground", "park_name": "Wyperfeld National Park", "park_id": 3309, "mga_zone": "54"}}, {"type": "Feature", "geometry": {"type": "Point", "coordinates": [146.58987148699998, -36.12838270499998]}, "properties": {"id": 269, "name": "", "asset_desc": "Camping Ground - Tuan Camping Area - Chiltern Mt Pilot National Park", "park_name": "Chiltern-Mt Pilot National Park", "park_id": 3314, "mga_zone": "55"}}, {"type": "Feature", "geometry": {"type": "Point", "coordinates": [148.10868982800002, -37.84615963099998]}, "properties": {"id": 270, "name": "_Not Attached to a Site", "asset_desc": "Campground at The Glasshouse -  Lake Tyers S.P.", "park_name": "Lake Tyers S.P.", "park_id": 3419, "mga_zone": "55"}}, {"type": "Feature", "geometry": {"type": "Point", "coordinates": [148.09661387999995, -37.02979700999998]}, "properties": {"id": 271, "name": "", "asset_desc": "Camping", "park_name": "Alpine National Park", "park_id": 3319, "mga_zone": "55"}}, {"type": "Feature", "geometry": {"type": "Point", "coordinates": [147.26533715999994, -37.13778998999999]}, "properties": {"id": 272, "name": "Christie Orourkes, Alpine National Park", "asset_desc": "Christie O'Rourkes Camping Area", "park_name": "Alpine National Park", "park_id": 3319, "mga_zone": "55"}}, {"type": "Feature", "geometry": {"type": "Point", "coordinates": [147.47399891999999, -36.94150196999999]}, "properties": {"id": 273, "name": "The Joker Camping Area, Alpine National Park", "asset_desc": "Joker Flat Camping Area", "park_name": "Alpine National Park", "park_id": 3319, "mga_zone": "55"}}, {"type": "Feature", "geometry": {"type": "Point", "coordinates": [142.51495788, -37.05907401000002]}, "properties": {"id": 274, "name": "Plantation Campground, Mount Difficult Plantation Campground", "asset_desc": "Plantation Campground designated sites", "park_name": "Mount Difficult Plantation Campground", "park_id": 4796, "mga_zone": "54"}}, {"type": "Feature", "geometry": {"type": "Point", "coordinates": [141.94613484, -34.592138009999985]}, "properties": {"id": 275, "name": "Henschke Track campground, Murray - Sunset National Park", "asset_desc": "Camping Grounds, Designated Sites, Henschke Track campground at Murray Sunset National Park.", "park_name": "Murray - Sunset National Park", "park_id": 3320, "mga_zone": "54"}}, {"type": "Feature", "geometry": {"type": "Point", "coordinates": [147.06700092000005, -38.479401989999985]}, "properties": {"id": 276, "name": "McGaurans Beach, McLoughlins Beach - Seaspray Coastal Reserve", "asset_desc": "McGaurans Beach Camping Area", "park_name": "McLoughlins Beach - Seaspray Coastal Reserve", "park_id": 3197, "mga_zone": "55"}}, {"type": "Feature", "geometry": {"type": "Point", "coordinates": [148.16299103999995, -37.49248700999999]}, "properties": {"id": 277, "name": "Buchan, Work Centre, Buchan (AT) Cave Reserve", "asset_desc": "North Arm Campground", "park_name": "Buchan (AT) Cave Reserve", "park_id": 5040, "mga_zone": "55"}}, {"type": "Feature", "geometry": {"type": "Point", "coordinates": [147.66400008000005, -36.80499699000001]}, "properties": {"id": 278, "name": "Kennedy Hut & Camping Area, Alpine National Park", "asset_desc": "Kennedy's Hut Campground", "park_name": "Alpine National Park", "park_id": 3319, "mga_zone": "55"}}, {"type": "Feature", "geometry": {"type": "Point", "coordinates": [148.05101088000004, -36.85465998000001]}, "properties": {"id": 279, "name": "Limestone Creek Camp Area, Alpine National Park", "asset_desc": "Limestone Creek Campground", "park_name": "Alpine National Park", "park_id": 3319, "mga_zone": "55"}}, {"type": "Feature", "geometry": {"type": "Point", "coordinates": [145.85747605799997, -37.140332633000014]}, "properties": {"id": 280, "name": "Mountaineer Creek Camping Area, Lake Eildon National Park", "asset_desc": "Mountineer CK Camping (Boat Based), LENP", "park_name": "Lake Eildon National Park", "park_id": 3294, "mga_zone": "55"}}, {"type": "Feature", "geometry": {"type": "Point", "coordinates": [146.38435812, -37.924970040000005]}, "properties": {"id": 281, "name": "Eastern Tyers, Baw Baw National Park", "asset_desc": "Eastern Tyers Campground", "park_name": "Baw Baw National Park", "park_id": 3312, "mga_zone": "55"}}, {"type": "Feature", "geometry": {"type": "Point", "coordinates": [147.15467316000002, -37.343588039999986]}, "properties": {"id": 282, "name": "Grant Historic Township, Grant H.A.", "asset_desc": "Grant Campground", "park_name": "Grant H.A.", "park_id": 2924, "mga_zone": "55"}}, {"type": "Feature", "geometry": {"type": "Point", "coordinates": [145.75945895999996, -37.37863700999998]}, "properties": {"id": 283, "name": "Cooks Mill, Cathedral Range State Park", "asset_desc": "Camping Ground, Cooks Mill, CRSP", "park_name": "Cathedral Range State Park", "park_id": 3332, "mga_zone": "55"}}, {"type": "Feature", "geometry": {"type": "Point", "coordinates": [148.42599912000003, -37.08199898999999]}, "properties": {"id": 284, "name": "Bull Flat, Snowy River National Park", "asset_desc": "Bull Flat Camp Ground", "park_name": "Snowy River National Park", "park_id": 3313, "mga_zone": "55"}}, {"type": "Feature", "geometry": {"type": "Point", "coordinates": [143.90404595999996, -37.46279700000002]}, "properties": {"id": 285, "name": "Slatey Creek Picnic Area No 1, Creswick R.P.", "asset_desc": "Slatey Creek Picnic Area No 1", "park_name": "Creswick R.P.", "park_id": 3220, "mga_zone": "54"}}, {"type": "Feature", "geometry": {"type": "Point", "coordinates": [143.90500608000002, -37.465981020000015]}, "properties": {"id": 286, "name": "Slatey Creek Picnic Area No 2, Creswick R.P.", "asset_desc": "Slaty Creek Picnic Area", "park_name": "Creswick R.P.", "park_id": 3220, "mga_zone": "54"}}, {"type": "Feature", "geometry": {"type": "Point", "coordinates": [142.18889004000005, -37.104444]}, "properties": {"id": 287, "name": "", "asset_desc": "Cherrypool Camping Area", "park_name": "Cherrypool H.P.", "park_id": 3183, "mga_zone": "54"}}, {"type": "Feature", "geometry": {"type": "Point", "coordinates": [147.70957664900004, -35.92930518999998]}, "properties": {"id": 288, "name": "Jingelic Visitor Area, River Murray Reserve", "asset_desc": "Jingellic Bend camping and picnic area", "park_name": "River Murray Reserve", "park_id": 3284, "mga_zone": "55"}}, {"type": "Feature", "geometry": {"type": "Point", "coordinates": [143.61249220900004, -38.79111654100001]}, "properties": {"id": 289, "name": "", "asset_desc": "GOW Elliot Ridge Hike-in Campsite - Camp pad no. 3", "park_name": "Great Otway National Park", "park_id": 4710, "mga_zone": "54"}}, {"type": "Feature", "geometry": {"type": "Point", "coordinates": [143.51443242699997, -38.849724245999994]}, "properties": {"id": 290, "name": "", "asset_desc": "GOW Cape Otway Hike-in campsite - Camp pad no. 2", "park_name": "Great Otway National Park", "park_id": 4710, "mga_zone": "54"}}, {"type": "Feature", "geometry": {"type": "Point", "coordinates": [143.47610613799998, -38.801395001]}, "properties": {"id": 291, "name": "", "asset_desc": "GOW Aire River Hike-in campsite - Camp pad no. 7", "park_name": "Great Otway National Park", "park_id": 4710, "mga_zone": "54"}}, {"type": "Feature", "geometry": {"type": "Point", "coordinates": [147.881502415, -36.147965107000005]}, "properties": {"id": 292, "name": "Embry Lookout, Mount Mitta Mitta R.P", "asset_desc": "Embery Lookout picnic area", "park_name": "Mount Mitta Mitta R.P", "park_id": 3245, "mga_zone": "55"}}, {"type": "Feature", "geometry": {"type": "Point", "coordinates": [143.20471740100004, -38.74389730299998]}, "properties": {"id": 293, "name": "", "asset_desc": "GOW Devils Kitchen - Camp pad no. 3", "park_name": "Great Otway National Park", "park_id": 4710, "mga_zone": "54"}}, {"type": "Feature", "geometry": {"type": "Point", "coordinates": [145.89489888000003, -37.182267990000014]}, "properties": {"id": 294, "name": "Coopers Point Camping Area, Lake Eildon National Park", "asset_desc": "Coopers Point Camping (Boat Based)", "park_name": "Lake Eildon National Park", "park_id": 3294, "mga_zone": "55"}}, {"type": "Feature", "geometry": {"type": "Point", "coordinates": [147.16447200000005, -36.91684098000002]}, "properties": {"id": 295, "name": "Diamantina Horse Yards, Alpine National Park", "asset_desc": "Diamantina Horse Yards Camp", "park_name": "Alpine National Park", "park_id": 3319, "mga_zone": "55"}}, {"type": "Feature", "geometry": {"type": "Point", "coordinates": [143.80682795999996, -35.891093969999986]}, "properties": {"id": 296, "name": "South of Lake Meran, Leaghur State Park", "asset_desc": "Camp Ground", "park_name": "Leaghur State Park", "park_id": 3354, "mga_zone": "54"}}, {"type": "Feature", "geometry": {"type": "Point", "coordinates": [146.72773115999996, -36.75477599999999]}, "properties": {"id": 297, "name": "Rocky Creek Camping Area, Mount Buffalo National Park", "asset_desc": "Rocky Creek Campground", "park_name": "Mount Buffalo National Park", "park_id": 3303, "mga_zone": "55"}}, {"type": "Feature", "geometry": {"type": "Point", "coordinates": [145.69385795999995, -35.92772199000001]}, "properties": {"id": 298, "name": "Horse-shoe Bend, Cobram R.P", "asset_desc": "Horse-shoe Bend Camping", "park_name": "Cobram R.P", "park_id": 3235, "mga_zone": "55"}}, {"type": "Feature", "geometry": {"type": "Point", "coordinates": [143.48191249700005, -38.800163528999974]}, "properties": {"id": 299, "name": "Aire River (East), Great Otway National Park", "asset_desc": "Aire River (east) camping area", "park_name": "Great Otway National Park", "park_id": 4710, "mga_zone": "54"}}, {"type": "Feature", "geometry": {"type": "Point", "coordinates": [142.47558288000005, -37.43364797999999]}, "properties": {"id": 300, "name": "Wannon Crossing Campground, Grampians National Park", "asset_desc": "Campsites at Wannon Crossing", "park_name": "Grampians National Park", "park_id": 3316, "mga_zone": "54"}}, {"type": "Feature", "geometry": {"type": "Point", "coordinates": [149.42409011999996, -37.77510203999998]}, "properties": {"id": 301, "name": "", "asset_desc": "Petrel Point Camping", "park_name": "Croajingolong National Park", "park_id": 3311, "mga_zone": "55"}}, {"type": "Feature", "geometry": {"type": "Point", "coordinates": [147.305121299, -36.11475790100002]}, "properties": {"id": 302, "name": "", "asset_desc": "Cotton Tree Creek camping and picnic area", "park_name": "Mount Granya State Park", "park_id": 3355, "mga_zone": "55"}}, {"type": "Feature", "geometry": {"type": "Point", "coordinates": [149.49794422699995, -37.74084798400003]}, "properties": {"id": 303, "name": "Wingan Inlet, Croajingolong National Park", "asset_desc": "Wingan Campground", "park_name": "Croajingolong National Park", "park_id": 3311, "mga_zone": "55"}}, {"type": "Feature", "geometry": {"type": "Point", "coordinates": [146.34420483099996, -39.072142523000025]}, "properties": {"id": 304, "name": "", "asset_desc": "Oberon Bay Campground", "park_name": "Wilsons Promontory National Park", "park_id": 3308, "mga_zone": "55"}}, {"type": "Feature", "geometry": {"type": "Point", "coordinates": [147.05079911999997, -37.334663999999975]}, "properties": {"id": 305, "name": "Pioneer Racecourse, Alpine National Park", "asset_desc": "Pioneer Racecourse Camping Ground", "park_name": "Alpine National Park", "park_id": 3319, "mga_zone": "55"}}, {"type": "Feature", "geometry": {"type": "Point", "coordinates": [147.05647308000005, -37.37432303999998]}, "properties": {"id": 306, "name": "Bullock Flat Camping Area, Alpine National Park", "asset_desc": "Bullock Flat Campgrounds", "park_name": "Alpine National Park", "park_id": 3319, "mga_zone": "55"}}, {"type": "Feature", "geometry": {"type": "Point", "coordinates": [143.06356247899998, -38.63802456500002]}, "properties": {"id": 307, "name": "Sherbrook Guide Camp, Port Campbell National Park", "asset_desc": "Sherbrook River Guide House - House", "park_name": "Port Campbell National Park", "park_id": 3307, "mga_zone": "54"}}, {"type": "Feature", "geometry": {"type": "Point", "coordinates": [141.13866143300004, -38.03087728700001]}, "properties": {"id": 308, "name": "Forest Camp South, Lower Glenelg National Park", "asset_desc": "Forest Camp South", "park_name": "Lower Glenelg National Park", "park_id": 3300, "mga_zone": "54"}}, {"type": "Feature", "geometry": {"type": "Point", "coordinates": [143.95996246899995, -38.55021664999998]}, "properties": {"id": 309, "name": "Allenvale, Great Otway National Park", "asset_desc": "Allenvale camping Area", "park_name": "Great Otway National Park", "park_id": 4710, "mga_zone": "54"}}, {"type": "Feature", "geometry": {"type": "Point", "coordinates": [141.15480445000003, -38.034777727000005]}, "properties": {"id": 310, "name": "Red Gum Landing, Lower Glenelg National Park", "asset_desc": "Red Gum Camp Area", "park_name": "Lower Glenelg National Park", "park_id": 3300, "mga_zone": "54"}}, {"type": "Feature", "geometry": {"type": "Point", "coordinates": [148.36014753799998, -37.40729916700002]}, "properties": {"id": 311, "name": "Hicks, Snowy River National Park", "asset_desc": "Hicks Campground", "park_name": "Snowy River National Park", "park_id": 3313, "mga_zone": "55"}}, {"type": "Feature", "geometry": {"type": "Point", "coordinates": [145.94046191999996, -35.96707098000002]}, "properties": {"id": 312, "name": "Bruces Bend, Yarrawonga R.P", "asset_desc": "Visitor Facilities - Camping Ground - Zanettis Campground.", "park_name": "Yarrawonga R.P", "park_id": 3236, "mga_zone": "55"}}, {"type": "Feature", "geometry": {"type": "Point", "coordinates": [148.308078928, -37.48496708800002]}, "properties": {"id": 313, "name": "Raymond Creek Falls, Snowy River National Park", "asset_desc": "Raymond Ck Camp Ground", "park_name": "Snowy River National Park", "park_id": 3313, "mga_zone": "55"}}, {"type": "Feature", "geometry": {"type": "Point", "coordinates": [145.28113009799995, -38.341461494999976]}, "properties": {"id": 314, "name": "Fairhaven, French Island National Park", "asset_desc": "Fairhaven Camp Site", "park_name": "French Island National Park", "park_id": 3301, "mga_zone": "55"}}, {"type": "Feature", "geometry": {"type": "Point", "coordinates": [148.03466849400002, -36.240317498000024]}, "properties": {"id": 315, "name": "", "asset_desc": "Scubby Bend Reserve camping and picnic area", "park_name": "River Murray Reserve", "park_id": 3284, "mga_zone": "55"}}, {"type": "Feature", "geometry": {"type": "Point", "coordinates": [143.478124074, -38.702702805]}, "properties": {"id": 316, "name": "Aire Crossing, Great Otway National Park", "asset_desc": "Aire Crossing campground", "park_name": "Great Otway National Park", "park_id": 4710, "mga_zone": "54"}}, {"type": "Feature", "geometry": {"type": "Point", "coordinates": [143.47609678499998, -38.801124904000005]}, "properties": {"id": 317, "name": "", "asset_desc": "GOW Aire River Hike-in campsite - Camp pad no. 6", "park_name": "Great Otway National Park", "park_id": 4710, "mga_zone": "54"}}, {"type": "Feature", "geometry": {"type": "Point", "coordinates": [143.581936564, -38.826113964]}, "properties": {"id": 318, "name": "Blanket Bay, Great Otway National Park", "asset_desc": "GOW Blanket Bay Hike-in Campsite - Camp pad no. 4", "park_name": "Great Otway National Park", "park_id": 4710, "mga_zone": "54"}}, {"type": "Feature", "geometry": {"type": "Point", "coordinates": [143.581936564, -38.826113964]}, "properties": {"id": 319, "name": "Blanket Bay, Great Otway National Park", "asset_desc": "GOW Blanket Bay Hike-in Campsite - Camp pad no. 5", "park_name": "Great Otway National Park", "park_id": 4710, "mga_zone": "54"}}, {"type": "Feature", "geometry": {"type": "Point", "coordinates": [143.27805720000003, -38.760006205000025]}, "properties": {"id": 320, "name": "", "asset_desc": "GOW Ryans Den Hike-in Campsite - Camp pad no. 8", "park_name": "Great Otway National Park", "park_id": 4710, "mga_zone": "54"}}, {"type": "Feature", "geometry": {"type": "Point", "coordinates": [143.20499336600005, -38.743892096000025]}, "properties": {"id": 321, "name": "", "asset_desc": "GOW Devils Kitchen - Camp pad no. 4", "park_name": "Great Otway National Park", "park_id": 4710, "mga_zone": "54"}}, {"type": "Feature", "geometry": {"type": "Point", "coordinates": [143.51499688, -38.84972109500001]}, "properties": {"id": 322, "name": "", "asset_desc": "GOW Cape Otway Hike-in campsite -  Camp pad no. 8", "park_name": "Great Otway National Park", "park_id": 4710, "mga_zone": "54"}}, {"type": "Feature", "geometry": {"type": "Point", "coordinates": [143.20471740100004, -38.74389730299998]}, "properties": {"id": 323, "name": "", "asset_desc": "GOW Devils Kitchen - Camp pad no. 2", "park_name": "Great Otway National Park", "park_id": 4710, "mga_zone": "54"}}, {"type": "Feature", "geometry": {"type": "Point", "coordinates": [145.71822414300004, -35.951587227999994]}, "properties": {"id": 324, "name": "Horse-shoe Bend, Cobram R.P", "asset_desc": "Camp Ground - Cemetery Bend at Dicks Island, Proposed Murray River Park", "park_name": "Proposed Murray River Park (part)", "park_id": 4995, "mga_zone": "55"}}, {"type": "Feature", "geometry": {"type": "Point", "coordinates": [141.45327691499995, -35.020695580999984]}, "properties": {"id": 325, "name": "", "asset_desc": "Camping Grounds, Designated Site, Green Opal Mine in Murray-Sunset NP", "park_name": "Murray - Sunset National Park", "park_id": 3320, "mga_zone": "54"}}, {"type": "Feature", "geometry": {"type": "Point", "coordinates": [141.51165196700003, -34.95121035699998]}, "properties": {"id": 326, "name": "", "asset_desc": "Camping Grounds, Designated Sites, Sunset Tank Camping Area in Murray-Sunset NP", "park_name": "Murray - Sunset National Park", "park_id": 3320, "mga_zone": "54"}}, {"type": "Feature", "geometry": {"type": "Point", "coordinates": [147.45133137899995, -36.05362044100002]}, "properties": {"id": 327, "name": "", "asset_desc": "Mt Granya Summit - picnic area", "park_name": "Mount Lawson State Park", "park_id": 3344, "mga_zone": "55"}}, {"type": "Feature", "geometry": {"type": "Point", "coordinates": [148.67696016000002, -36.997577999999976]}, "properties": {"id": 328, "name": "Mount Tingaringy, Alpine National Park", "asset_desc": "Mount Tingaringy Campground", "park_name": "Alpine National Park", "park_id": 3319, "mga_zone": "55"}}, {"type": "Feature", "geometry": {"type": "Point", "coordinates": [148.32481608, -36.953916030000016]}, "properties": {"id": 329, "name": "Suggan Buggan (outside park area)", "asset_desc": "Suggan Buggan Camping Area", "park_name": "", "park_id": 0, "mga_zone": "55"}}, {"type": "Feature", "geometry": {"type": "Point", "coordinates": [142.53955884000004, -37.224819000000025]}, "properties": {"id": 330, "name": "Borough Huts Campground, Grampians National Park", "asset_desc": "Borough Huts Campground gravel camping pads", "park_name": "Grampians National Park", "park_id": 3316, "mga_zone": "54"}}, {"type": "Feature", "geometry": {"type": "Point", "coordinates": [144.92240891999995, -38.460301019999974]}, "properties": {"id": 331, "name": "Greens Bush, Mornington Peninsula National Park", "asset_desc": "Greens Bush - Highfield - Highfield Campground", "park_name": "Mornington Peninsula National Park", "park_id": 3290, "mga_zone": "55"}}, {"type": "Feature", "geometry": {"type": "Point", "coordinates": [146.44005300000003, -36.96645897000002]}, "properties": {"id": 332, "name": "Top Crossing, Alpine National Park", "asset_desc": "Top Crossing Campground", "park_name": "Alpine National Park", "park_id": 3319, "mga_zone": "55"}}, {"type": "Feature", "geometry": {"type": "Point", "coordinates": [145.75287816000002, -37.35589895999999]}, "properties": {"id": 333, "name": "Neds Gully Camping Area, Cathedral Range State Park", "asset_desc": "Neds Gully Camping Ground, CRSP", "park_name": "Cathedral Range State Park", "park_id": 3332, "mga_zone": "55"}}, {"type": "Feature", "geometry": {"type": "Point", "coordinates": [147.26533715999994, -37.13778998999999]}, "properties": {"id": 334, "name": "Gibbo River Camping Area, Alpine National Park", "asset_desc": "Gibbo River Camping Areas", "park_name": "Alpine National Park", "park_id": 3319, "mga_zone": "55"}}, {"type": "Feature", "geometry": {"type": "Point", "coordinates": [147.26533715999994, -37.13778998999999]}, "properties": {"id": 335, "name": "Surveyors Creek, Alpine National Park", "asset_desc": "Surveyors Creek camping and picnic area", "park_name": "Alpine National Park", "park_id": 3319, "mga_zone": "55"}}, {"type": "Feature", "geometry": {"type": "Point", "coordinates": [149.41300607999995, -37.76976000000002]}, "properties": {"id": 336, "name": "Gale Hill, Croajingolong National Park", "asset_desc": "Gale Hill Campground", "park_name": "Croajingolong National Park", "park_id": 3311, "mga_zone": "55"}}, {"type": "Feature", "geometry": {"type": "Point", "coordinates": [141.44640912, -37.94107401000002]}, "properties": {"id": 337, "name": "Hiscocks Camping Area, Crawford River R.P", "asset_desc": "Crawford River Camp Area", "park_name": "Crawford River R.P", "park_id": 3247, "mga_zone": "54"}}, {"type": "Feature", "geometry": {"type": "Point", "coordinates": [146.69788391999998, -37.22972697]}, "properties": {"id": 338, "name": "Howitt Hut*, Alpine National Park", "asset_desc": "Howitt Hut Campground", "park_name": "Alpine National Park", "park_id": 3319, "mga_zone": "55"}}, {"type": "Feature", "geometry": {"type": "Point", "coordinates": [148.05899783999996, -36.73095804000002]}, "properties": {"id": 339, "name": "Charlie Creek Hut & Camping Area, Alpine National Park", "asset_desc": "Charlie Creek Camping Area", "park_name": "Alpine National Park", "park_id": 3319, "mga_zone": "55"}}, {"type": "Feature", "geometry": {"type": "Point", "coordinates": [148.03995708000002, -36.36128996999997]}, "properties": {"id": 340, "name": "", "asset_desc": "Bunroy Creek camping and picnic area", "park_name": "River Murray Reserve", "park_id": 3284, "mga_zone": "55"}}, {"type": "Feature", "geometry": {"type": "Point", "coordinates": [146.35275695999997, -37.30445702999998]}, "properties": {"id": 341, "name": "Mitchell Flat Picnic Area, Alpine National Park", "asset_desc": "Mitchell Flat Campground and DVA", "park_name": "Alpine National Park", "park_id": 3319, "mga_zone": "55"}}, {"type": "Feature", "geometry": {"type": "Point", "coordinates": [146.56133411999997, -37.17548604000001]}, "properties": {"id": 342, "name": "Upper Howqua Picnic Area, Alpine National Park", "asset_desc": "Upper Howqua Campground", "park_name": "Alpine National Park", "park_id": 3319, "mga_zone": "55"}}, {"type": "Feature", "geometry": {"type": "Point", "coordinates": [147.52577777299996, -35.98714111800001]}, "properties": {"id": 343, "name": "Burrowye Reserve Campground, River Murray Reserve", "asset_desc": "Burrowye Bend camping and picnic area", "park_name": "River Murray Reserve", "park_id": 3284, "mga_zone": "55"}}, {"type": "Feature", "geometry": {"type": "Point", "coordinates": [143.51443242699997, -38.849724245999994]}, "properties": {"id": 344, "name": "", "asset_desc": "GOW Cape Otway Hike-in campsite -  Camp pad no. 1", "park_name": "Great Otway National Park", "park_id": 4710, "mga_zone": "54"}}, {"type": "Feature", "geometry": {"type": "Point", "coordinates": [143.36999633300002, -38.758069069999976]}, "properties": {"id": 345, "name": "", "asset_desc": "GOW Johanna Hike-in Campsite - Camp pad no. 2", "park_name": "Great Otway National Park", "park_id": 4710, "mga_zone": "54"}}, {"type": "Feature", "geometry": {"type": "Point", "coordinates": [149.30597719499997, -37.77918576500002]}, "properties": {"id": 346, "name": "Thurra River, Croajingolong National Park", "asset_desc": "Thurra Campground", "park_name": "Croajingolong National Park", "park_id": 3311, "mga_zone": "55"}}, {"type": "Feature", "geometry": {"type": "Point", "coordinates": [147.25222596000003, -36.699884010000005]}, "properties": {"id": 347, "name": "Mountain Creek Picnic Area and Camping Area, Alpine National Park", "asset_desc": "Mountain Creek Campground", "park_name": "Alpine National Park", "park_id": 3319, "mga_zone": "55"}}, {"type": "Feature", "geometry": {"type": "Point", "coordinates": [143.37869111999998, -38.761397009999996]}, "properties": {"id": 348, "name": "_Not Attached to a Site", "asset_desc": "Johanna Beach", "park_name": "Great Otway National Park", "park_id": 4710, "mga_zone": "54"}}, {"type": "Feature", "geometry": {"type": "Point", "coordinates": [145.67533091999996, -35.928691019999974]}, "properties": {"id": 349, "name": "Scotts Beach, Cobram R.P", "asset_desc": "Scotts Beach Camping", "park_name": "Cobram R.P", "park_id": 3235, "mga_zone": "55"}}, {"type": "Feature", "geometry": {"type": "Point", "coordinates": [145.55370203999996, -35.826948000000016]}, "properties": {"id": 350, "name": "Eastern Section, Tocumwal R.P", "asset_desc": "Eastern Section Camping", "park_name": "Tocumwal R.P", "park_id": 3234, "mga_zone": "55"}}, {"type": "Feature", "geometry": {"type": "Point", "coordinates": [142.38312408000002, -36.92379402]}, "properties": {"id": 351, "name": "Stapylton Campground, Grampians National Park", "asset_desc": "Stapylton Campground", "park_name": "Grampians National Park", "park_id": 3316, "mga_zone": "54"}}, {"type": "Feature", "geometry": {"type": "Point", "coordinates": [147.23761765100005, -36.279896700999984]}, "properties": {"id": 352, "name": "", "asset_desc": "Pigs Point camping and picnic area\r\nSite Name - Pigs Point, Mitta Mitta River K26", "park_name": "Mitta Mitta River K26 SS.R.", "park_id": 3020, "mga_zone": "55"}}, {"type": "Feature", "geometry": {"type": "Point", "coordinates": [148.02849082700004, -36.227479104999986]}, "properties": {"id": 353, "name": "", "asset_desc": "McIntoshs Bend camping and picnic area", "park_name": "River Murray Reserve", "park_id": 3284, "mga_zone": "55"}}, {"type": "Feature", "geometry": {"type": "Point", "coordinates": [146.34552887999996, -37.197017010000025]}, "properties": {"id": 354, "name": "Sheepyard Flat, Howqua Hills H.A", "asset_desc": "Sheepyard Flat Campground and DVA", "park_name": "Howqua Hills H.A", "park_id": 2923, "mga_zone": "55"}}, {"type": "Feature", "geometry": {"type": "Point", "coordinates": [145.90676561700002, -35.96339700200002]}, "properties": {"id": 355, "name": "Bruces Bend, Yarrawonga R.P", "asset_desc": "Visitor Facilities - Camping Ground - Sharps Beach", "park_name": "River Murray Reserve", "park_id": 3284, "mga_zone": "55"}}, {"type": "Feature", "geometry": {"type": "Point", "coordinates": [147.59798076100003, -35.977787147000015]}, "properties": {"id": 356, "name": "", "asset_desc": "Pump Reserve camping and picnic area", "park_name": "River Murray Reserve", "park_id": 3284, "mga_zone": "55"}}, {"type": "Feature", "geometry": {"type": "Point", "coordinates": [143.93266988699997, -38.475116723999975]}, "properties": {"id": 357, "name": "_Not Attached to a Site", "asset_desc": "Big Hill Camping Area", "park_name": "Great Otway National Park", "park_id": 4710, "mga_zone": "54"}}, {"type": "Feature", "geometry": {"type": "Point", "coordinates": [147.81572674999995, -35.97875827799999]}, "properties": {"id": 358, "name": "", "asset_desc": "Neils Cutting picnic area", "park_name": "River Murray Reserve", "park_id": 3284, "mga_zone": "55"}}, {"type": "Feature", "geometry": {"type": "Point", "coordinates": [141.140106609, -38.02985712200001]}, "properties": {"id": 359, "name": "Forest Camp North, Lower Glenelg National Park", "asset_desc": "Forest Camp North", "park_name": "Lower Glenelg National Park", "park_id": 3300, "mga_zone": "54"}}, {"type": "Feature", "geometry": {"type": "Point", "coordinates": [147.420281252, -35.95618169699998]}, "properties": {"id": 360, "name": "_Not Attached to a Site", "asset_desc": "The Kurrajongs camping and picnic area", "park_name": "Mount Lawson State Park", "park_id": 3344, "mga_zone": "55"}}, {"type": "Feature", "geometry": {"type": "Point", "coordinates": [145.03309715900002, -36.64699238200001]}, "properties": {"id": 361, "name": "_Not Attached to a Site", "asset_desc": "Camp Ground", "park_name": "Whroo H.A.", "park_id": 2639, "mga_zone": "55"}}, {"type": "Feature", "geometry": {"type": "Point", "coordinates": [147.35349489199996, -37.64971419400001]}, "properties": {"id": 362, "name": "Jerguson Point, Mitchell River National Park", "asset_desc": "Jerguson Point camping area", "park_name": "Mitchell River National Park", "park_id": 3295, "mga_zone": "55"}}, {"type": "Feature", "geometry": {"type": "Point", "coordinates": [147.29298410900003, -36.907939915999975]}, "properties": {"id": 363, "name": "Cope Hut, Alpine National Park", "asset_desc": "Tent platform 1 at Falls to Hotham Alpine Crossing Cope Hut with 4.5m x 3m steel structure with FRP grating deck", "park_name": "Alpine National Park", "park_id": 3319, "mga_zone": "55"}}, {"type": "Feature", "geometry": {"type": "Point", "coordinates": [143.37056010599997, -38.75806664100003]}, "properties": {"id": 364, "name": "", "asset_desc": "GOW Johanna Hike-in Campsite - Camp pad no. 8", "park_name": "Great Otway National Park", "park_id": 4710, "mga_zone": "54"}}, {"type": "Feature", "geometry": {"type": "Point", "coordinates": [141.389482532, -38.03571261500002]}, "properties": {"id": 365, "name": "", "asset_desc": "Wrights Horse Camp Corral East", "park_name": "Cobboboonee National Park", "park_id": 4862, "mga_zone": "54"}}, {"type": "Feature", "geometry": {"type": "Point", "coordinates": [143.47610613799998, -38.801395001]}, "properties": {"id": 366, "name": "", "asset_desc": "GOW Aire River Hike-in campsite - Camp pad no. 5", "park_name": "Great Otway National Park", "park_id": 4710, "mga_zone": "54"}}, {"type": "Feature", "geometry": {"type": "Point", "coordinates": [141.99791188200004, -35.479693854999994]}, "properties": {"id": 367, "name": "Remote Camp, Wyperfeld National Park", "asset_desc": "Designated Site, Remote Campground", "park_name": "Wyperfeld National Park", "park_id": 3309, "mga_zone": "54"}}, {"type": "Feature", "geometry": {"type": "Point", "coordinates": [141.99147538800003, -35.727644607]}, "properties": {"id": 368, "name": "O.T.I.T. From Fishers, Lake Albacutya Park", "asset_desc": "Designated Sites, OTIT Camping area in Lake Albacutya Park", "park_name": "Lake Albacutya Park", "park_id": 3364, "mga_zone": "54"}}, {"type": "Feature", "geometry": {"type": "Point", "coordinates": [141.17979289799996, -34.71545900199999]}, "properties": {"id": 369, "name": "Pheenys Track campground, Murray - Sunset National Park", "asset_desc": "Camping Grounds, Designated Site, Pheenys Track Campground, Murray Sunset National Park", "park_name": "Murray - Sunset National Park", "park_id": 3320, "mga_zone": "54"}}, {"type": "Feature", "geometry": {"type": "Point", "coordinates": [141.72958535299995, -35.05612092199999]}, "properties": {"id": 370, "name": "Pink Lakes - Lake Crosbie campground, Murray - Sunset National Park", "asset_desc": "Designated Sites, Lake Crosbie - Murray-Sunset National Park", "park_name": "Murray - Sunset National Park", "park_id": 3320, "mga_zone": "54"}}, {"type": "Feature", "geometry": {"type": "Point", "coordinates": [142.508825354, -37.18081530699999]}, "properties": {"id": 371, "name": "_Not Attached to a Site", "asset_desc": "Elevated camping platforms at Bugiga Hikers Camp", "park_name": "Grampians National Park", "park_id": 3316, "mga_zone": "54"}}, {"type": "Feature", "geometry": {"type": "Point", "coordinates": [141.21805825599995, -38.057443793000004]}, "properties": {"id": 372, "name": "Pritchards, Lower Glenelg National Park", "asset_desc": "Pritchards Camp Area", "park_name": "Lower Glenelg National Park", "park_id": 3300, "mga_zone": "54"}}, {"type": "Feature", "geometry": {"type": "Point", "coordinates": [147.26533715999994, -37.13778998999999]}, "properties": {"id": 373, "name": "Berrima River, Alpine National Park", "asset_desc": "Berrima River Camping Area", "park_name": "Alpine National Park", "park_id": 3319, "mga_zone": "55"}}, {"type": "Feature", "geometry": {"type": "Point", "coordinates": [147.26533715999994, -37.13778998999999]}, "properties": {"id": 374, "name": "Sandy Creek Camping Area, Alpine National Park", "asset_desc": "Sandy Creek Camping Areas", "park_name": "Alpine National Park", "park_id": 3319, "mga_zone": "55"}}, {"type": "Feature", "geometry": {"type": "Point", "coordinates": [147.49525512000002, -36.998260019999975]}, "properties": {"id": 375, "name": "CRB Camp Area, Alpine National Park", "asset_desc": "CRB Camping Area", "park_name": "Alpine National Park", "park_id": 3319, "mga_zone": "55"}}, {"type": "Feature", "geometry": {"type": "Point", "coordinates": [147.46230216000004, -36.89399700000001]}, "properties": {"id": 376, "name": "Big River Camp Area, Mount Wills H.A", "asset_desc": "Big River Camp Ground", "park_name": "Mount Wills H.A", "park_id": 2928, "mga_zone": "55"}}, {"type": "Feature", "geometry": {"type": "Point", "coordinates": [146.66882292000003, -37.17286101000002]}, "properties": {"id": 377, "name": "MacAlister Springs, Alpine National Park", "asset_desc": "MacAlister Springs Dispersed Camping", "park_name": "Alpine National Park", "park_id": 3319, "mga_zone": "55"}}, {"type": "Feature", "geometry": {"type": "Point", "coordinates": [142.01777196, -36.498525029999996]}, "properties": {"id": 378, "name": "Horseshoe Bend Campground, Little Desert National Park", "asset_desc": "Campground", "park_name": "Little Desert National Park", "park_id": 3298, "mga_zone": "54"}}, {"type": "Feature", "geometry": {"type": "Point", "coordinates": [148.13540388, -37.77939602999999]}, "properties": {"id": 379, "name": "Camerons Arms No. 1, Lake Tyers S.P.", "asset_desc": "Camerons Arm campsites", "park_name": "Lake Tyers S.P.", "park_id": 3419, "mga_zone": "55"}}, {"type": "Feature", "geometry": {"type": "Point", "coordinates": [148.13903591999997, -36.64354500000002]}, "properties": {"id": 380, "name": "Davies Plain Hut & Camping Area, Alpine National Park", "asset_desc": "Davies Plain Hut Campground", "park_name": "Alpine National Park", "park_id": 3319, "mga_zone": "55"}}, {"type": "Feature", "geometry": {"type": "Point", "coordinates": [148.10830092000003, -37.845601020000004]}, "properties": {"id": 381, "name": "The Glasshouse, Lake Tyers S.P.", "asset_desc": "The Glasshouse Campsites", "park_name": "Lake Tyers S.P.", "park_id": 3419, "mga_zone": "55"}}, {"type": "Feature", "geometry": {"type": "Point", "coordinates": [148.26388896000003, -37.51785000000001]}, "properties": {"id": 382, "name": "Balley Hooley, Snowy River National Park", "asset_desc": "Balley Hooley campground", "park_name": "Snowy River National Park", "park_id": 3313, "mga_zone": "55"}}, {"type": "Feature", "geometry": {"type": "Point", "coordinates": [146.35474308000005, -37.88560503000002]}, "properties": {"id": 383, "name": "Mushroom Rocks, Baw Baw National Park", "asset_desc": "Mushroom Rocks Campground", "park_name": "Baw Baw National Park", "park_id": 3312, "mga_zone": "55"}}, {"type": "Feature", "geometry": {"type": "Point", "coordinates": [146.33998812000004, -38.02358196]}, "properties": {"id": 384, "name": "Seninis Visitor Area, Moondarra State Park", "asset_desc": "Seninis Campground", "park_name": "Moondarra State Park", "park_id": 3341, "mga_zone": "55"}}, {"type": "Feature", "geometry": {"type": "Point", "coordinates": [147.365001, -37.696070969999994]}, "properties": {"id": 385, "name": "Woolshed Creek Camping Area, Mitchell River National Park", "asset_desc": "Woolshed Creek Camping Area", "park_name": "Mitchell River National Park", "park_id": 3295, "mga_zone": "55"}}, {"type": "Feature", "geometry": {"type": "Point", "coordinates": [148.80638592000003, -37.28518398]}, "properties": {"id": 386, "name": "Bonang River, Errinundra National Park", "asset_desc": "Bonang River Picnic Area", "park_name": "Errinundra National Park", "park_id": 3318, "mga_zone": "55"}}, {"type": "Feature", "geometry": {"type": "Point", "coordinates": [142.08824412, -37.21417001999998]}, "properties": {"id": 387, "name": "Burrunj Campground, Black Range State Park", "asset_desc": "Burrunj Campground", "park_name": "Black Range State Park", "park_id": 3328, "mga_zone": "54"}}, {"type": "Feature", "geometry": {"type": "Point", "coordinates": [143.51499688, -38.84972109500001]}, "properties": {"id": 388, "name": "", "asset_desc": "GOW Cape Otway Hike-in campsite -  Camp pad no. 7", "park_name": "Great Otway National Park", "park_id": 4710, "mga_zone": "54"}}, {"type": "Feature", "geometry": {"type": "Point", "coordinates": [143.27805982200005, -38.759726838999995]}, "properties": {"id": 389, "name": "", "asset_desc": "GOW Ryans Den Hike-in Campsite - Camp pad no. 4", "park_name": "Great Otway National Park", "park_id": 4710, "mga_zone": "54"}}, {"type": "Feature", "geometry": {"type": "Point", "coordinates": [149.698570508, -37.644187835000025]}, "properties": {"id": 390, "name": "Shipwreck Creek, Croajingolong National Park", "asset_desc": "Shipwreck Creek Campground", "park_name": "Croajingolong National Park", "park_id": 3311, "mga_zone": "55"}}, {"type": "Feature", "geometry": {"type": "Point", "coordinates": [146.31969888000003, -39.02981202000001]}, "properties": {"id": 391, "name": "Tidal River / Norman Bay, Wilsons Promontory National Park", "asset_desc": "Tidal River Campground", "park_name": "Wilsons Promontory National Park", "park_id": 3308, "mga_zone": "55"}}, {"type": "Feature", "geometry": {"type": "Point", "coordinates": [146.07088992, -36.864546029999985]}, "properties": {"id": 392, "name": "Wild Dog Creek Falls Campsite, Mount Samaria State Park", "asset_desc": "Wild Dog Creek Falls Camping Area", "park_name": "Mount Samaria State Park", "park_id": 3346, "mga_zone": "55"}}, {"type": "Feature", "geometry": {"type": "Point", "coordinates": [145.65249396000002, -35.90274402]}, "properties": {"id": 393, "name": "Big Toms Bend, Cobram R.P", "asset_desc": "Big Toms Bend Camping", "park_name": "Cobram R.P", "park_id": 3235, "mga_zone": "55"}}, {"type": "Feature", "geometry": {"type": "Point", "coordinates": [145.61919107999995, -35.86792697999999]}, "properties": {"id": 394, "name": "Wilsons Bend, River Murray Reserve", "asset_desc": "Wilsons Bend Camping Ground - MRP", "park_name": "River Murray Reserve", "park_id": 3284, "mga_zone": "55"}}, {"type": "Feature", "geometry": {"type": "Point", "coordinates": [144.07208100000003, -37.68119001000002]}, "properties": {"id": 395, "name": "Lal Lal Bungle Historic Area, Lal Lal - Bungal H.A.", "asset_desc": "Lal Lal picnic area", "park_name": "Lal Lal - Bungal H.A.", "park_id": 2623, "mga_zone": "55"}}, {"type": "Feature", "geometry": {"type": "Point", "coordinates": [147.73314816000004, -36.73129302000001]}, "properties": {"id": 396, "name": "Taylors Camp, Alpine National Park", "asset_desc": "Ah Syes Campground", "park_name": "Alpine National Park", "park_id": 3319, "mga_zone": "55"}}, {"type": "Feature", "geometry": {"type": "Point", "coordinates": [145.95485966700005, -35.99297267100002]}, "properties": {"id": 397, "name": "Forges Bend, Yarrawonga R.P", "asset_desc": "Visitor Facilities - Camping Ground - Forges No 2.", "park_name": "Yarrawonga R.P", "park_id": 3236, "mga_zone": "55"}}, {"type": "Feature", "geometry": {"type": "Point", "coordinates": [146.42078688000004, -37.19716497000002]}, "properties": {"id": 398, "name": "7 Mile Flat Camping Area, Alpine National Park", "asset_desc": "Camping 7 Mile Flat", "park_name": "Alpine National Park", "park_id": 3319, "mga_zone": "55"}}, {"type": "Feature", "geometry": {"type": "Point", "coordinates": [147.42341604, -36.92121101999999]}, "properties": {"id": 399, "name": "", "asset_desc": "Shannonvale Hut site", "park_name": "Alpine National Park", "park_id": 3319, "mga_zone": "55"}}, {"type": "Feature", "geometry": {"type": "Point", "coordinates": [141.10616286100003, -38.022249767999995]}, "properties": {"id": 400, "name": "Wilson Hall, Lower Glenelg National Park", "asset_desc": "Wilson Hall Camp Area", "park_name": "Lower Glenelg National Park", "park_id": 3300, "mga_zone": "54"}}, {"type": "Feature", "geometry": {"type": "Point", "coordinates": [146.53803821500003, -38.731357468]}, "properties": {"id": 401, "name": "Snake Island, Nooramunga Marine & Coastal Park", "asset_desc": "The Gulf Campground (Snake Island)\r\nBush camping limited facilities", "park_name": "Nooramunga Marine & Coastal Park", "park_id": 3395, "mga_zone": "55"}}, {"type": "Feature", "geometry": {"type": "Point", "coordinates": [144.190458068, -37.85944333200001]}, "properties": {"id": 402, "name": "Fridays Picnic Area, Brisbane Ranges National Park", "asset_desc": "Fridays Camping Ground", "park_name": "Brisbane Ranges National Park", "park_id": 3288, "mga_zone": "55"}}, {"type": "Feature", "geometry": {"type": "Point", "coordinates": [147.777764036, -36.12262904200003]}, "properties": {"id": 403, "name": "Bluff Creek, Burrowa - Pine Mountain National Park", "asset_desc": "Bluff Creek Camping and picnic area", "park_name": "Burrowa - Pine Mountain National Park", "park_id": 3310, "mga_zone": "55"}}, {"type": "Feature", "geometry": {"type": "Point", "coordinates": [141.07464277500003, -38.00490618700002]}, "properties": {"id": 404, "name": "McLennans Punt, Lower Glenelg National Park", "asset_desc": "McLennans Punt Camp Area", "park_name": "Lower Glenelg National Park", "park_id": 3300, "mga_zone": "54"}}, {"type": "Feature", "geometry": {"type": "Point", "coordinates": [147.74683796700003, -36.060347949000004]}, "properties": {"id": 405, "name": "The Ridge, Burrowa - Pine Mountain National Park", "asset_desc": "The Ridge trailhead", "park_name": "Burrowa - Pine Mountain National Park", "park_id": 3310, "mga_zone": "55"}}, {"type": "Feature", "geometry": {"type": "Point", "coordinates": [148.57246889299995, -37.28709993799998]}, "properties": {"id": 406, "name": "Waratah Flat, Snowy River National Park", "asset_desc": "Waratah Flat Camp Ground", "park_name": "Snowy River National Park", "park_id": 3313, "mga_zone": "55"}}, {"type": "Feature", "geometry": {"type": "Point", "coordinates": [145.91497533899997, -35.96476974799998]}, "properties": {"id": 407, "name": "Bruces Bend, Yarrawonga R.P", "asset_desc": "Camping Ground - Bruces Number Two at River Murray Reserve", "park_name": "River Murray Reserve", "park_id": 3284, "mga_zone": "55"}}, {"type": "Feature", "geometry": {"type": "Point", "coordinates": [147.81216926499997, -35.97256158099998]}, "properties": {"id": 408, "name": "Neils Reserve, River Murray Reserve", "asset_desc": "Neils Bend camping and picnic area", "park_name": "River Murray Reserve", "park_id": 3284, "mga_zone": "55"}}, {"type": "Feature", "geometry": {"type": "Point", "coordinates": [148.74316417399996, -37.79749393899999]}, "properties": {"id": 409, "name": "Banksia Bluff Campground, Cape Conran Coastal Park", "asset_desc": "Banksia Bluff Camp Area at Cape Conran Coastal Park - sites76-92", "park_name": "Cape Conran Coastal Park", "park_id": 3359, "mga_zone": "55"}}, {"type": "Feature", "geometry": {"type": "Point", "coordinates": [143.612495157, -38.79056688700001]}, "properties": {"id": 410, "name": "", "asset_desc": "GOW Elliot Ridge Hike-in Campsite -  Group camp and table 2", "park_name": "Great Otway National Park", "park_id": 4710, "mga_zone": "54"}}, {"type": "Feature", "geometry": {"type": "Point", "coordinates": [141.62692494199996, -34.891137415]}, "properties": {"id": 411, "name": "Underbool Track campground, Murray - Sunset National Park", "asset_desc": "Camping Grounds,Designated Sites, Underbool TK Camping area in Murray-Sunset NP", "park_name": "Murray - Sunset National Park", "park_id": 3320, "mga_zone": "54"}}, {"type": "Feature", "geometry": {"type": "Point", "coordinates": [146.464318285, -39.04249659200002]}, "properties": {"id": 412, "name": "Refuge Cove, Wilsons Promontory National Park", "asset_desc": "Refuge Cove Boaties Campground", "park_name": "Wilsons Promontory National Park", "park_id": 3308, "mga_zone": "55"}}, {"type": "Feature", "geometry": {"type": "Point", "coordinates": [146.47352988800003, -38.91593865300001]}, "properties": {"id": 413, "name": "Five Mile Beach, Wilsons Promontory National Park", "asset_desc": "Five Mile Beach Campground", "park_name": "Wilsons Promontory National Park", "park_id": 3308, "mga_zone": "55"}}, {"type": "Feature", "geometry": {"type": "Point", "coordinates": [142.62079200000005, -37.32378799999998]}, "properties": {"id": 414, "name": "Kalymna Falls Campground, Grampians National Park", "asset_desc": "Designated sites at Kalymna Campground", "park_name": "Grampians National Park", "park_id": 3316, "mga_zone": "54"}}, {"type": "Feature", "geometry": {"type": "Point", "coordinates": [141.93499680399998, -35.779685900000004]}, "properties": {"id": 415, "name": "Western Beach, Lake Albacutya Park", "asset_desc": "Designated Sites, Western Beach", "park_name": "Lake Albacutya Park", "park_id": 3364, "mga_zone": "54"}}]}