<?xml version="1.0"?>
<gpx xmlns="http://www.topografix.com/GPX/1/1" xmlns:xsi="http://www.w3.org/2001/XMLSchema-instance" version="1.1" creator="AllTrails.com" xsi:schemaLocation="http://www.topografix.com/GPX/1/1 http://www.topografix.com/GPX/1/1/gpx.xsd">
  <metadata>
    <name><![CDATA[Dandenong Ranges Trail - Full Route]]></name>
    <desc><![CDATA[Gembrook to Lilydale. This is the full route. There are also maps for each section available.]]></desc>
    <link href="http://www.alltrails.com">
      <text>AllTrails, LLC</text>
    </link>
    <bounds minlat="-37.95232" minlon="145.3421" maxlat="-37.75616" maxlon="145.54931"/>
  </metadata>
  <trk>
    <name><![CDATA[Dandenong Ranges Trail - Full Route]]></name>
    <src>AllTrails</src>
    <trkseg>
      <trkpt lat="-37.95226" lon="145.54922">
        <ele>307.98</ele>
      </trkpt>
      <trkpt lat="-37.95176" lon="145.54931">
        <ele>309.01</ele>
      </trkpt>
      <trkpt lat="-37.95176" lon="145.54931">
        <ele>309.01</ele>
      </trkpt>
      <trkpt lat="-37.95133" lon="145.54913">
        <ele>309.74</ele>
      </trkpt>
      <trkpt lat="-37.95133" lon="145.54913">
        <ele>309.74</ele>
      </trkpt>
      <trkpt lat="-37.951" lon="145.54887">
        <ele>309.32</ele>
      </trkpt>
      <trkpt lat="-37.951" lon="145.54887">
        <ele>309.32</ele>
      </trkpt>
      <trkpt lat="-37.9506" lon="145.54848">
        <ele>312.34</ele>
      </trkpt>
      <trkpt lat="-37.95021" lon="145.5481">
        <ele>315.57</ele>
      </trkpt>
      <trkpt lat="-37.94981" lon="145.54771">
        <ele>313.97</ele>
      </trkpt>
      <trkpt lat="-37.94981" lon="145.54771">
        <ele>313.97</ele>
      </trkpt>
      <trkpt lat="-37.94969" lon="145.5474">
        <ele>310.74</ele>
      </trkpt>
      <trkpt lat="-37.94969" lon="145.5474">
        <ele>310.74</ele>
      </trkpt>
      <trkpt lat="-37.94995" lon="145.54722">
        <ele>316.11</ele>
      </trkpt>
      <trkpt lat="-37.94991" lon="145.54714">
        <ele>315.68</ele>
      </trkpt>
      <trkpt lat="-37.94988" lon="145.54706">
        <ele>315.42</ele>
      </trkpt>
      <trkpt lat="-37.94985" lon="145.54699">
        <ele>315.14</ele>
      </trkpt>
      <trkpt lat="-37.94981" lon="145.54691">
        <ele>314.59</ele>
      </trkpt>
      <trkpt lat="-37.94977" lon="145.54694">
        <ele>313.87</ele>
      </trkpt>
      <trkpt lat="-37.94977" lon="145.54694">
        <ele>313.87</ele>
      </trkpt>
      <trkpt lat="-37.94976" lon="145.54695">
        <ele>313.66</ele>
      </trkpt>
      <trkpt lat="-37.9496" lon="145.54662">
        <ele>310.12</ele>
      </trkpt>
      <trkpt lat="-37.9495" lon="145.54641">
        <ele>306.31</ele>
      </trkpt>
      <trkpt lat="-37.94943" lon="145.54623">
        <ele>303.5</ele>
      </trkpt>
      <trkpt lat="-37.94939" lon="145.54611">
        <ele>301.81</ele>
      </trkpt>
      <trkpt lat="-37.94938" lon="145.54601">
        <ele>300.6</ele>
      </trkpt>
      <trkpt lat="-37.94938" lon="145.54577">
        <ele>298.66</ele>
      </trkpt>
      <trkpt lat="-37.94939" lon="145.54548">
        <ele>298.59</ele>
      </trkpt>
      <trkpt lat="-37.9494" lon="145.54522">
        <ele>300.48</ele>
      </trkpt>
      <trkpt lat="-37.9494" lon="145.54494">
        <ele>304.17</ele>
      </trkpt>
      <trkpt lat="-37.94937" lon="145.54466">
        <ele>306.3</ele>
      </trkpt>
      <trkpt lat="-37.94936" lon="145.54443">
        <ele>306.5</ele>
      </trkpt>
      <trkpt lat="-37.94933" lon="145.54414">
        <ele>306.26</ele>
      </trkpt>
      <trkpt lat="-37.94922" lon="145.54365">
        <ele>302.91</ele>
      </trkpt>
      <trkpt lat="-37.94922" lon="145.54365">
        <ele>302.91</ele>
      </trkpt>
      <trkpt lat="-37.94922" lon="145.54365">
        <ele>302.91</ele>
      </trkpt>
      <trkpt lat="-37.94922" lon="145.54365">
        <ele>302.91</ele>
      </trkpt>
      <trkpt lat="-37.94922" lon="145.54365">
        <ele>302.91</ele>
      </trkpt>
      <trkpt lat="-37.94917" lon="145.54329">
        <ele>302.19</ele>
      </trkpt>
      <trkpt lat="-37.94911" lon="145.54302">
        <ele>302.75</ele>
      </trkpt>
      <trkpt lat="-37.94905" lon="145.5429">
        <ele>303.18</ele>
      </trkpt>
      <trkpt lat="-37.949" lon="145.54282">
        <ele>303.24</ele>
      </trkpt>
      <trkpt lat="-37.949" lon="145.54266">
        <ele>304.45</ele>
      </trkpt>
      <trkpt lat="-37.94902" lon="145.54251">
        <ele>305.82</ele>
      </trkpt>
      <trkpt lat="-37.94905" lon="145.54231">
        <ele>307.0</ele>
      </trkpt>
      <trkpt lat="-37.94908" lon="145.5421">
        <ele>307.28</ele>
      </trkpt>
      <trkpt lat="-37.94911" lon="145.54196">
        <ele>306.87</ele>
      </trkpt>
      <trkpt lat="-37.94914" lon="145.54189">
        <ele>306.33</ele>
      </trkpt>
      <trkpt lat="-37.94924" lon="145.54151">
        <ele>303.44</ele>
      </trkpt>
      <trkpt lat="-37.94931" lon="145.54117">
        <ele>304.58</ele>
      </trkpt>
      <trkpt lat="-37.94933" lon="145.54099">
        <ele>305.69</ele>
      </trkpt>
      <trkpt lat="-37.94935" lon="145.54051">
        <ele>305.23</ele>
      </trkpt>
      <trkpt lat="-37.94931" lon="145.54009">
        <ele>304.19</ele>
      </trkpt>
      <trkpt lat="-37.94928" lon="145.53988">
        <ele>303.64</ele>
      </trkpt>
      <trkpt lat="-37.94917" lon="145.53952">
        <ele>303.71</ele>
      </trkpt>
      <trkpt lat="-37.9491" lon="145.53932">
        <ele>304.11</ele>
      </trkpt>
      <trkpt lat="-37.94905" lon="145.5392">
        <ele>304.37</ele>
      </trkpt>
      <trkpt lat="-37.94889" lon="145.53886">
        <ele>303.68</ele>
      </trkpt>
      <trkpt lat="-37.94882" lon="145.53873">
        <ele>301.97</ele>
      </trkpt>
      <trkpt lat="-37.9487" lon="145.53855">
        <ele>300.94</ele>
      </trkpt>
      <trkpt lat="-37.94865" lon="145.53845">
        <ele>301.26</ele>
      </trkpt>
      <trkpt lat="-37.94858" lon="145.53835">
        <ele>301.6</ele>
      </trkpt>
      <trkpt lat="-37.9486" lon="145.53832">
        <ele>301.93</ele>
      </trkpt>
      <trkpt lat="-37.94865" lon="145.53827">
        <ele>301.6</ele>
      </trkpt>
      <trkpt lat="-37.94855" lon="145.53813">
        <ele>301.91</ele>
      </trkpt>
      <trkpt lat="-37.94836" lon="145.53783">
        <ele>301.59</ele>
      </trkpt>
      <trkpt lat="-37.9482" lon="145.53752">
        <ele>300.97</ele>
      </trkpt>
      <trkpt lat="-37.94817" lon="145.53747">
        <ele>300.75</ele>
      </trkpt>
      <trkpt lat="-37.94809" lon="145.53734">
        <ele>300.54</ele>
      </trkpt>
      <trkpt lat="-37.94803" lon="145.53726">
        <ele>300.6</ele>
      </trkpt>
      <trkpt lat="-37.94789" lon="145.53705">
        <ele>299.45</ele>
      </trkpt>
      <trkpt lat="-37.94775" lon="145.53688">
        <ele>300.09</ele>
      </trkpt>
      <trkpt lat="-37.94772" lon="145.53682">
        <ele>300.27</ele>
      </trkpt>
      <trkpt lat="-37.94773" lon="145.53672">
        <ele>299.85</ele>
      </trkpt>
      <trkpt lat="-37.94772" lon="145.53661">
        <ele>299.38</ele>
      </trkpt>
      <trkpt lat="-37.94769" lon="145.53649">
        <ele>298.79</ele>
      </trkpt>
      <trkpt lat="-37.94765" lon="145.53645">
        <ele>298.92</ele>
      </trkpt>
      <trkpt lat="-37.94763" lon="145.53642">
        <ele>298.88</ele>
      </trkpt>
      <trkpt lat="-37.94759" lon="145.53629">
        <ele>298.67</ele>
      </trkpt>
      <trkpt lat="-37.94756" lon="145.53614">
        <ele>298.46</ele>
      </trkpt>
      <trkpt lat="-37.94754" lon="145.53596">
        <ele>299.11</ele>
      </trkpt>
      <trkpt lat="-37.94752" lon="145.53572">
        <ele>299.43</ele>
      </trkpt>
      <trkpt lat="-37.94752" lon="145.53547">
        <ele>298.91</ele>
      </trkpt>
      <trkpt lat="-37.94754" lon="145.5352">
        <ele>298.23</ele>
      </trkpt>
      <trkpt lat="-37.94758" lon="145.53489">
        <ele>297.28</ele>
      </trkpt>
      <trkpt lat="-37.94764" lon="145.53463">
        <ele>298.32</ele>
      </trkpt>
      <trkpt lat="-37.94773" lon="145.53431">
        <ele>300.71</ele>
      </trkpt>
      <trkpt lat="-37.94782" lon="145.53405">
        <ele>303.07</ele>
      </trkpt>
      <trkpt lat="-37.94793" lon="145.53379">
        <ele>304.07</ele>
      </trkpt>
      <trkpt lat="-37.94827" lon="145.53316">
        <ele>304.31</ele>
      </trkpt>
      <trkpt lat="-37.94855" lon="145.53267">
        <ele>303.13</ele>
      </trkpt>
      <trkpt lat="-37.94866" lon="145.53245">
        <ele>304.22</ele>
      </trkpt>
      <trkpt lat="-37.94874" lon="145.53226">
        <ele>306.06</ele>
      </trkpt>
      <trkpt lat="-37.94886" lon="145.5319">
        <ele>307.35</ele>
      </trkpt>
      <trkpt lat="-37.94882" lon="145.53188">
        <ele>307.67</ele>
      </trkpt>
      <trkpt lat="-37.94877" lon="145.53184">
        <ele>308.07</ele>
      </trkpt>
      <trkpt lat="-37.94876" lon="145.53178">
        <ele>308.25</ele>
      </trkpt>
      <trkpt lat="-37.94876" lon="145.53166">
        <ele>308.5</ele>
      </trkpt>
      <trkpt lat="-37.94883" lon="145.53143">
        <ele>309.24</ele>
      </trkpt>
      <trkpt lat="-37.94885" lon="145.53084">
        <ele>309.58</ele>
      </trkpt>
      <trkpt lat="-37.94885" lon="145.5304">
        <ele>309.7</ele>
      </trkpt>
      <trkpt lat="-37.94884" lon="145.53014">
        <ele>310.29</ele>
      </trkpt>
      <trkpt lat="-37.94882" lon="145.53007">
        <ele>310.8</ele>
      </trkpt>
      <trkpt lat="-37.94881" lon="145.52999">
        <ele>311.26</ele>
      </trkpt>
      <trkpt lat="-37.94879" lon="145.52995">
        <ele>312.02</ele>
      </trkpt>
      <trkpt lat="-37.94882" lon="145.52989">
        <ele>312.38</ele>
      </trkpt>
      <trkpt lat="-37.94884" lon="145.52983">
        <ele>312.94</ele>
      </trkpt>
      <trkpt lat="-37.94885" lon="145.52976">
        <ele>313.77</ele>
      </trkpt>
      <trkpt lat="-37.94889" lon="145.5295">
        <ele>315.57</ele>
      </trkpt>
      <trkpt lat="-37.94895" lon="145.52921">
        <ele>314.46</ele>
      </trkpt>
      <trkpt lat="-37.94927" lon="145.52839">
        <ele>312.89</ele>
      </trkpt>
      <trkpt lat="-37.94936" lon="145.52811">
        <ele>316.6</ele>
      </trkpt>
      <trkpt lat="-37.9494" lon="145.52776">
        <ele>318.29</ele>
      </trkpt>
      <trkpt lat="-37.94942" lon="145.52731">
        <ele>317.32</ele>
      </trkpt>
      <trkpt lat="-37.94942" lon="145.52731">
        <ele>317.32</ele>
      </trkpt>
      <trkpt lat="-37.94942" lon="145.52731">
        <ele>317.32</ele>
      </trkpt>
      <trkpt lat="-37.94942" lon="145.5273">
        <ele>317.31</ele>
      </trkpt>
      <trkpt lat="-37.94941" lon="145.52698">
        <ele>319.01</ele>
      </trkpt>
      <trkpt lat="-37.94934" lon="145.52664">
        <ele>319.12</ele>
      </trkpt>
      <trkpt lat="-37.94917" lon="145.52624">
        <ele>314.77</ele>
      </trkpt>
      <trkpt lat="-37.94893" lon="145.52578">
        <ele>308.23</ele>
      </trkpt>
      <trkpt lat="-37.94864" lon="145.52524">
        <ele>315.7</ele>
      </trkpt>
      <trkpt lat="-37.94785" lon="145.52381">
        <ele>304.65</ele>
      </trkpt>
      <trkpt lat="-37.94701" lon="145.52218">
        <ele>289.28</ele>
      </trkpt>
      <trkpt lat="-37.94682" lon="145.52139">
        <ele>285.55</ele>
      </trkpt>
      <trkpt lat="-37.94655" lon="145.51725">
        <ele>278.78</ele>
      </trkpt>
      <trkpt lat="-37.9465" lon="145.51678">
        <ele>280.23</ele>
      </trkpt>
      <trkpt lat="-37.9463" lon="145.51628">
        <ele>286.05</ele>
      </trkpt>
      <trkpt lat="-37.94545" lon="145.51519">
        <ele>278.48</ele>
      </trkpt>
      <trkpt lat="-37.94471" lon="145.51506">
        <ele>275.26</ele>
      </trkpt>
      <trkpt lat="-37.94466" lon="145.51497">
        <ele>274.65</ele>
      </trkpt>
      <trkpt lat="-37.9446" lon="145.51502">
        <ele>272.78</ele>
      </trkpt>
      <trkpt lat="-37.94451" lon="145.51506">
        <ele>270.22</ele>
      </trkpt>
      <trkpt lat="-37.94447" lon="145.51493">
        <ele>270.15</ele>
      </trkpt>
      <trkpt lat="-37.94435" lon="145.51453">
        <ele>270.55</ele>
      </trkpt>
      <trkpt lat="-37.94426" lon="145.51422">
        <ele>269.55</ele>
      </trkpt>
      <trkpt lat="-37.94422" lon="145.51409">
        <ele>269.41</ele>
      </trkpt>
      <trkpt lat="-37.94401" lon="145.51351">
        <ele>273.52</ele>
      </trkpt>
      <trkpt lat="-37.944" lon="145.51342">
        <ele>273.96</ele>
      </trkpt>
      <trkpt lat="-37.944" lon="145.51337">
        <ele>274.22</ele>
      </trkpt>
      <trkpt lat="-37.94397" lon="145.5132">
        <ele>274.57</ele>
      </trkpt>
      <trkpt lat="-37.944" lon="145.5129">
        <ele>275.09</ele>
      </trkpt>
      <trkpt lat="-37.94405" lon="145.51268">
        <ele>276.05</ele>
      </trkpt>
      <trkpt lat="-37.94414" lon="145.51237">
        <ele>277.15</ele>
      </trkpt>
      <trkpt lat="-37.94424" lon="145.51214">
        <ele>275.29</ele>
      </trkpt>
      <trkpt lat="-37.94429" lon="145.51204">
        <ele>274.13</ele>
      </trkpt>
      <trkpt lat="-37.94436" lon="145.51181">
        <ele>271.89</ele>
      </trkpt>
      <trkpt lat="-37.94447" lon="145.51159">
        <ele>270.06</ele>
      </trkpt>
      <trkpt lat="-37.9446" lon="145.51133">
        <ele>268.25</ele>
      </trkpt>
      <trkpt lat="-37.94464" lon="145.5112">
        <ele>267.82</ele>
      </trkpt>
      <trkpt lat="-37.94469" lon="145.51109">
        <ele>267.7</ele>
      </trkpt>
      <trkpt lat="-37.94478" lon="145.51076">
        <ele>265.43</ele>
      </trkpt>
      <trkpt lat="-37.94482" lon="145.51069">
        <ele>264.24</ele>
      </trkpt>
      <trkpt lat="-37.94486" lon="145.51056">
        <ele>262.55</ele>
      </trkpt>
      <trkpt lat="-37.94501" lon="145.51021">
        <ele>256.54</ele>
      </trkpt>
      <trkpt lat="-37.94505" lon="145.51013">
        <ele>256.65</ele>
      </trkpt>
      <trkpt lat="-37.94523" lon="145.50965">
        <ele>255.76</ele>
      </trkpt>
      <trkpt lat="-37.94525" lon="145.50954">
        <ele>254.25</ele>
      </trkpt>
      <trkpt lat="-37.9453" lon="145.50948">
        <ele>254.03</ele>
      </trkpt>
      <trkpt lat="-37.94541" lon="145.50922">
        <ele>252.99</ele>
      </trkpt>
      <trkpt lat="-37.94547" lon="145.50909">
        <ele>251.8</ele>
      </trkpt>
      <trkpt lat="-37.94549" lon="145.50897">
        <ele>250.13</ele>
      </trkpt>
      <trkpt lat="-37.94553" lon="145.50884">
        <ele>248.85</ele>
      </trkpt>
      <trkpt lat="-37.94563" lon="145.50862">
        <ele>248.53</ele>
      </trkpt>
      <trkpt lat="-37.9457" lon="145.5084">
        <ele>248.0</ele>
      </trkpt>
      <trkpt lat="-37.94577" lon="145.50828">
        <ele>248.5</ele>
      </trkpt>
      <trkpt lat="-37.94587" lon="145.50797">
        <ele>246.61</ele>
      </trkpt>
      <trkpt lat="-37.94589" lon="145.50784">
        <ele>245.7</ele>
      </trkpt>
      <trkpt lat="-37.94596" lon="145.5076">
        <ele>244.58</ele>
      </trkpt>
      <trkpt lat="-37.94599" lon="145.50725">
        <ele>240.89</ele>
      </trkpt>
      <trkpt lat="-37.94603" lon="145.50695">
        <ele>237.2</ele>
      </trkpt>
      <trkpt lat="-37.94604" lon="145.50662">
        <ele>235.06</ele>
      </trkpt>
      <trkpt lat="-37.94607" lon="145.50633">
        <ele>234.38</ele>
      </trkpt>
      <trkpt lat="-37.94609" lon="145.50606">
        <ele>233.66</ele>
      </trkpt>
      <trkpt lat="-37.94616" lon="145.5057">
        <ele>233.13</ele>
      </trkpt>
      <trkpt lat="-37.94617" lon="145.50559">
        <ele>233.11</ele>
      </trkpt>
      <trkpt lat="-37.94619" lon="145.50546">
        <ele>234.21</ele>
      </trkpt>
      <trkpt lat="-37.94628" lon="145.50528">
        <ele>237.63</ele>
      </trkpt>
      <trkpt lat="-37.94634" lon="145.50519">
        <ele>239.58</ele>
      </trkpt>
      <trkpt lat="-37.94626" lon="145.50502">
        <ele>239.07</ele>
      </trkpt>
      <trkpt lat="-37.94606" lon="145.50467">
        <ele>238.67</ele>
      </trkpt>
      <trkpt lat="-37.9458" lon="145.50428">
        <ele>239.33</ele>
      </trkpt>
      <trkpt lat="-37.94573" lon="145.50419">
        <ele>240.51</ele>
      </trkpt>
      <trkpt lat="-37.94567" lon="145.50407">
        <ele>241.18</ele>
      </trkpt>
      <trkpt lat="-37.94548" lon="145.50385">
        <ele>243.13</ele>
      </trkpt>
      <trkpt lat="-37.94529" lon="145.5037">
        <ele>246.88</ele>
      </trkpt>
      <trkpt lat="-37.94511" lon="145.5036">
        <ele>247.65</ele>
      </trkpt>
      <trkpt lat="-37.94492" lon="145.50342">
        <ele>253.8</ele>
      </trkpt>
      <trkpt lat="-37.94449" lon="145.50312">
        <ele>266.41</ele>
      </trkpt>
      <trkpt lat="-37.9441" lon="145.50271">
        <ele>268.52</ele>
      </trkpt>
      <trkpt lat="-37.94392" lon="145.50247">
        <ele>266.79</ele>
      </trkpt>
      <trkpt lat="-37.94373" lon="145.50227">
        <ele>262.7</ele>
      </trkpt>
      <trkpt lat="-37.94368" lon="145.5022">
        <ele>261.5</ele>
      </trkpt>
      <trkpt lat="-37.94368" lon="145.5022">
        <ele>261.5</ele>
      </trkpt>
      <trkpt lat="-37.94354" lon="145.502">
        <ele>258.6</ele>
      </trkpt>
      <trkpt lat="-37.94329" lon="145.50157">
        <ele>258.91</ele>
      </trkpt>
      <trkpt lat="-37.94315" lon="145.50134">
        <ele>261.67</ele>
      </trkpt>
      <trkpt lat="-37.94308" lon="145.50121">
        <ele>263.11</ele>
      </trkpt>
      <trkpt lat="-37.94304" lon="145.50118">
        <ele>263.08</ele>
      </trkpt>
      <trkpt lat="-37.94298" lon="145.50113">
        <ele>261.92</ele>
      </trkpt>
      <trkpt lat="-37.94271" lon="145.5008">
        <ele>258.78</ele>
      </trkpt>
      <trkpt lat="-37.94255" lon="145.50058">
        <ele>256.9</ele>
      </trkpt>
      <trkpt lat="-37.94241" lon="145.50037">
        <ele>254.25</ele>
      </trkpt>
      <trkpt lat="-37.94237" lon="145.50038">
        <ele>253.79</ele>
      </trkpt>
      <trkpt lat="-37.94229" lon="145.50028">
        <ele>252.73</ele>
      </trkpt>
      <trkpt lat="-37.94211" lon="145.50006">
        <ele>249.62</ele>
      </trkpt>
      <trkpt lat="-37.942" lon="145.49992">
        <ele>248.17</ele>
      </trkpt>
      <trkpt lat="-37.94187" lon="145.4998">
        <ele>246.67</ele>
      </trkpt>
      <trkpt lat="-37.94171" lon="145.49964">
        <ele>245.02</ele>
      </trkpt>
      <trkpt lat="-37.94164" lon="145.49957">
        <ele>244.41</ele>
      </trkpt>
      <trkpt lat="-37.94155" lon="145.49948">
        <ele>244.07</ele>
      </trkpt>
      <trkpt lat="-37.94146" lon="145.49937">
        <ele>243.66</ele>
      </trkpt>
      <trkpt lat="-37.94132" lon="145.49925">
        <ele>242.9</ele>
      </trkpt>
      <trkpt lat="-37.94131" lon="145.49925">
        <ele>242.85</ele>
      </trkpt>
      <trkpt lat="-37.94129" lon="145.49925">
        <ele>242.73</ele>
      </trkpt>
      <trkpt lat="-37.94127" lon="145.49927">
        <ele>242.63</ele>
      </trkpt>
      <trkpt lat="-37.94123" lon="145.4993">
        <ele>242.36</ele>
      </trkpt>
      <trkpt lat="-37.94117" lon="145.49922">
        <ele>242.1</ele>
      </trkpt>
      <trkpt lat="-37.94106" lon="145.4991">
        <ele>241.72</ele>
      </trkpt>
      <trkpt lat="-37.94092" lon="145.49898">
        <ele>241.55</ele>
      </trkpt>
      <trkpt lat="-37.94078" lon="145.49886">
        <ele>242.21</ele>
      </trkpt>
      <trkpt lat="-37.94067" lon="145.49877">
        <ele>242.84</ele>
      </trkpt>
      <trkpt lat="-37.94057" lon="145.49866">
        <ele>243.73</ele>
      </trkpt>
      <trkpt lat="-37.94047" lon="145.49854">
        <ele>243.31</ele>
      </trkpt>
      <trkpt lat="-37.94034" lon="145.49838">
        <ele>242.15</ele>
      </trkpt>
      <trkpt lat="-37.94023" lon="145.49822">
        <ele>240.54</ele>
      </trkpt>
      <trkpt lat="-37.94008" lon="145.498">
        <ele>238.6</ele>
      </trkpt>
      <trkpt lat="-37.93997" lon="145.49782">
        <ele>239.09</ele>
      </trkpt>
      <trkpt lat="-37.93989" lon="145.49768">
        <ele>238.77</ele>
      </trkpt>
      <trkpt lat="-37.93981" lon="145.49753">
        <ele>237.57</ele>
      </trkpt>
      <trkpt lat="-37.93965" lon="145.49724">
        <ele>235.3</ele>
      </trkpt>
      <trkpt lat="-37.9395" lon="145.49693">
        <ele>231.55</ele>
      </trkpt>
      <trkpt lat="-37.93943" lon="145.49679">
        <ele>230.29</ele>
      </trkpt>
      <trkpt lat="-37.9393" lon="145.49659">
        <ele>228.03</ele>
      </trkpt>
      <trkpt lat="-37.93924" lon="145.49651">
        <ele>227.08</ele>
      </trkpt>
      <trkpt lat="-37.93913" lon="145.49638">
        <ele>225.68</ele>
      </trkpt>
      <trkpt lat="-37.93897" lon="145.49623">
        <ele>223.84</ele>
      </trkpt>
      <trkpt lat="-37.93883" lon="145.49612">
        <ele>223.24</ele>
      </trkpt>
      <trkpt lat="-37.93861" lon="145.49598">
        <ele>222.6</ele>
      </trkpt>
      <trkpt lat="-37.9384" lon="145.49582">
        <ele>223.81</ele>
      </trkpt>
      <trkpt lat="-37.93823" lon="145.49569">
        <ele>224.46</ele>
      </trkpt>
      <trkpt lat="-37.93808" lon="145.49558">
        <ele>225.08</ele>
      </trkpt>
      <trkpt lat="-37.93771" lon="145.49526">
        <ele>218.8</ele>
      </trkpt>
      <trkpt lat="-37.93708" lon="145.49472">
        <ele>209.43</ele>
      </trkpt>
      <trkpt lat="-37.93684" lon="145.49449">
        <ele>205.16</ele>
      </trkpt>
      <trkpt lat="-37.93646" lon="145.49405">
        <ele>206.54</ele>
      </trkpt>
      <trkpt lat="-37.93639" lon="145.49397">
        <ele>207.84</ele>
      </trkpt>
      <trkpt lat="-37.93602" lon="145.49355">
        <ele>211.39</ele>
      </trkpt>
      <trkpt lat="-37.93595" lon="145.49347">
        <ele>210.41</ele>
      </trkpt>
      <trkpt lat="-37.93592" lon="145.49343">
        <ele>209.7</ele>
      </trkpt>
      <trkpt lat="-37.93594" lon="145.49337">
        <ele>207.3</ele>
      </trkpt>
      <trkpt lat="-37.93595" lon="145.49332">
        <ele>205.73</ele>
      </trkpt>
      <trkpt lat="-37.93595" lon="145.49327">
        <ele>205.08</ele>
      </trkpt>
      <trkpt lat="-37.93595" lon="145.49321">
        <ele>204.31</ele>
      </trkpt>
      <trkpt lat="-37.93585" lon="145.49248">
        <ele>196.66</ele>
      </trkpt>
      <trkpt lat="-37.93583" lon="145.49229">
        <ele>194.01</ele>
      </trkpt>
      <trkpt lat="-37.93581" lon="145.49213">
        <ele>191.92</ele>
      </trkpt>
      <trkpt lat="-37.93581" lon="145.49202">
        <ele>190.34</ele>
      </trkpt>
      <trkpt lat="-37.9358" lon="145.49194">
        <ele>189.27</ele>
      </trkpt>
      <trkpt lat="-37.9358" lon="145.49194">
        <ele>189.27</ele>
      </trkpt>
      <trkpt lat="-37.9358" lon="145.49194">
        <ele>189.27</ele>
      </trkpt>
      <trkpt lat="-37.9358" lon="145.49194">
        <ele>189.27</ele>
      </trkpt>
      <trkpt lat="-37.9358" lon="145.4919">
        <ele>188.42</ele>
      </trkpt>
      <trkpt lat="-37.93579" lon="145.49185">
        <ele>187.48</ele>
      </trkpt>
      <trkpt lat="-37.93578" lon="145.49181">
        <ele>186.76</ele>
      </trkpt>
      <trkpt lat="-37.93577" lon="145.49178">
        <ele>186.27</ele>
      </trkpt>
      <trkpt lat="-37.93575" lon="145.49175">
        <ele>185.91</ele>
      </trkpt>
      <trkpt lat="-37.93573" lon="145.49172">
        <ele>185.57</ele>
      </trkpt>
      <trkpt lat="-37.93571" lon="145.4917">
        <ele>185.44</ele>
      </trkpt>
      <trkpt lat="-37.93569" lon="145.49167">
        <ele>185.13</ele>
      </trkpt>
      <trkpt lat="-37.93569" lon="145.49166">
        <ele>184.96</ele>
      </trkpt>
      <trkpt lat="-37.93568" lon="145.49165">
        <ele>184.93</ele>
      </trkpt>
      <trkpt lat="-37.93568" lon="145.49164">
        <ele>184.77</ele>
      </trkpt>
      <trkpt lat="-37.93568" lon="145.49163">
        <ele>184.61</ele>
      </trkpt>
      <trkpt lat="-37.93568" lon="145.49161">
        <ele>184.28</ele>
      </trkpt>
      <trkpt lat="-37.93568" lon="145.49159">
        <ele>183.95</ele>
      </trkpt>
      <trkpt lat="-37.93569" lon="145.49156">
        <ele>183.33</ele>
      </trkpt>
      <trkpt lat="-37.9357" lon="145.49153">
        <ele>182.72</ele>
      </trkpt>
      <trkpt lat="-37.93571" lon="145.49152">
        <ele>182.43</ele>
      </trkpt>
      <trkpt lat="-37.93572" lon="145.4915">
        <ele>181.99</ele>
      </trkpt>
      <trkpt lat="-37.93573" lon="145.49149">
        <ele>181.71</ele>
      </trkpt>
      <trkpt lat="-37.93577" lon="145.49147">
        <ele>180.92</ele>
      </trkpt>
      <trkpt lat="-37.93579" lon="145.49146">
        <ele>180.53</ele>
      </trkpt>
      <trkpt lat="-37.9358" lon="145.49145">
        <ele>180.27</ele>
      </trkpt>
      <trkpt lat="-37.93581" lon="145.49144">
        <ele>180.0</ele>
      </trkpt>
      <trkpt lat="-37.93582" lon="145.49143">
        <ele>179.74</ele>
      </trkpt>
      <trkpt lat="-37.93582" lon="145.4914">
        <ele>179.31</ele>
      </trkpt>
      <trkpt lat="-37.93582" lon="145.49137">
        <ele>178.93</ele>
      </trkpt>
      <trkpt lat="-37.9358" lon="145.49135">
        <ele>178.91</ele>
      </trkpt>
      <trkpt lat="-37.93579" lon="145.49132">
        <ele>178.65</ele>
      </trkpt>
      <trkpt lat="-37.93577" lon="145.49128">
        <ele>178.33</ele>
      </trkpt>
      <trkpt lat="-37.93575" lon="145.49123">
        <ele>177.84</ele>
      </trkpt>
      <trkpt lat="-37.93571" lon="145.49113">
        <ele>176.71</ele>
      </trkpt>
      <trkpt lat="-37.93568" lon="145.49105">
        <ele>176.21</ele>
      </trkpt>
      <trkpt lat="-37.93566" lon="145.49098">
        <ele>175.86</ele>
      </trkpt>
      <trkpt lat="-37.93564" lon="145.49092">
        <ele>175.53</ele>
      </trkpt>
      <trkpt lat="-37.93562" lon="145.49082">
        <ele>175.0</ele>
      </trkpt>
      <trkpt lat="-37.93561" lon="145.49068">
        <ele>175.0</ele>
      </trkpt>
      <trkpt lat="-37.93556" lon="145.49013">
        <ele>177.47</ele>
      </trkpt>
      <trkpt lat="-37.93555" lon="145.49006">
        <ele>177.77</ele>
      </trkpt>
      <trkpt lat="-37.93547" lon="145.49007">
        <ele>177.44</ele>
      </trkpt>
      <trkpt lat="-37.93544" lon="145.49007">
        <ele>177.33</ele>
      </trkpt>
      <trkpt lat="-37.93544" lon="145.48999">
        <ele>178.02</ele>
      </trkpt>
      <trkpt lat="-37.9354" lon="145.48999">
        <ele>178.02</ele>
      </trkpt>
      <trkpt lat="-37.93527" lon="145.49007">
        <ele>176.59</ele>
      </trkpt>
      <trkpt lat="-37.93517" lon="145.49012">
        <ele>174.01</ele>
      </trkpt>
      <trkpt lat="-37.93508" lon="145.49017">
        <ele>171.98</ele>
      </trkpt>
      <trkpt lat="-37.93498" lon="145.49024">
        <ele>170.12</ele>
      </trkpt>
      <trkpt lat="-37.93483" lon="145.49035">
        <ele>168.88</ele>
      </trkpt>
      <trkpt lat="-37.9347" lon="145.49037">
        <ele>167.92</ele>
      </trkpt>
      <trkpt lat="-37.93426" lon="145.49041">
        <ele>169.42</ele>
      </trkpt>
      <trkpt lat="-37.93391" lon="145.49042">
        <ele>169.12</ele>
      </trkpt>
      <trkpt lat="-37.93319" lon="145.49048">
        <ele>164.86</ele>
      </trkpt>
      <trkpt lat="-37.93277" lon="145.4903">
        <ele>162.4</ele>
      </trkpt>
      <trkpt lat="-37.93264" lon="145.49027">
        <ele>161.96</ele>
      </trkpt>
      <trkpt lat="-37.93264" lon="145.49027">
        <ele>161.96</ele>
      </trkpt>
      <trkpt lat="-37.93264" lon="145.49027">
        <ele>161.96</ele>
      </trkpt>
      <trkpt lat="-37.93184" lon="145.49011">
        <ele>167.38</ele>
      </trkpt>
      <trkpt lat="-37.93165" lon="145.49022">
        <ele>168.28</ele>
      </trkpt>
      <trkpt lat="-37.93152" lon="145.49051">
        <ele>174.73</ele>
      </trkpt>
      <trkpt lat="-37.93137" lon="145.49058">
        <ele>175.99</ele>
      </trkpt>
      <trkpt lat="-37.93111" lon="145.4904">
        <ele>173.43</ele>
      </trkpt>
      <trkpt lat="-37.93081" lon="145.49034">
        <ele>170.35</ele>
      </trkpt>
      <trkpt lat="-37.9305" lon="145.48991">
        <ele>173.34</ele>
      </trkpt>
      <trkpt lat="-37.9304" lon="145.48961">
        <ele>178.52</ele>
      </trkpt>
      <trkpt lat="-37.93046" lon="145.48908">
        <ele>188.49</ele>
      </trkpt>
      <trkpt lat="-37.93053" lon="145.48883">
        <ele>191.18</ele>
      </trkpt>
      <trkpt lat="-37.93047" lon="145.48864">
        <ele>195.34</ele>
      </trkpt>
      <trkpt lat="-37.93049" lon="145.48856">
        <ele>195.79</ele>
      </trkpt>
      <trkpt lat="-37.9308" lon="145.48835">
        <ele>196.77</ele>
      </trkpt>
      <trkpt lat="-37.93098" lon="145.48827">
        <ele>195.8</ele>
      </trkpt>
      <trkpt lat="-37.93096" lon="145.48817">
        <ele>197.53</ele>
      </trkpt>
      <trkpt lat="-37.93094" lon="145.48802">
        <ele>199.88</ele>
      </trkpt>
      <trkpt lat="-37.93083" lon="145.4874">
        <ele>207.73</ele>
      </trkpt>
      <trkpt lat="-37.93084" lon="145.48703">
        <ele>214.98</ele>
      </trkpt>
      <trkpt lat="-37.93076" lon="145.48632">
        <ele>218.83</ele>
      </trkpt>
      <trkpt lat="-37.93072" lon="145.4856">
        <ele>216.48</ele>
      </trkpt>
      <trkpt lat="-37.93074" lon="145.48551">
        <ele>216.13</ele>
      </trkpt>
      <trkpt lat="-37.93063" lon="145.48466">
        <ele>230.82</ele>
      </trkpt>
      <trkpt lat="-37.93064" lon="145.48448">
        <ele>234.57</ele>
      </trkpt>
      <trkpt lat="-37.93063" lon="145.48425">
        <ele>234.52</ele>
      </trkpt>
      <trkpt lat="-37.93057" lon="145.48398">
        <ele>234.03</ele>
      </trkpt>
      <trkpt lat="-37.93053" lon="145.48391">
        <ele>234.43</ele>
      </trkpt>
      <trkpt lat="-37.93049" lon="145.48382">
        <ele>235.31</ele>
      </trkpt>
      <trkpt lat="-37.93049" lon="145.4838">
        <ele>235.42</ele>
      </trkpt>
      <trkpt lat="-37.93049" lon="145.48363">
        <ele>236.32</ele>
      </trkpt>
      <trkpt lat="-37.93048" lon="145.48338">
        <ele>241.4</ele>
      </trkpt>
      <trkpt lat="-37.93063" lon="145.48285">
        <ele>241.39</ele>
      </trkpt>
      <trkpt lat="-37.93086" lon="145.48239">
        <ele>235.18</ele>
      </trkpt>
      <trkpt lat="-37.93114" lon="145.48213">
        <ele>236.01</ele>
      </trkpt>
      <trkpt lat="-37.93172" lon="145.48102">
        <ele>243.87</ele>
      </trkpt>
      <trkpt lat="-37.932" lon="145.48046">
        <ele>243.94</ele>
      </trkpt>
      <trkpt lat="-37.93177" lon="145.47971">
        <ele>244.56</ele>
      </trkpt>
      <trkpt lat="-37.93168" lon="145.47922">
        <ele>246.72</ele>
      </trkpt>
      <trkpt lat="-37.93196" lon="145.47871">
        <ele>250.48</ele>
      </trkpt>
      <trkpt lat="-37.93296" lon="145.47882">
        <ele>252.47</ele>
      </trkpt>
      <trkpt lat="-37.93296" lon="145.47882">
        <ele>252.47</ele>
      </trkpt>
      <trkpt lat="-37.93296" lon="145.47882">
        <ele>252.47</ele>
      </trkpt>
      <trkpt lat="-37.9331" lon="145.47884">
        <ele>250.19</ele>
      </trkpt>
      <trkpt lat="-37.93285" lon="145.47835">
        <ele>258.07</ele>
      </trkpt>
      <trkpt lat="-37.93287" lon="145.47731">
        <ele>257.0</ele>
      </trkpt>
      <trkpt lat="-37.93293" lon="145.47669">
        <ele>258.38</ele>
      </trkpt>
      <trkpt lat="-37.93306" lon="145.47618">
        <ele>259.56</ele>
      </trkpt>
      <trkpt lat="-37.9331" lon="145.476">
        <ele>258.33</ele>
      </trkpt>
      <trkpt lat="-37.93317" lon="145.47568">
        <ele>257.2</ele>
      </trkpt>
      <trkpt lat="-37.93313" lon="145.47533">
        <ele>255.26</ele>
      </trkpt>
      <trkpt lat="-37.93301" lon="145.47506">
        <ele>254.27</ele>
      </trkpt>
      <trkpt lat="-37.93287" lon="145.47488">
        <ele>255.39</ele>
      </trkpt>
      <trkpt lat="-37.93267" lon="145.47483">
        <ele>254.99</ele>
      </trkpt>
      <trkpt lat="-37.93256" lon="145.47487">
        <ele>254.32</ele>
      </trkpt>
      <trkpt lat="-37.93204" lon="145.47496">
        <ele>253.2</ele>
      </trkpt>
      <trkpt lat="-37.93148" lon="145.47485">
        <ele>249.05</ele>
      </trkpt>
      <trkpt lat="-37.93102" lon="145.47458">
        <ele>249.17</ele>
      </trkpt>
      <trkpt lat="-37.93087" lon="145.47422">
        <ele>247.49</ele>
      </trkpt>
      <trkpt lat="-37.93089" lon="145.4738">
        <ele>249.44</ele>
      </trkpt>
      <trkpt lat="-37.9312" lon="145.47319">
        <ele>249.47</ele>
      </trkpt>
      <trkpt lat="-37.93125" lon="145.47292">
        <ele>249.01</ele>
      </trkpt>
      <trkpt lat="-37.93121" lon="145.47266">
        <ele>247.36</ele>
      </trkpt>
      <trkpt lat="-37.93073" lon="145.47187">
        <ele>241.45</ele>
      </trkpt>
      <trkpt lat="-37.93029" lon="145.47178">
        <ele>238.32</ele>
      </trkpt>
      <trkpt lat="-37.9298" lon="145.47175">
        <ele>230.46</ele>
      </trkpt>
      <trkpt lat="-37.9295" lon="145.47154">
        <ele>229.67</ele>
      </trkpt>
      <trkpt lat="-37.92941" lon="145.47092">
        <ele>228.14</ele>
      </trkpt>
      <trkpt lat="-37.92931" lon="145.47028">
        <ele>230.0</ele>
      </trkpt>
      <trkpt lat="-37.92929" lon="145.47">
        <ele>229.44</ele>
      </trkpt>
      <trkpt lat="-37.92928" lon="145.46993">
        <ele>228.9</ele>
      </trkpt>
      <trkpt lat="-37.92926" lon="145.46986">
        <ele>228.33</ele>
      </trkpt>
      <trkpt lat="-37.92914" lon="145.46989">
        <ele>227.69</ele>
      </trkpt>
      <trkpt lat="-37.9291" lon="145.4699">
        <ele>226.95</ele>
      </trkpt>
      <trkpt lat="-37.929" lon="145.4699">
        <ele>224.94</ele>
      </trkpt>
      <trkpt lat="-37.92893" lon="145.46985">
        <ele>223.8</ele>
      </trkpt>
      <trkpt lat="-37.92855" lon="145.46942">
        <ele>215.55</ele>
      </trkpt>
      <trkpt lat="-37.92832" lon="145.46922">
        <ele>210.8</ele>
      </trkpt>
      <trkpt lat="-37.92802" lon="145.46919">
        <ele>210.85</ele>
      </trkpt>
      <trkpt lat="-37.92779" lon="145.46956">
        <ele>210.95</ele>
      </trkpt>
      <trkpt lat="-37.92765" lon="145.46965">
        <ele>217.98</ele>
      </trkpt>
      <trkpt lat="-37.92704" lon="145.4697">
        <ele>220.61</ele>
      </trkpt>
      <trkpt lat="-37.92683" lon="145.46984">
        <ele>219.35</ele>
      </trkpt>
      <trkpt lat="-37.9267" lon="145.46982">
        <ele>218.55</ele>
      </trkpt>
      <trkpt lat="-37.92663" lon="145.4698">
        <ele>218.43</ele>
      </trkpt>
      <trkpt lat="-37.92651" lon="145.46974">
        <ele>219.08</ele>
      </trkpt>
      <trkpt lat="-37.92646" lon="145.46954">
        <ele>218.34</ele>
      </trkpt>
      <trkpt lat="-37.9264" lon="145.46866">
        <ele>221.95</ele>
      </trkpt>
      <trkpt lat="-37.92634" lon="145.46843">
        <ele>222.36</ele>
      </trkpt>
      <trkpt lat="-37.92589" lon="145.46805">
        <ele>217.84</ele>
      </trkpt>
      <trkpt lat="-37.92571" lon="145.46785">
        <ele>217.18</ele>
      </trkpt>
      <trkpt lat="-37.92568" lon="145.46774">
        <ele>217.64</ele>
      </trkpt>
      <trkpt lat="-37.92565" lon="145.46716">
        <ele>218.78</ele>
      </trkpt>
      <trkpt lat="-37.92549" lon="145.46676">
        <ele>218.06</ele>
      </trkpt>
      <trkpt lat="-37.92535" lon="145.4662">
        <ele>223.1</ele>
      </trkpt>
      <trkpt lat="-37.92546" lon="145.46593">
        <ele>225.3</ele>
      </trkpt>
      <trkpt lat="-37.92552" lon="145.4655">
        <ele>230.78</ele>
      </trkpt>
      <trkpt lat="-37.92602" lon="145.46503">
        <ele>234.71</ele>
      </trkpt>
      <trkpt lat="-37.92621" lon="145.46482">
        <ele>239.79</ele>
      </trkpt>
      <trkpt lat="-37.9265" lon="145.46468">
        <ele>243.38</ele>
      </trkpt>
      <trkpt lat="-37.92684" lon="145.46428">
        <ele>245.4</ele>
      </trkpt>
      <trkpt lat="-37.92709" lon="145.46386">
        <ele>244.69</ele>
      </trkpt>
      <trkpt lat="-37.92737" lon="145.46297">
        <ele>233.7</ele>
      </trkpt>
      <trkpt lat="-37.92736" lon="145.46266">
        <ele>232.95</ele>
      </trkpt>
      <trkpt lat="-37.92736" lon="145.46198">
        <ele>234.01</ele>
      </trkpt>
      <trkpt lat="-37.92731" lon="145.46171">
        <ele>232.99</ele>
      </trkpt>
      <trkpt lat="-37.92732" lon="145.46137">
        <ele>234.79</ele>
      </trkpt>
      <trkpt lat="-37.92735" lon="145.46118">
        <ele>236.13</ele>
      </trkpt>
      <trkpt lat="-37.92735" lon="145.46096">
        <ele>238.32</ele>
      </trkpt>
      <trkpt lat="-37.92742" lon="145.4608">
        <ele>239.07</ele>
      </trkpt>
      <trkpt lat="-37.92755" lon="145.46069">
        <ele>237.41</ele>
      </trkpt>
      <trkpt lat="-37.92768" lon="145.46057">
        <ele>233.48</ele>
      </trkpt>
      <trkpt lat="-37.92787" lon="145.45995">
        <ele>237.52</ele>
      </trkpt>
      <trkpt lat="-37.9279" lon="145.45982">
        <ele>237.77</ele>
      </trkpt>
      <trkpt lat="-37.9279" lon="145.45982">
        <ele>237.77</ele>
      </trkpt>
      <trkpt lat="-37.92815" lon="145.45939">
        <ele>235.53</ele>
      </trkpt>
      <trkpt lat="-37.92815" lon="145.45939">
        <ele>235.53</ele>
      </trkpt>
      <trkpt lat="-37.92844" lon="145.45889">
        <ele>232.46</ele>
      </trkpt>
      <trkpt lat="-37.92844" lon="145.45889">
        <ele>232.46</ele>
      </trkpt>
      <trkpt lat="-37.92921" lon="145.45904">
        <ele>227.73</ele>
      </trkpt>
      <trkpt lat="-37.92921" lon="145.45904">
        <ele>227.73</ele>
      </trkpt>
      <trkpt lat="-37.92921" lon="145.45904">
        <ele>227.73</ele>
      </trkpt>
      <trkpt lat="-37.92944" lon="145.45906">
        <ele>231.4</ele>
      </trkpt>
      <trkpt lat="-37.92962" lon="145.4589">
        <ele>231.01</ele>
      </trkpt>
      <trkpt lat="-37.92977" lon="145.45893">
        <ele>233.01</ele>
      </trkpt>
      <trkpt lat="-37.92989" lon="145.45904">
        <ele>235.83</ele>
      </trkpt>
      <trkpt lat="-37.92996" lon="145.45904">
        <ele>236.98</ele>
      </trkpt>
      <trkpt lat="-37.93005" lon="145.45905">
        <ele>237.84</ele>
      </trkpt>
      <trkpt lat="-37.93026" lon="145.45905">
        <ele>238.28</ele>
      </trkpt>
      <trkpt lat="-37.93038" lon="145.45906">
        <ele>238.75</ele>
      </trkpt>
      <trkpt lat="-37.93049" lon="145.45904">
        <ele>238.87</ele>
      </trkpt>
      <trkpt lat="-37.9307" lon="145.45902">
        <ele>238.42</ele>
      </trkpt>
      <trkpt lat="-37.9308" lon="145.45876">
        <ele>236.14</ele>
      </trkpt>
      <trkpt lat="-37.93063" lon="145.45865">
        <ele>235.38</ele>
      </trkpt>
      <trkpt lat="-37.93061" lon="145.45863">
        <ele>235.19</ele>
      </trkpt>
      <trkpt lat="-37.93061" lon="145.45863">
        <ele>235.19</ele>
      </trkpt>
      <trkpt lat="-37.93061" lon="145.45863">
        <ele>235.19</ele>
      </trkpt>
      <trkpt lat="-37.93063" lon="145.45865">
        <ele>235.38</ele>
      </trkpt>
      <trkpt lat="-37.9308" lon="145.45876">
        <ele>236.14</ele>
      </trkpt>
      <trkpt lat="-37.9307" lon="145.45902">
        <ele>238.42</ele>
      </trkpt>
      <trkpt lat="-37.93049" lon="145.45904">
        <ele>238.87</ele>
      </trkpt>
      <trkpt lat="-37.93038" lon="145.45906">
        <ele>238.75</ele>
      </trkpt>
      <trkpt lat="-37.93008" lon="145.4593">
        <ele>242.51</ele>
      </trkpt>
      <trkpt lat="-37.92986" lon="145.45933">
        <ele>240.0</ele>
      </trkpt>
      <trkpt lat="-37.92985" lon="145.45929">
        <ele>238.93</ele>
      </trkpt>
      <trkpt lat="-37.92983" lon="145.45926">
        <ele>237.88</ele>
      </trkpt>
      <trkpt lat="-37.9298" lon="145.45924">
        <ele>236.87</ele>
      </trkpt>
      <trkpt lat="-37.92977" lon="145.45922">
        <ele>235.89</ele>
      </trkpt>
      <trkpt lat="-37.92974" lon="145.4592">
        <ele>234.94</ele>
      </trkpt>
      <trkpt lat="-37.92971" lon="145.45918">
        <ele>234.19</ele>
      </trkpt>
      <trkpt lat="-37.92968" lon="145.45917">
        <ele>233.9</ele>
      </trkpt>
      <trkpt lat="-37.92966" lon="145.45916">
        <ele>233.72</ele>
      </trkpt>
      <trkpt lat="-37.92963" lon="145.45915">
        <ele>233.51</ele>
      </trkpt>
      <trkpt lat="-37.9296" lon="145.45914">
        <ele>233.28</ele>
      </trkpt>
      <trkpt lat="-37.92958" lon="145.45914">
        <ele>233.2</ele>
      </trkpt>
      <trkpt lat="-37.92941" lon="145.45917">
        <ele>232.39</ele>
      </trkpt>
      <trkpt lat="-37.92935" lon="145.45918">
        <ele>231.32</ele>
      </trkpt>
      <trkpt lat="-37.9293" lon="145.45919">
        <ele>230.4</ele>
      </trkpt>
      <trkpt lat="-37.92927" lon="145.4592">
        <ele>229.83</ele>
      </trkpt>
      <trkpt lat="-37.92919" lon="145.45922">
        <ele>228.26</ele>
      </trkpt>
      <trkpt lat="-37.92917" lon="145.45923">
        <ele>227.84</ele>
      </trkpt>
      <trkpt lat="-37.92915" lon="145.45924">
        <ele>227.69</ele>
      </trkpt>
      <trkpt lat="-37.92911" lon="145.45925">
        <ele>227.56</ele>
      </trkpt>
      <trkpt lat="-37.9291" lon="145.45935">
        <ele>227.26</ele>
      </trkpt>
      <trkpt lat="-37.92901" lon="145.45962">
        <ele>228.18</ele>
      </trkpt>
      <trkpt lat="-37.92894" lon="145.45986">
        <ele>229.63</ele>
      </trkpt>
      <trkpt lat="-37.9287" lon="145.46027">
        <ele>234.78</ele>
      </trkpt>
      <trkpt lat="-37.92855" lon="145.46037">
        <ele>234.56</ele>
      </trkpt>
      <trkpt lat="-37.9285" lon="145.46035">
        <ele>233.26</ele>
      </trkpt>
      <trkpt lat="-37.92855" lon="145.46018">
        <ele>231.59</ele>
      </trkpt>
      <trkpt lat="-37.92859" lon="145.46001">
        <ele>230.17</ele>
      </trkpt>
      <trkpt lat="-37.92861" lon="145.45986">
        <ele>230.01</ele>
      </trkpt>
      <trkpt lat="-37.92862" lon="145.45978">
        <ele>229.95</ele>
      </trkpt>
      <trkpt lat="-37.92862" lon="145.4597">
        <ele>229.78</ele>
      </trkpt>
      <trkpt lat="-37.92861" lon="145.45963">
        <ele>229.36</ele>
      </trkpt>
      <trkpt lat="-37.9286" lon="145.45958">
        <ele>229.2</ele>
      </trkpt>
      <trkpt lat="-37.92858" lon="145.45952">
        <ele>229.24</ele>
      </trkpt>
      <trkpt lat="-37.92855" lon="145.45948">
        <ele>229.71</ele>
      </trkpt>
      <trkpt lat="-37.92849" lon="145.45943">
        <ele>231.04</ele>
      </trkpt>
      <trkpt lat="-37.9284" lon="145.45936">
        <ele>232.93</ele>
      </trkpt>
      <trkpt lat="-37.92834" lon="145.45932">
        <ele>233.97</ele>
      </trkpt>
      <trkpt lat="-37.92818" lon="145.45924">
        <ele>234.89</ele>
      </trkpt>
      <trkpt lat="-37.92814" lon="145.45922">
        <ele>235.2</ele>
      </trkpt>
      <trkpt lat="-37.92827" lon="145.45904">
        <ele>234.35</ele>
      </trkpt>
      <trkpt lat="-37.92845" lon="145.45881">
        <ele>233.05</ele>
      </trkpt>
      <trkpt lat="-37.92854" lon="145.45871">
        <ele>232.48</ele>
      </trkpt>
      <trkpt lat="-37.92859" lon="145.45863">
        <ele>232.24</ele>
      </trkpt>
      <trkpt lat="-37.92865" lon="145.45856">
        <ele>231.97</ele>
      </trkpt>
      <trkpt lat="-37.92871" lon="145.45847">
        <ele>232.13</ele>
      </trkpt>
      <trkpt lat="-37.92876" lon="145.45841">
        <ele>232.23</ele>
      </trkpt>
      <trkpt lat="-37.92882" lon="145.45836">
        <ele>232.23</ele>
      </trkpt>
      <trkpt lat="-37.92922" lon="145.45806">
        <ele>232.97</ele>
      </trkpt>
      <trkpt lat="-37.92933" lon="145.45796">
        <ele>234.44</ele>
      </trkpt>
      <trkpt lat="-37.92941" lon="145.45788">
        <ele>236.0</ele>
      </trkpt>
      <trkpt lat="-37.9295" lon="145.4578">
        <ele>237.45</ele>
      </trkpt>
      <trkpt lat="-37.92956" lon="145.45773">
        <ele>238.03</ele>
      </trkpt>
      <trkpt lat="-37.92961" lon="145.45767">
        <ele>238.34</ele>
      </trkpt>
      <trkpt lat="-37.92966" lon="145.4576">
        <ele>238.65</ele>
      </trkpt>
      <trkpt lat="-37.9297" lon="145.45752">
        <ele>239.01</ele>
      </trkpt>
      <trkpt lat="-37.92976" lon="145.45744">
        <ele>239.11</ele>
      </trkpt>
      <trkpt lat="-37.92982" lon="145.45735">
        <ele>239.38</ele>
      </trkpt>
      <trkpt lat="-37.92988" lon="145.45731">
        <ele>239.5</ele>
      </trkpt>
      <trkpt lat="-37.92993" lon="145.45722">
        <ele>240.01</ele>
      </trkpt>
      <trkpt lat="-37.92996" lon="145.45712">
        <ele>240.47</ele>
      </trkpt>
      <trkpt lat="-37.93005" lon="145.45691">
        <ele>240.91</ele>
      </trkpt>
      <trkpt lat="-37.93012" lon="145.45676">
        <ele>241.79</ele>
      </trkpt>
      <trkpt lat="-37.93018" lon="145.45667">
        <ele>241.73</ele>
      </trkpt>
      <trkpt lat="-37.93024" lon="145.45655">
        <ele>243.68</ele>
      </trkpt>
      <trkpt lat="-37.93028" lon="145.4565">
        <ele>244.18</ele>
      </trkpt>
      <trkpt lat="-37.93035" lon="145.45643">
        <ele>245.26</ele>
      </trkpt>
      <trkpt lat="-37.93041" lon="145.4565">
        <ele>243.15</ele>
      </trkpt>
      <trkpt lat="-37.93051" lon="145.45616">
        <ele>248.88</ele>
      </trkpt>
      <trkpt lat="-37.9307" lon="145.4559">
        <ele>247.79</ele>
      </trkpt>
      <trkpt lat="-37.93085" lon="145.45586">
        <ele>245.1</ele>
      </trkpt>
      <trkpt lat="-37.93082" lon="145.45572">
        <ele>248.27</ele>
      </trkpt>
      <trkpt lat="-37.9309" lon="145.45539">
        <ele>251.11</ele>
      </trkpt>
      <trkpt lat="-37.9309" lon="145.45539">
        <ele>251.11</ele>
      </trkpt>
      <trkpt lat="-37.9309" lon="145.45539">
        <ele>251.11</ele>
      </trkpt>
      <trkpt lat="-37.93082" lon="145.45572">
        <ele>248.27</ele>
      </trkpt>
      <trkpt lat="-37.93085" lon="145.45586">
        <ele>245.1</ele>
      </trkpt>
      <trkpt lat="-37.93089" lon="145.45572">
        <ele>246.73</ele>
      </trkpt>
      <trkpt lat="-37.93102" lon="145.45513">
        <ele>250.54</ele>
      </trkpt>
      <trkpt lat="-37.93113" lon="145.45445">
        <ele>254.37</ele>
      </trkpt>
      <trkpt lat="-37.93108" lon="145.454">
        <ele>254.7</ele>
      </trkpt>
      <trkpt lat="-37.93094" lon="145.4534">
        <ele>258.32</ele>
      </trkpt>
      <trkpt lat="-37.93072" lon="145.45272">
        <ele>257.83</ele>
      </trkpt>
      <trkpt lat="-37.93066" lon="145.45253">
        <ele>258.57</ele>
      </trkpt>
      <trkpt lat="-37.93066" lon="145.45253">
        <ele>258.57</ele>
      </trkpt>
      <trkpt lat="-37.93066" lon="145.45253">
        <ele>258.57</ele>
      </trkpt>
      <trkpt lat="-37.93041" lon="145.45156">
        <ele>263.21</ele>
      </trkpt>
      <trkpt lat="-37.93037" lon="145.45136">
        <ele>261.59</ele>
      </trkpt>
      <trkpt lat="-37.93033" lon="145.45126">
        <ele>261.2</ele>
      </trkpt>
      <trkpt lat="-37.93026" lon="145.45113">
        <ele>261.25</ele>
      </trkpt>
      <trkpt lat="-37.93023" lon="145.45099">
        <ele>263.22</ele>
      </trkpt>
      <trkpt lat="-37.93022" lon="145.45091">
        <ele>264.46</ele>
      </trkpt>
      <trkpt lat="-37.9302" lon="145.45082">
        <ele>266.21</ele>
      </trkpt>
      <trkpt lat="-37.93012" lon="145.45066">
        <ele>270.66</ele>
      </trkpt>
      <trkpt lat="-37.93007" lon="145.45052">
        <ele>273.5</ele>
      </trkpt>
      <trkpt lat="-37.93004" lon="145.45037">
        <ele>276.1</ele>
      </trkpt>
      <trkpt lat="-37.93006" lon="145.45028">
        <ele>277.1</ele>
      </trkpt>
      <trkpt lat="-37.93012" lon="145.45018">
        <ele>276.78</ele>
      </trkpt>
      <trkpt lat="-37.93014" lon="145.45008">
        <ele>277.05</ele>
      </trkpt>
      <trkpt lat="-37.93019" lon="145.44997">
        <ele>276.85</ele>
      </trkpt>
      <trkpt lat="-37.93042" lon="145.44998">
        <ele>274.03</ele>
      </trkpt>
      <trkpt lat="-37.9305" lon="145.44931">
        <ele>275.21</ele>
      </trkpt>
      <trkpt lat="-37.93052" lon="145.44922">
        <ele>275.05</ele>
      </trkpt>
      <trkpt lat="-37.93073" lon="145.44831">
        <ele>274.42</ele>
      </trkpt>
      <trkpt lat="-37.93122" lon="145.44832">
        <ele>281.93</ele>
      </trkpt>
      <trkpt lat="-37.93135" lon="145.44832">
        <ele>284.29</ele>
      </trkpt>
      <trkpt lat="-37.93141" lon="145.4483">
        <ele>286.05</ele>
      </trkpt>
      <trkpt lat="-37.93145" lon="145.44828">
        <ele>288.0</ele>
      </trkpt>
      <trkpt lat="-37.93149" lon="145.44824">
        <ele>289.85</ele>
      </trkpt>
      <trkpt lat="-37.93154" lon="145.44817">
        <ele>291.98</ele>
      </trkpt>
      <trkpt lat="-37.9316" lon="145.44804">
        <ele>294.05</ele>
      </trkpt>
      <trkpt lat="-37.93162" lon="145.44799">
        <ele>294.55</ele>
      </trkpt>
      <trkpt lat="-37.93163" lon="145.44794">
        <ele>294.55</ele>
      </trkpt>
      <trkpt lat="-37.93164" lon="145.44788">
        <ele>294.38</ele>
      </trkpt>
      <trkpt lat="-37.93169" lon="145.44787">
        <ele>295.44</ele>
      </trkpt>
      <trkpt lat="-37.93172" lon="145.44764">
        <ele>292.59</ele>
      </trkpt>
      <trkpt lat="-37.93172" lon="145.44696">
        <ele>294.04</ele>
      </trkpt>
      <trkpt lat="-37.93172" lon="145.44678">
        <ele>297.67</ele>
      </trkpt>
      <trkpt lat="-37.93172" lon="145.4467">
        <ele>299.34</ele>
      </trkpt>
      <trkpt lat="-37.93175" lon="145.44669">
        <ele>299.02</ele>
      </trkpt>
      <trkpt lat="-37.93176" lon="145.44668">
        <ele>299.05</ele>
      </trkpt>
      <trkpt lat="-37.93173" lon="145.44665">
        <ele>300.04</ele>
      </trkpt>
      <trkpt lat="-37.93176" lon="145.44659">
        <ele>300.15</ele>
      </trkpt>
      <trkpt lat="-37.9318" lon="145.44655">
        <ele>299.86</ele>
      </trkpt>
      <trkpt lat="-37.93178" lon="145.44652">
        <ele>300.54</ele>
      </trkpt>
      <trkpt lat="-37.93178" lon="145.44652">
        <ele>300.54</ele>
      </trkpt>
      <trkpt lat="-37.93183" lon="145.44656">
        <ele>299.21</ele>
      </trkpt>
      <trkpt lat="-37.93202" lon="145.44676">
        <ele>293.51</ele>
      </trkpt>
      <trkpt lat="-37.93204" lon="145.44674">
        <ele>293.58</ele>
      </trkpt>
      <trkpt lat="-37.93205" lon="145.44675">
        <ele>293.32</ele>
      </trkpt>
      <trkpt lat="-37.93204" lon="145.44678">
        <ele>293.01</ele>
      </trkpt>
      <trkpt lat="-37.93206" lon="145.44681">
        <ele>292.4</ele>
      </trkpt>
      <trkpt lat="-37.93208" lon="145.44683">
        <ele>291.97</ele>
      </trkpt>
      <trkpt lat="-37.9321" lon="145.4468">
        <ele>292.17</ele>
      </trkpt>
      <trkpt lat="-37.93212" lon="145.44681">
        <ele>291.87</ele>
      </trkpt>
      <trkpt lat="-37.9321" lon="145.44684">
        <ele>291.69</ele>
      </trkpt>
      <trkpt lat="-37.93216" lon="145.4469">
        <ele>290.65</ele>
      </trkpt>
      <trkpt lat="-37.93237" lon="145.44653">
        <ele>292.94</ele>
      </trkpt>
      <trkpt lat="-37.93262" lon="145.4462">
        <ele>292.91</ele>
      </trkpt>
      <trkpt lat="-37.93279" lon="145.446">
        <ele>291.81</ele>
      </trkpt>
      <trkpt lat="-37.93279" lon="145.446">
        <ele>291.81</ele>
      </trkpt>
      <trkpt lat="-37.93306" lon="145.44567">
        <ele>293.43</ele>
      </trkpt>
      <trkpt lat="-37.93368" lon="145.445">
        <ele>294.5</ele>
      </trkpt>
      <trkpt lat="-37.93414" lon="145.44444">
        <ele>303.33</ele>
      </trkpt>
      <trkpt lat="-37.93417" lon="145.44438">
        <ele>303.61</ele>
      </trkpt>
      <trkpt lat="-37.93427" lon="145.4441">
        <ele>304.53</ele>
      </trkpt>
      <trkpt lat="-37.93433" lon="145.44393">
        <ele>304.26</ele>
      </trkpt>
      <trkpt lat="-37.93435" lon="145.44386">
        <ele>304.25</ele>
      </trkpt>
      <trkpt lat="-37.93435" lon="145.44379">
        <ele>304.75</ele>
      </trkpt>
      <trkpt lat="-37.93435" lon="145.44373">
        <ele>305.18</ele>
      </trkpt>
      <trkpt lat="-37.93436" lon="145.44366">
        <ele>305.47</ele>
      </trkpt>
      <trkpt lat="-37.93437" lon="145.44364">
        <ele>305.4</ele>
      </trkpt>
      <trkpt lat="-37.93436" lon="145.44363">
        <ele>305.69</ele>
      </trkpt>
      <trkpt lat="-37.93435" lon="145.44365">
        <ele>305.76</ele>
      </trkpt>
      <trkpt lat="-37.93433" lon="145.44364">
        <ele>306.26</ele>
      </trkpt>
      <trkpt lat="-37.93431" lon="145.44363">
        <ele>306.77</ele>
      </trkpt>
      <trkpt lat="-37.93432" lon="145.4436">
        <ele>306.68</ele>
      </trkpt>
      <trkpt lat="-37.93431" lon="145.4436">
        <ele>306.9</ele>
      </trkpt>
      <trkpt lat="-37.9343" lon="145.44362">
        <ele>307.06</ele>
      </trkpt>
      <trkpt lat="-37.93419" lon="145.44352">
        <ele>310.04</ele>
      </trkpt>
      <trkpt lat="-37.93423" lon="145.44341">
        <ele>309.42</ele>
      </trkpt>
      <trkpt lat="-37.93425" lon="145.44333">
        <ele>309.02</ele>
      </trkpt>
      <trkpt lat="-37.93448" lon="145.44279">
        <ele>305.26</ele>
      </trkpt>
      <trkpt lat="-37.93454" lon="145.44262">
        <ele>306.75</ele>
      </trkpt>
      <trkpt lat="-37.93457" lon="145.44256">
        <ele>307.23</ele>
      </trkpt>
      <trkpt lat="-37.93459" lon="145.44249">
        <ele>308.12</ele>
      </trkpt>
      <trkpt lat="-37.9346" lon="145.44241">
        <ele>309.78</ele>
      </trkpt>
      <trkpt lat="-37.93462" lon="145.44221">
        <ele>314.12</ele>
      </trkpt>
      <trkpt lat="-37.93462" lon="145.44216">
        <ele>314.59</ele>
      </trkpt>
      <trkpt lat="-37.93468" lon="145.44178">
        <ele>316.85</ele>
      </trkpt>
      <trkpt lat="-37.93476" lon="145.44122">
        <ele>312.71</ele>
      </trkpt>
      <trkpt lat="-37.93476" lon="145.44114">
        <ele>311.89</ele>
      </trkpt>
      <trkpt lat="-37.93476" lon="145.44111">
        <ele>311.59</ele>
      </trkpt>
      <trkpt lat="-37.93476" lon="145.44108">
        <ele>311.64</ele>
      </trkpt>
      <trkpt lat="-37.93475" lon="145.44104">
        <ele>311.78</ele>
      </trkpt>
      <trkpt lat="-37.93474" lon="145.441">
        <ele>311.88</ele>
      </trkpt>
      <trkpt lat="-37.93473" lon="145.44097">
        <ele>311.96</ele>
      </trkpt>
      <trkpt lat="-37.93471" lon="145.44093">
        <ele>311.99</ele>
      </trkpt>
      <trkpt lat="-37.93469" lon="145.44089">
        <ele>311.93</ele>
      </trkpt>
      <trkpt lat="-37.93465" lon="145.44086">
        <ele>311.79</ele>
      </trkpt>
      <trkpt lat="-37.93461" lon="145.44085">
        <ele>311.64</ele>
      </trkpt>
      <trkpt lat="-37.9345" lon="145.44085">
        <ele>311.3</ele>
      </trkpt>
      <trkpt lat="-37.93441" lon="145.44088">
        <ele>311.58</ele>
      </trkpt>
      <trkpt lat="-37.93429" lon="145.44091">
        <ele>312.66</ele>
      </trkpt>
      <trkpt lat="-37.93422" lon="145.44092">
        <ele>313.24</ele>
      </trkpt>
      <trkpt lat="-37.93422" lon="145.44092">
        <ele>313.24</ele>
      </trkpt>
      <trkpt lat="-37.93422" lon="145.44092">
        <ele>313.24</ele>
      </trkpt>
      <trkpt lat="-37.93422" lon="145.44092">
        <ele>313.24</ele>
      </trkpt>
      <trkpt lat="-37.93422" lon="145.44088">
        <ele>312.95</ele>
      </trkpt>
      <trkpt lat="-37.93419" lon="145.44081">
        <ele>312.62</ele>
      </trkpt>
      <trkpt lat="-37.93415" lon="145.44081">
        <ele>312.82</ele>
      </trkpt>
      <trkpt lat="-37.93395" lon="145.4408">
        <ele>313.61</ele>
      </trkpt>
      <trkpt lat="-37.93352" lon="145.44078">
        <ele>312.99</ele>
      </trkpt>
      <trkpt lat="-37.9334" lon="145.44079">
        <ele>313.88</ele>
      </trkpt>
      <trkpt lat="-37.93337" lon="145.44079">
        <ele>314.1</ele>
      </trkpt>
      <trkpt lat="-37.93335" lon="145.44079">
        <ele>314.25</ele>
      </trkpt>
      <trkpt lat="-37.93331" lon="145.4408">
        <ele>314.76</ele>
      </trkpt>
      <trkpt lat="-37.93331" lon="145.4408">
        <ele>314.76</ele>
      </trkpt>
      <trkpt lat="-37.9333" lon="145.44081">
        <ele>315.01</ele>
      </trkpt>
      <trkpt lat="-37.93329" lon="145.44082">
        <ele>315.27</ele>
      </trkpt>
      <trkpt lat="-37.93328" lon="145.44082">
        <ele>315.37</ele>
      </trkpt>
      <trkpt lat="-37.93326" lon="145.44082">
        <ele>315.59</ele>
      </trkpt>
      <trkpt lat="-37.93324" lon="145.44082">
        <ele>315.8</ele>
      </trkpt>
      <trkpt lat="-37.93323" lon="145.44081">
        <ele>315.75</ele>
      </trkpt>
      <trkpt lat="-37.93322" lon="145.4408">
        <ele>315.7</ele>
      </trkpt>
      <trkpt lat="-37.9332" lon="145.44078">
        <ele>315.58</ele>
      </trkpt>
      <trkpt lat="-37.93317" lon="145.44077">
        <ele>315.72</ele>
      </trkpt>
      <trkpt lat="-37.93312" lon="145.44076">
        <ele>316.05</ele>
      </trkpt>
      <trkpt lat="-37.93308" lon="145.44075">
        <ele>316.26</ele>
      </trkpt>
      <trkpt lat="-37.93298" lon="145.44073">
        <ele>315.32</ele>
      </trkpt>
      <trkpt lat="-37.93272" lon="145.44073">
        <ele>312.28</ele>
      </trkpt>
      <trkpt lat="-37.93248" lon="145.44073">
        <ele>308.95</ele>
      </trkpt>
      <trkpt lat="-37.93244" lon="145.44073">
        <ele>308.86</ele>
      </trkpt>
      <trkpt lat="-37.93238" lon="145.44073">
        <ele>308.73</ele>
      </trkpt>
      <trkpt lat="-37.93234" lon="145.44073">
        <ele>308.64</ele>
      </trkpt>
      <trkpt lat="-37.9323" lon="145.44074">
        <ele>308.52</ele>
      </trkpt>
      <trkpt lat="-37.93227" lon="145.44073">
        <ele>308.48</ele>
      </trkpt>
      <trkpt lat="-37.93224" lon="145.44072">
        <ele>308.45</ele>
      </trkpt>
      <trkpt lat="-37.93221" lon="145.44071">
        <ele>308.47</ele>
      </trkpt>
      <trkpt lat="-37.9322" lon="145.4407">
        <ele>308.52</ele>
      </trkpt>
      <trkpt lat="-37.93218" lon="145.44067">
        <ele>308.65</ele>
      </trkpt>
      <trkpt lat="-37.93218" lon="145.44067">
        <ele>308.65</ele>
      </trkpt>
      <trkpt lat="-37.93217" lon="145.44065">
        <ele>308.72</ele>
      </trkpt>
      <trkpt lat="-37.93216" lon="145.44064">
        <ele>308.76</ele>
      </trkpt>
      <trkpt lat="-37.93215" lon="145.44063">
        <ele>308.8</ele>
      </trkpt>
      <trkpt lat="-37.93214" lon="145.44061">
        <ele>308.86</ele>
      </trkpt>
      <trkpt lat="-37.93212" lon="145.44058">
        <ele>308.94</ele>
      </trkpt>
      <trkpt lat="-37.93211" lon="145.44054">
        <ele>308.99</ele>
      </trkpt>
      <trkpt lat="-37.93211" lon="145.44047">
        <ele>308.94</ele>
      </trkpt>
      <trkpt lat="-37.9321" lon="145.44034">
        <ele>308.91</ele>
      </trkpt>
      <trkpt lat="-37.9321" lon="145.4403">
        <ele>308.89</ele>
      </trkpt>
      <trkpt lat="-37.93211" lon="145.43991">
        <ele>307.72</ele>
      </trkpt>
      <trkpt lat="-37.93211" lon="145.43979">
        <ele>307.89</ele>
      </trkpt>
      <trkpt lat="-37.93212" lon="145.43966">
        <ele>307.85</ele>
      </trkpt>
      <trkpt lat="-37.93212" lon="145.43951">
        <ele>307.11</ele>
      </trkpt>
      <trkpt lat="-37.93212" lon="145.43931">
        <ele>306.26</ele>
      </trkpt>
      <trkpt lat="-37.93212" lon="145.43909">
        <ele>305.72</ele>
      </trkpt>
      <trkpt lat="-37.93213" lon="145.43888">
        <ele>306.03</ele>
      </trkpt>
      <trkpt lat="-37.93214" lon="145.43822">
        <ele>306.95</ele>
      </trkpt>
      <trkpt lat="-37.93214" lon="145.4381">
        <ele>306.47</ele>
      </trkpt>
      <trkpt lat="-37.93214" lon="145.438">
        <ele>306.21</ele>
      </trkpt>
      <trkpt lat="-37.93213" lon="145.43794">
        <ele>306.19</ele>
      </trkpt>
      <trkpt lat="-37.93212" lon="145.43786">
        <ele>306.18</ele>
      </trkpt>
      <trkpt lat="-37.9321" lon="145.43778">
        <ele>306.32</ele>
      </trkpt>
      <trkpt lat="-37.93208" lon="145.4377">
        <ele>307.38</ele>
      </trkpt>
      <trkpt lat="-37.93204" lon="145.43762">
        <ele>308.67</ele>
      </trkpt>
      <trkpt lat="-37.93199" lon="145.43753">
        <ele>310.18</ele>
      </trkpt>
      <trkpt lat="-37.93193" lon="145.43744">
        <ele>310.94</ele>
      </trkpt>
      <trkpt lat="-37.93187" lon="145.43734">
        <ele>310.08</ele>
      </trkpt>
      <trkpt lat="-37.93179" lon="145.43721">
        <ele>308.7</ele>
      </trkpt>
      <trkpt lat="-37.9317" lon="145.43707">
        <ele>306.85</ele>
      </trkpt>
      <trkpt lat="-37.93164" lon="145.43697">
        <ele>305.14</ele>
      </trkpt>
      <trkpt lat="-37.93156" lon="145.43679">
        <ele>302.84</ele>
      </trkpt>
      <trkpt lat="-37.93145" lon="145.43656">
        <ele>301.78</ele>
      </trkpt>
      <trkpt lat="-37.93136" lon="145.43628">
        <ele>301.25</ele>
      </trkpt>
      <trkpt lat="-37.93128" lon="145.43609">
        <ele>300.84</ele>
      </trkpt>
      <trkpt lat="-37.9312" lon="145.43595">
        <ele>302.06</ele>
      </trkpt>
      <trkpt lat="-37.93109" lon="145.43576">
        <ele>302.47</ele>
      </trkpt>
      <trkpt lat="-37.93101" lon="145.43575">
        <ele>301.46</ele>
      </trkpt>
      <trkpt lat="-37.93096" lon="145.43574">
        <ele>300.85</ele>
      </trkpt>
      <trkpt lat="-37.9309" lon="145.43572">
        <ele>300.17</ele>
      </trkpt>
      <trkpt lat="-37.93086" lon="145.43571">
        <ele>299.74</ele>
      </trkpt>
      <trkpt lat="-37.93079" lon="145.43568">
        <ele>298.48</ele>
      </trkpt>
      <trkpt lat="-37.9307" lon="145.43564">
        <ele>296.52</ele>
      </trkpt>
      <trkpt lat="-37.9306" lon="145.43563">
        <ele>294.24</ele>
      </trkpt>
      <trkpt lat="-37.9304" lon="145.43562">
        <ele>291.06</ele>
      </trkpt>
      <trkpt lat="-37.9294" lon="145.43558">
        <ele>285.87</ele>
      </trkpt>
      <trkpt lat="-37.92931" lon="145.43558">
        <ele>288.59</ele>
      </trkpt>
      <trkpt lat="-37.92931" lon="145.43558">
        <ele>288.59</ele>
      </trkpt>
      <trkpt lat="-37.92931" lon="145.43558">
        <ele>288.59</ele>
      </trkpt>
      <trkpt lat="-37.9289" lon="145.43557">
        <ele>292.09</ele>
      </trkpt>
      <trkpt lat="-37.92799" lon="145.43555">
        <ele>300.49</ele>
      </trkpt>
      <trkpt lat="-37.92756" lon="145.43554">
        <ele>303.52</ele>
      </trkpt>
      <trkpt lat="-37.92749" lon="145.43551">
        <ele>303.8</ele>
      </trkpt>
      <trkpt lat="-37.92746" lon="145.43548">
        <ele>303.58</ele>
      </trkpt>
      <trkpt lat="-37.92744" lon="145.43541">
        <ele>303.26</ele>
      </trkpt>
      <trkpt lat="-37.92744" lon="145.43532">
        <ele>302.94</ele>
      </trkpt>
      <trkpt lat="-37.92743" lon="145.43489">
        <ele>303.74</ele>
      </trkpt>
      <trkpt lat="-37.92739" lon="145.43478">
        <ele>306.15</ele>
      </trkpt>
      <trkpt lat="-37.92732" lon="145.43467">
        <ele>307.82</ele>
      </trkpt>
      <trkpt lat="-37.92698" lon="145.4341">
        <ele>305.24</ele>
      </trkpt>
      <trkpt lat="-37.92653" lon="145.43336">
        <ele>295.51</ele>
      </trkpt>
      <trkpt lat="-37.92624" lon="145.43281">
        <ele>291.72</ele>
      </trkpt>
      <trkpt lat="-37.92603" lon="145.43247">
        <ele>294.33</ele>
      </trkpt>
      <trkpt lat="-37.92581" lon="145.43208">
        <ele>297.37</ele>
      </trkpt>
      <trkpt lat="-37.92563" lon="145.43178">
        <ele>295.62</ele>
      </trkpt>
      <trkpt lat="-37.92557" lon="145.43159">
        <ele>292.3</ele>
      </trkpt>
      <trkpt lat="-37.92557" lon="145.4304">
        <ele>291.22</ele>
      </trkpt>
      <trkpt lat="-37.92553" lon="145.43029">
        <ele>291.28</ele>
      </trkpt>
      <trkpt lat="-37.92387" lon="145.43027">
        <ele>263.49</ele>
      </trkpt>
      <trkpt lat="-37.9226" lon="145.43024">
        <ele>265.93</ele>
      </trkpt>
      <trkpt lat="-37.92127" lon="145.43039">
        <ele>235.82</ele>
      </trkpt>
      <trkpt lat="-37.92126" lon="145.43059">
        <ele>234.09</ele>
      </trkpt>
      <trkpt lat="-37.92132" lon="145.43084">
        <ele>231.42</ele>
      </trkpt>
      <trkpt lat="-37.92133" lon="145.43116">
        <ele>228.18</ele>
      </trkpt>
      <trkpt lat="-37.92142" lon="145.43129">
        <ele>226.68</ele>
      </trkpt>
      <trkpt lat="-37.9218" lon="145.4317">
        <ele>224.96</ele>
      </trkpt>
      <trkpt lat="-37.92192" lon="145.43186">
        <ele>225.25</ele>
      </trkpt>
      <trkpt lat="-37.922" lon="145.43201">
        <ele>224.92</ele>
      </trkpt>
      <trkpt lat="-37.92205" lon="145.4322">
        <ele>224.11</ele>
      </trkpt>
      <trkpt lat="-37.92205" lon="145.43231">
        <ele>223.88</ele>
      </trkpt>
      <trkpt lat="-37.92204" lon="145.4324">
        <ele>223.78</ele>
      </trkpt>
      <trkpt lat="-37.92198" lon="145.43252">
        <ele>223.84</ele>
      </trkpt>
      <trkpt lat="-37.92185" lon="145.43268">
        <ele>224.54</ele>
      </trkpt>
      <trkpt lat="-37.92182" lon="145.43279">
        <ele>225.27</ele>
      </trkpt>
      <trkpt lat="-37.9218" lon="145.43296">
        <ele>224.64</ele>
      </trkpt>
      <trkpt lat="-37.9218" lon="145.43302">
        <ele>224.34</ele>
      </trkpt>
      <trkpt lat="-37.92181" lon="145.43315">
        <ele>224.38</ele>
      </trkpt>
      <trkpt lat="-37.92176" lon="145.43346">
        <ele>227.59</ele>
      </trkpt>
      <trkpt lat="-37.92171" lon="145.43355">
        <ele>229.5</ele>
      </trkpt>
      <trkpt lat="-37.92169" lon="145.43356">
        <ele>230.13</ele>
      </trkpt>
      <trkpt lat="-37.92144" lon="145.43367">
        <ele>240.27</ele>
      </trkpt>
      <trkpt lat="-37.92126" lon="145.43369">
        <ele>242.28</ele>
      </trkpt>
      <trkpt lat="-37.92116" lon="145.43367">
        <ele>242.21</ele>
      </trkpt>
      <trkpt lat="-37.921" lon="145.4336">
        <ele>239.9</ele>
      </trkpt>
      <trkpt lat="-37.92087" lon="145.4336">
        <ele>237.64</ele>
      </trkpt>
      <trkpt lat="-37.92077" lon="145.43366">
        <ele>238.46</ele>
      </trkpt>
      <trkpt lat="-37.92073" lon="145.43372">
        <ele>239.47</ele>
      </trkpt>
      <trkpt lat="-37.92044" lon="145.43439">
        <ele>233.53</ele>
      </trkpt>
      <trkpt lat="-37.92038" lon="145.43466">
        <ele>228.45</ele>
      </trkpt>
      <trkpt lat="-37.92035" lon="145.43489">
        <ele>227.82</ele>
      </trkpt>
      <trkpt lat="-37.92022" lon="145.43516">
        <ele>227.15</ele>
      </trkpt>
      <trkpt lat="-37.92003" lon="145.43539">
        <ele>230.03</ele>
      </trkpt>
      <trkpt lat="-37.91996" lon="145.43544">
        <ele>230.02</ele>
      </trkpt>
      <trkpt lat="-37.91966" lon="145.43548">
        <ele>227.95</ele>
      </trkpt>
      <trkpt lat="-37.9195" lon="145.43555">
        <ele>227.78</ele>
      </trkpt>
      <trkpt lat="-37.91944" lon="145.4356">
        <ele>228.33</ele>
      </trkpt>
      <trkpt lat="-37.91934" lon="145.43579">
        <ele>230.96</ele>
      </trkpt>
      <trkpt lat="-37.91919" lon="145.43593">
        <ele>235.29</ele>
      </trkpt>
      <trkpt lat="-37.91914" lon="145.43606">
        <ele>238.12</ele>
      </trkpt>
      <trkpt lat="-37.91914" lon="145.43618">
        <ele>240.39</ele>
      </trkpt>
      <trkpt lat="-37.91917" lon="145.4363">
        <ele>242.94</ele>
      </trkpt>
      <trkpt lat="-37.9193" lon="145.43655">
        <ele>238.97</ele>
      </trkpt>
      <trkpt lat="-37.9193" lon="145.43663">
        <ele>239.07</ele>
      </trkpt>
      <trkpt lat="-37.91926" lon="145.43683">
        <ele>236.46</ele>
      </trkpt>
      <trkpt lat="-37.91917" lon="145.43697">
        <ele>234.33</ele>
      </trkpt>
      <trkpt lat="-37.91899" lon="145.43722">
        <ele>227.4</ele>
      </trkpt>
      <trkpt lat="-37.91884" lon="145.43737">
        <ele>224.01</ele>
      </trkpt>
      <trkpt lat="-37.91869" lon="145.43764">
        <ele>218.34</ele>
      </trkpt>
      <trkpt lat="-37.91843" lon="145.4379">
        <ele>211.27</ele>
      </trkpt>
      <trkpt lat="-37.91838" lon="145.43793">
        <ele>210.1</ele>
      </trkpt>
      <trkpt lat="-37.91822" lon="145.43798">
        <ele>206.22</ele>
      </trkpt>
      <trkpt lat="-37.91809" lon="145.43804">
        <ele>201.45</ele>
      </trkpt>
      <trkpt lat="-37.91782" lon="145.43825">
        <ele>194.34</ele>
      </trkpt>
      <trkpt lat="-37.91757" lon="145.43836">
        <ele>193.87</ele>
      </trkpt>
      <trkpt lat="-37.91753" lon="145.43842">
        <ele>194.41</ele>
      </trkpt>
      <trkpt lat="-37.91752" lon="145.43849">
        <ele>194.93</ele>
      </trkpt>
      <trkpt lat="-37.91754" lon="145.43902">
        <ele>199.84</ele>
      </trkpt>
      <trkpt lat="-37.91752" lon="145.43922">
        <ele>202.1</ele>
      </trkpt>
      <trkpt lat="-37.91748" lon="145.43937">
        <ele>203.34</ele>
      </trkpt>
      <trkpt lat="-37.91739" lon="145.43948">
        <ele>202.33</ele>
      </trkpt>
      <trkpt lat="-37.9172" lon="145.43961">
        <ele>197.78</ele>
      </trkpt>
      <trkpt lat="-37.91712" lon="145.43968">
        <ele>195.66</ele>
      </trkpt>
      <trkpt lat="-37.91708" lon="145.43958">
        <ele>197.02</ele>
      </trkpt>
      <trkpt lat="-37.91606" lon="145.43914">
        <ele>204.17</ele>
      </trkpt>
      <trkpt lat="-37.91594" lon="145.43909">
        <ele>204.08</ele>
      </trkpt>
      <trkpt lat="-37.91491" lon="145.43901">
        <ele>203.33</ele>
      </trkpt>
      <trkpt lat="-37.91468" lon="145.43894">
        <ele>205.4</ele>
      </trkpt>
      <trkpt lat="-37.91429" lon="145.4388">
        <ele>203.55</ele>
      </trkpt>
      <trkpt lat="-37.91396" lon="145.43858">
        <ele>201.35</ele>
      </trkpt>
      <trkpt lat="-37.91393" lon="145.43857">
        <ele>200.95</ele>
      </trkpt>
      <trkpt lat="-37.91356" lon="145.43857">
        <ele>212.08</ele>
      </trkpt>
      <trkpt lat="-37.91321" lon="145.43859">
        <ele>217.37</ele>
      </trkpt>
      <trkpt lat="-37.91302" lon="145.43872">
        <ele>220.17</ele>
      </trkpt>
      <trkpt lat="-37.91297" lon="145.43882">
        <ele>222.14</ele>
      </trkpt>
      <trkpt lat="-37.91281" lon="145.43911">
        <ele>221.68</ele>
      </trkpt>
      <trkpt lat="-37.91239" lon="145.43951">
        <ele>217.19</ele>
      </trkpt>
      <trkpt lat="-37.91195" lon="145.43962">
        <ele>219.07</ele>
      </trkpt>
      <trkpt lat="-37.91141" lon="145.44005">
        <ele>197.79</ele>
      </trkpt>
      <trkpt lat="-37.91113" lon="145.44011">
        <ele>191.68</ele>
      </trkpt>
      <trkpt lat="-37.91089" lon="145.44">
        <ele>196.59</ele>
      </trkpt>
      <trkpt lat="-37.91055" lon="145.43969">
        <ele>210.85</ele>
      </trkpt>
      <trkpt lat="-37.91017" lon="145.43971">
        <ele>212.94</ele>
      </trkpt>
      <trkpt lat="-37.90997" lon="145.43979">
        <ele>209.76</ele>
      </trkpt>
      <trkpt lat="-37.90998" lon="145.43971">
        <ele>208.37</ele>
      </trkpt>
      <trkpt lat="-37.91001" lon="145.43957">
        <ele>205.9</ele>
      </trkpt>
      <trkpt lat="-37.9101" lon="145.43947">
        <ele>205.09</ele>
      </trkpt>
      <trkpt lat="-37.91" lon="145.43947">
        <ele>203.55</ele>
      </trkpt>
      <trkpt lat="-37.9097" lon="145.43955">
        <ele>198.42</ele>
      </trkpt>
      <trkpt lat="-37.9096" lon="145.43953">
        <ele>195.11</ele>
      </trkpt>
      <trkpt lat="-37.90949" lon="145.43964">
        <ele>194.6</ele>
      </trkpt>
      <trkpt lat="-37.90948" lon="145.43987">
        <ele>200.87</ele>
      </trkpt>
      <trkpt lat="-37.9094" lon="145.44006">
        <ele>203.56</ele>
      </trkpt>
      <trkpt lat="-37.90938" lon="145.44018">
        <ele>204.97</ele>
      </trkpt>
      <trkpt lat="-37.90946" lon="145.44038">
        <ele>210.84</ele>
      </trkpt>
      <trkpt lat="-37.90957" lon="145.44053">
        <ele>211.94</ele>
      </trkpt>
      <trkpt lat="-37.9096" lon="145.44073">
        <ele>210.27</ele>
      </trkpt>
      <trkpt lat="-37.90944" lon="145.44099">
        <ele>206.44</ele>
      </trkpt>
      <trkpt lat="-37.90929" lon="145.44133">
        <ele>205.36</ele>
      </trkpt>
      <trkpt lat="-37.90897" lon="145.44145">
        <ele>203.79</ele>
      </trkpt>
      <trkpt lat="-37.90871" lon="145.44153">
        <ele>202.23</ele>
      </trkpt>
      <trkpt lat="-37.90842" lon="145.44177">
        <ele>195.32</ele>
      </trkpt>
      <trkpt lat="-37.90817" lon="145.44178">
        <ele>193.84</ele>
      </trkpt>
      <trkpt lat="-37.90774" lon="145.44164">
        <ele>195.93</ele>
      </trkpt>
      <trkpt lat="-37.90759" lon="145.44153">
        <ele>195.36</ele>
      </trkpt>
      <trkpt lat="-37.90741" lon="145.44149">
        <ele>193.88</ele>
      </trkpt>
      <trkpt lat="-37.90719" lon="145.44143">
        <ele>192.05</ele>
      </trkpt>
      <trkpt lat="-37.907" lon="145.44143">
        <ele>197.4</ele>
      </trkpt>
      <trkpt lat="-37.90695" lon="145.4415">
        <ele>197.08</ele>
      </trkpt>
      <trkpt lat="-37.90673" lon="145.4415">
        <ele>200.29</ele>
      </trkpt>
      <trkpt lat="-37.9066" lon="145.44147">
        <ele>201.28</ele>
      </trkpt>
      <trkpt lat="-37.90633" lon="145.44148">
        <ele>201.4</ele>
      </trkpt>
      <trkpt lat="-37.90602" lon="145.44164">
        <ele>199.0</ele>
      </trkpt>
      <trkpt lat="-37.90593" lon="145.44171">
        <ele>197.46</ele>
      </trkpt>
      <trkpt lat="-37.9058" lon="145.44177">
        <ele>195.26</ele>
      </trkpt>
      <trkpt lat="-37.9057" lon="145.44183">
        <ele>191.13</ele>
      </trkpt>
      <trkpt lat="-37.90559" lon="145.44186">
        <ele>187.57</ele>
      </trkpt>
      <trkpt lat="-37.90546" lon="145.44187">
        <ele>184.85</ele>
      </trkpt>
      <trkpt lat="-37.90539" lon="145.44187">
        <ele>183.71</ele>
      </trkpt>
      <trkpt lat="-37.9051" lon="145.44179">
        <ele>182.75</ele>
      </trkpt>
      <trkpt lat="-37.90485" lon="145.44184">
        <ele>180.47</ele>
      </trkpt>
      <trkpt lat="-37.90465" lon="145.44187">
        <ele>179.91</ele>
      </trkpt>
      <trkpt lat="-37.90446" lon="145.44196">
        <ele>181.79</ele>
      </trkpt>
      <trkpt lat="-37.90436" lon="145.44208">
        <ele>181.2</ele>
      </trkpt>
      <trkpt lat="-37.90418" lon="145.44217">
        <ele>180.83</ele>
      </trkpt>
      <trkpt lat="-37.9042" lon="145.44231">
        <ele>180.37</ele>
      </trkpt>
      <trkpt lat="-37.90415" lon="145.44236">
        <ele>179.74</ele>
      </trkpt>
      <trkpt lat="-37.90409" lon="145.44242">
        <ele>178.28</ele>
      </trkpt>
      <trkpt lat="-37.90355" lon="145.44276">
        <ele>176.85</ele>
      </trkpt>
      <trkpt lat="-37.90327" lon="145.44277">
        <ele>185.0</ele>
      </trkpt>
      <trkpt lat="-37.90314" lon="145.44294">
        <ele>185.91</ele>
      </trkpt>
      <trkpt lat="-37.90305" lon="145.44293">
        <ele>187.37</ele>
      </trkpt>
      <trkpt lat="-37.90285" lon="145.443">
        <ele>188.08</ele>
      </trkpt>
      <trkpt lat="-37.90276" lon="145.44295">
        <ele>188.1</ele>
      </trkpt>
      <trkpt lat="-37.90265" lon="145.44293">
        <ele>187.13</ele>
      </trkpt>
      <trkpt lat="-37.90238" lon="145.44309">
        <ele>183.16</ele>
      </trkpt>
      <trkpt lat="-37.90229" lon="145.44317">
        <ele>180.64</ele>
      </trkpt>
      <trkpt lat="-37.90224" lon="145.44315">
        <ele>179.7</ele>
      </trkpt>
      <trkpt lat="-37.90223" lon="145.44306">
        <ele>180.14</ele>
      </trkpt>
      <trkpt lat="-37.90214" lon="145.44298">
        <ele>178.6</ele>
      </trkpt>
      <trkpt lat="-37.90203" lon="145.44297">
        <ele>176.75</ele>
      </trkpt>
      <trkpt lat="-37.9019" lon="145.44305">
        <ele>174.7</ele>
      </trkpt>
      <trkpt lat="-37.9016" lon="145.443">
        <ele>173.14</ele>
      </trkpt>
      <trkpt lat="-37.90139" lon="145.44308">
        <ele>173.91</ele>
      </trkpt>
      <trkpt lat="-37.9012" lon="145.443">
        <ele>171.7</ele>
      </trkpt>
      <trkpt lat="-37.9011" lon="145.44299">
        <ele>170.71</ele>
      </trkpt>
      <trkpt lat="-37.90087" lon="145.44293">
        <ele>169.29</ele>
      </trkpt>
      <trkpt lat="-37.90082" lon="145.44288">
        <ele>168.55</ele>
      </trkpt>
      <trkpt lat="-37.90078" lon="145.44283">
        <ele>167.52</ele>
      </trkpt>
      <trkpt lat="-37.90068" lon="145.44279">
        <ele>165.4</ele>
      </trkpt>
      <trkpt lat="-37.90042" lon="145.44288">
        <ele>165.15</ele>
      </trkpt>
      <trkpt lat="-37.90029" lon="145.44278">
        <ele>163.99</ele>
      </trkpt>
      <trkpt lat="-37.9002" lon="145.44275">
        <ele>165.07</ele>
      </trkpt>
      <trkpt lat="-37.9001" lon="145.44269">
        <ele>166.05</ele>
      </trkpt>
      <trkpt lat="-37.89993" lon="145.44258">
        <ele>166.98</ele>
      </trkpt>
      <trkpt lat="-37.89965" lon="145.44242">
        <ele>167.96</ele>
      </trkpt>
      <trkpt lat="-37.8994" lon="145.44236">
        <ele>167.45</ele>
      </trkpt>
      <trkpt lat="-37.89912" lon="145.44227">
        <ele>167.81</ele>
      </trkpt>
      <trkpt lat="-37.89905" lon="145.44213">
        <ele>164.15</ele>
      </trkpt>
      <trkpt lat="-37.89898" lon="145.44202">
        <ele>161.73</ele>
      </trkpt>
      <trkpt lat="-37.89888" lon="145.44199">
        <ele>161.95</ele>
      </trkpt>
      <trkpt lat="-37.8988" lon="145.44194">
        <ele>162.52</ele>
      </trkpt>
      <trkpt lat="-37.89864" lon="145.44188">
        <ele>164.32</ele>
      </trkpt>
      <trkpt lat="-37.89859" lon="145.44183">
        <ele>164.2</ele>
      </trkpt>
      <trkpt lat="-37.89846" lon="145.44178">
        <ele>164.99</ele>
      </trkpt>
      <trkpt lat="-37.89838" lon="145.44179">
        <ele>166.18</ele>
      </trkpt>
      <trkpt lat="-37.89827" lon="145.44178">
        <ele>165.52</ele>
      </trkpt>
      <trkpt lat="-37.89821" lon="145.44172">
        <ele>164.28</ele>
      </trkpt>
      <trkpt lat="-37.89812" lon="145.44166">
        <ele>163.35</ele>
      </trkpt>
      <trkpt lat="-37.89802" lon="145.44161">
        <ele>161.72</ele>
      </trkpt>
      <trkpt lat="-37.89802" lon="145.44161">
        <ele>161.72</ele>
      </trkpt>
      <trkpt lat="-37.89802" lon="145.44161">
        <ele>161.72</ele>
      </trkpt>
      <trkpt lat="-37.89793" lon="145.44155">
        <ele>159.89</ele>
      </trkpt>
      <trkpt lat="-37.8977" lon="145.44146">
        <ele>157.44</ele>
      </trkpt>
      <trkpt lat="-37.89756" lon="145.44138">
        <ele>156.96</ele>
      </trkpt>
      <trkpt lat="-37.89746" lon="145.4413">
        <ele>157.11</ele>
      </trkpt>
      <trkpt lat="-37.89735" lon="145.44123">
        <ele>158.43</ele>
      </trkpt>
      <trkpt lat="-37.89719" lon="145.44114">
        <ele>161.9</ele>
      </trkpt>
      <trkpt lat="-37.89699" lon="145.441">
        <ele>169.5</ele>
      </trkpt>
      <trkpt lat="-37.8969" lon="145.4409">
        <ele>172.68</ele>
      </trkpt>
      <trkpt lat="-37.89687" lon="145.44081">
        <ele>172.88</ele>
      </trkpt>
      <trkpt lat="-37.89676" lon="145.44064">
        <ele>172.07</ele>
      </trkpt>
      <trkpt lat="-37.89664" lon="145.4404">
        <ele>169.23</ele>
      </trkpt>
      <trkpt lat="-37.89653" lon="145.44028">
        <ele>167.04</ele>
      </trkpt>
      <trkpt lat="-37.89634" lon="145.44019">
        <ele>164.23</ele>
      </trkpt>
      <trkpt lat="-37.8962" lon="145.44013">
        <ele>161.15</ele>
      </trkpt>
      <trkpt lat="-37.89604" lon="145.44008">
        <ele>160.49</ele>
      </trkpt>
      <trkpt lat="-37.89594" lon="145.44003">
        <ele>161.61</ele>
      </trkpt>
      <trkpt lat="-37.89575" lon="145.44001">
        <ele>164.72</ele>
      </trkpt>
      <trkpt lat="-37.8956" lon="145.44004">
        <ele>166.01</ele>
      </trkpt>
      <trkpt lat="-37.89532" lon="145.43995">
        <ele>166.79</ele>
      </trkpt>
      <trkpt lat="-37.89515" lon="145.43999">
        <ele>168.35</ele>
      </trkpt>
      <trkpt lat="-37.89503" lon="145.43999">
        <ele>169.61</ele>
      </trkpt>
      <trkpt lat="-37.89488" lon="145.43991">
        <ele>170.08</ele>
      </trkpt>
      <trkpt lat="-37.89483" lon="145.43966">
        <ele>167.75</ele>
      </trkpt>
      <trkpt lat="-37.89476" lon="145.43906">
        <ele>157.82</ele>
      </trkpt>
      <trkpt lat="-37.89476" lon="145.43839">
        <ele>149.69</ele>
      </trkpt>
      <trkpt lat="-37.89481" lon="145.43776">
        <ele>155.14</ele>
      </trkpt>
      <trkpt lat="-37.89484" lon="145.43712">
        <ele>160.66</ele>
      </trkpt>
      <trkpt lat="-37.89476" lon="145.43667">
        <ele>169.4</ele>
      </trkpt>
      <trkpt lat="-37.89456" lon="145.43632">
        <ele>168.25</ele>
      </trkpt>
      <trkpt lat="-37.89421" lon="145.43604">
        <ele>163.53</ele>
      </trkpt>
      <trkpt lat="-37.89386" lon="145.43578">
        <ele>167.14</ele>
      </trkpt>
      <trkpt lat="-37.89373" lon="145.43561">
        <ele>168.25</ele>
      </trkpt>
      <trkpt lat="-37.89358" lon="145.43534">
        <ele>168.8</ele>
      </trkpt>
      <trkpt lat="-37.89297" lon="145.43302">
        <ele>165.28</ele>
      </trkpt>
      <trkpt lat="-37.89294" lon="145.43262">
        <ele>163.52</ele>
      </trkpt>
      <trkpt lat="-37.89299" lon="145.43241">
        <ele>159.53</ele>
      </trkpt>
      <trkpt lat="-37.89301" lon="145.43233">
        <ele>158.11</ele>
      </trkpt>
      <trkpt lat="-37.89311" lon="145.4321">
        <ele>156.96</ele>
      </trkpt>
      <trkpt lat="-37.89349" lon="145.43158">
        <ele>160.24</ele>
      </trkpt>
      <trkpt lat="-37.89368" lon="145.43127">
        <ele>164.25</ele>
      </trkpt>
      <trkpt lat="-37.89385" lon="145.43077">
        <ele>169.04</ele>
      </trkpt>
      <trkpt lat="-37.89398" lon="145.43021">
        <ele>168.78</ele>
      </trkpt>
      <trkpt lat="-37.89455" lon="145.42892">
        <ele>165.96</ele>
      </trkpt>
      <trkpt lat="-37.8946" lon="145.42878">
        <ele>165.4</ele>
      </trkpt>
      <trkpt lat="-37.89476" lon="145.42833">
        <ele>167.22</ele>
      </trkpt>
      <trkpt lat="-37.89467" lon="145.42826">
        <ele>169.87</ele>
      </trkpt>
      <trkpt lat="-37.89473" lon="145.42812">
        <ele>170.11</ele>
      </trkpt>
      <trkpt lat="-37.89484" lon="145.42784">
        <ele>168.48</ele>
      </trkpt>
      <trkpt lat="-37.8949" lon="145.4276">
        <ele>168.52</ele>
      </trkpt>
      <trkpt lat="-37.89503" lon="145.42745">
        <ele>167.68</ele>
      </trkpt>
      <trkpt lat="-37.89516" lon="145.42737">
        <ele>164.8</ele>
      </trkpt>
      <trkpt lat="-37.89551" lon="145.42691">
        <ele>165.5</ele>
      </trkpt>
      <trkpt lat="-37.89574" lon="145.42641">
        <ele>166.49</ele>
      </trkpt>
      <trkpt lat="-37.89581" lon="145.42613">
        <ele>167.57</ele>
      </trkpt>
      <trkpt lat="-37.8958" lon="145.42604">
        <ele>169.48</ele>
      </trkpt>
      <trkpt lat="-37.89575" lon="145.42587">
        <ele>174.34</ele>
      </trkpt>
      <trkpt lat="-37.89573" lon="145.42555">
        <ele>178.11</ele>
      </trkpt>
      <trkpt lat="-37.89579" lon="145.42519">
        <ele>177.52</ele>
      </trkpt>
      <trkpt lat="-37.89574" lon="145.42518">
        <ele>179.4</ele>
      </trkpt>
      <trkpt lat="-37.89568" lon="145.42518">
        <ele>181.55</ele>
      </trkpt>
      <trkpt lat="-37.89563" lon="145.42517">
        <ele>183.36</ele>
      </trkpt>
      <trkpt lat="-37.89565" lon="145.42493">
        <ele>184.04</ele>
      </trkpt>
      <trkpt lat="-37.89543" lon="145.42469">
        <ele>188.0</ele>
      </trkpt>
      <trkpt lat="-37.89522" lon="145.42437">
        <ele>185.12</ele>
      </trkpt>
      <trkpt lat="-37.89464" lon="145.42352">
        <ele>178.71</ele>
      </trkpt>
      <trkpt lat="-37.89447" lon="145.4235">
        <ele>177.8</ele>
      </trkpt>
      <trkpt lat="-37.89429" lon="145.42354">
        <ele>179.79</ele>
      </trkpt>
      <trkpt lat="-37.89415" lon="145.42335">
        <ele>182.66</ele>
      </trkpt>
      <trkpt lat="-37.89406" lon="145.42299">
        <ele>185.68</ele>
      </trkpt>
      <trkpt lat="-37.89403" lon="145.42259">
        <ele>184.8</ele>
      </trkpt>
      <trkpt lat="-37.89427" lon="145.42185">
        <ele>186.31</ele>
      </trkpt>
      <trkpt lat="-37.89435" lon="145.42161">
        <ele>187.58</ele>
      </trkpt>
      <trkpt lat="-37.89437" lon="145.42137">
        <ele>190.69</ele>
      </trkpt>
      <trkpt lat="-37.89434" lon="145.42114">
        <ele>189.67</ele>
      </trkpt>
      <trkpt lat="-37.89407" lon="145.42073">
        <ele>184.29</ele>
      </trkpt>
      <trkpt lat="-37.89382" lon="145.42049">
        <ele>187.93</ele>
      </trkpt>
      <trkpt lat="-37.89366" lon="145.42022">
        <ele>191.67</ele>
      </trkpt>
      <trkpt lat="-37.89361" lon="145.41986">
        <ele>189.03</ele>
      </trkpt>
      <trkpt lat="-37.89351" lon="145.41967">
        <ele>190.67</ele>
      </trkpt>
      <trkpt lat="-37.89318" lon="145.41937">
        <ele>192.38</ele>
      </trkpt>
      <trkpt lat="-37.89282" lon="145.41879">
        <ele>179.65</ele>
      </trkpt>
      <trkpt lat="-37.89245" lon="145.41879">
        <ele>176.76</ele>
      </trkpt>
      <trkpt lat="-37.89218" lon="145.41887">
        <ele>179.96</ele>
      </trkpt>
      <trkpt lat="-37.89185" lon="145.41849">
        <ele>180.3</ele>
      </trkpt>
      <trkpt lat="-37.89161" lon="145.4183">
        <ele>186.67</ele>
      </trkpt>
      <trkpt lat="-37.89134" lon="145.41818">
        <ele>191.38</ele>
      </trkpt>
      <trkpt lat="-37.89118" lon="145.41808">
        <ele>191.3</ele>
      </trkpt>
      <trkpt lat="-37.89088" lon="145.41783">
        <ele>194.46</ele>
      </trkpt>
      <trkpt lat="-37.89047" lon="145.41735">
        <ele>185.21</ele>
      </trkpt>
      <trkpt lat="-37.8898" lon="145.41712">
        <ele>184.65</ele>
      </trkpt>
      <trkpt lat="-37.88915" lon="145.41689">
        <ele>177.58</ele>
      </trkpt>
      <trkpt lat="-37.88875" lon="145.41698">
        <ele>183.69</ele>
      </trkpt>
      <trkpt lat="-37.88829" lon="145.41682">
        <ele>185.3</ele>
      </trkpt>
      <trkpt lat="-37.88829" lon="145.41682">
        <ele>185.3</ele>
      </trkpt>
      <trkpt lat="-37.88803" lon="145.41672">
        <ele>178.83</ele>
      </trkpt>
      <trkpt lat="-37.88791" lon="145.41664">
        <ele>179.43</ele>
      </trkpt>
      <trkpt lat="-37.8878" lon="145.41661">
        <ele>180.37</ele>
      </trkpt>
      <trkpt lat="-37.88767" lon="145.41659">
        <ele>181.65</ele>
      </trkpt>
      <trkpt lat="-37.88756" lon="145.41665">
        <ele>182.64</ele>
      </trkpt>
      <trkpt lat="-37.8875" lon="145.41676">
        <ele>183.0</ele>
      </trkpt>
      <trkpt lat="-37.88714" lon="145.41682">
        <ele>188.66</ele>
      </trkpt>
      <trkpt lat="-37.88708" lon="145.41681">
        <ele>189.55</ele>
      </trkpt>
      <trkpt lat="-37.88702" lon="145.41679">
        <ele>190.39</ele>
      </trkpt>
      <trkpt lat="-37.88697" lon="145.41678">
        <ele>191.06</ele>
      </trkpt>
      <trkpt lat="-37.88687" lon="145.41676">
        <ele>193.03</ele>
      </trkpt>
      <trkpt lat="-37.8866" lon="145.41693">
        <ele>197.01</ele>
      </trkpt>
      <trkpt lat="-37.88648" lon="145.41696">
        <ele>196.78</ele>
      </trkpt>
      <trkpt lat="-37.88623" lon="145.41695">
        <ele>196.43</ele>
      </trkpt>
      <trkpt lat="-37.88611" lon="145.41685">
        <ele>194.99</ele>
      </trkpt>
      <trkpt lat="-37.88596" lon="145.41682">
        <ele>196.04</ele>
      </trkpt>
      <trkpt lat="-37.88586" lon="145.41688">
        <ele>197.81</ele>
      </trkpt>
      <trkpt lat="-37.88558" lon="145.41688">
        <ele>202.49</ele>
      </trkpt>
      <trkpt lat="-37.88527" lon="145.41676">
        <ele>197.61</ele>
      </trkpt>
      <trkpt lat="-37.88511" lon="145.41668">
        <ele>194.49</ele>
      </trkpt>
      <trkpt lat="-37.88477" lon="145.41656">
        <ele>199.12</ele>
      </trkpt>
      <trkpt lat="-37.88447" lon="145.41624">
        <ele>198.67</ele>
      </trkpt>
      <trkpt lat="-37.88442" lon="145.41609">
        <ele>197.53</ele>
      </trkpt>
      <trkpt lat="-37.88423" lon="145.41588">
        <ele>201.63</ele>
      </trkpt>
      <trkpt lat="-37.88408" lon="145.41577">
        <ele>202.54</ele>
      </trkpt>
      <trkpt lat="-37.88392" lon="145.41574">
        <ele>202.33</ele>
      </trkpt>
      <trkpt lat="-37.88363" lon="145.41551">
        <ele>201.92</ele>
      </trkpt>
      <trkpt lat="-37.88363" lon="145.41539">
        <ele>201.89</ele>
      </trkpt>
      <trkpt lat="-37.88351" lon="145.41512">
        <ele>201.28</ele>
      </trkpt>
      <trkpt lat="-37.88352" lon="145.41504">
        <ele>200.85</ele>
      </trkpt>
      <trkpt lat="-37.88365" lon="145.41494">
        <ele>199.29</ele>
      </trkpt>
      <trkpt lat="-37.88369" lon="145.41478">
        <ele>197.85</ele>
      </trkpt>
      <trkpt lat="-37.88368" lon="145.41467">
        <ele>197.41</ele>
      </trkpt>
      <trkpt lat="-37.88377" lon="145.41451">
        <ele>196.97</ele>
      </trkpt>
      <trkpt lat="-37.88381" lon="145.41434">
        <ele>197.21</ele>
      </trkpt>
      <trkpt lat="-37.88371" lon="145.41411">
        <ele>198.9</ele>
      </trkpt>
      <trkpt lat="-37.8836" lon="145.41403">
        <ele>200.64</ele>
      </trkpt>
      <trkpt lat="-37.88348" lon="145.41391">
        <ele>203.66</ele>
      </trkpt>
      <trkpt lat="-37.88332" lon="145.41366">
        <ele>210.94</ele>
      </trkpt>
      <trkpt lat="-37.88331" lon="145.41336">
        <ele>215.69</ele>
      </trkpt>
      <trkpt lat="-37.88325" lon="145.41305">
        <ele>217.87</ele>
      </trkpt>
      <trkpt lat="-37.88301" lon="145.41289">
        <ele>222.94</ele>
      </trkpt>
      <trkpt lat="-37.88274" lon="145.41273">
        <ele>217.59</ele>
      </trkpt>
      <trkpt lat="-37.88266" lon="145.41275">
        <ele>216.4</ele>
      </trkpt>
      <trkpt lat="-37.8825" lon="145.41269">
        <ele>212.1</ele>
      </trkpt>
      <trkpt lat="-37.88237" lon="145.4124">
        <ele>209.49</ele>
      </trkpt>
      <trkpt lat="-37.88242" lon="145.41217">
        <ele>212.77</ele>
      </trkpt>
      <trkpt lat="-37.88257" lon="145.41191">
        <ele>211.43</ele>
      </trkpt>
      <trkpt lat="-37.88272" lon="145.41127">
        <ele>202.21</ele>
      </trkpt>
      <trkpt lat="-37.8828" lon="145.41096">
        <ele>199.71</ele>
      </trkpt>
      <trkpt lat="-37.88291" lon="145.41061">
        <ele>199.3</ele>
      </trkpt>
      <trkpt lat="-37.88296" lon="145.41027">
        <ele>201.54</ele>
      </trkpt>
      <trkpt lat="-37.88297" lon="145.41009">
        <ele>203.63</ele>
      </trkpt>
      <trkpt lat="-37.88303" lon="145.40999">
        <ele>203.72</ele>
      </trkpt>
      <trkpt lat="-37.88328" lon="145.40982">
        <ele>206.48</ele>
      </trkpt>
      <trkpt lat="-37.88351" lon="145.40956">
        <ele>214.2</ele>
      </trkpt>
      <trkpt lat="-37.88368" lon="145.40904">
        <ele>218.73</ele>
      </trkpt>
      <trkpt lat="-37.88369" lon="145.4084">
        <ele>208.7</ele>
      </trkpt>
      <trkpt lat="-37.88368" lon="145.40831">
        <ele>207.34</ele>
      </trkpt>
      <trkpt lat="-37.88359" lon="145.40827">
        <ele>208.04</ele>
      </trkpt>
      <trkpt lat="-37.88343" lon="145.4082">
        <ele>210.98</ele>
      </trkpt>
      <trkpt lat="-37.88343" lon="145.40794">
        <ele>208.72</ele>
      </trkpt>
      <trkpt lat="-37.88339" lon="145.40792">
        <ele>209.2</ele>
      </trkpt>
      <trkpt lat="-37.88336" lon="145.40781">
        <ele>208.92</ele>
      </trkpt>
      <trkpt lat="-37.88336" lon="145.40769">
        <ele>209.37</ele>
      </trkpt>
      <trkpt lat="-37.88306" lon="145.40728">
        <ele>220.04</ele>
      </trkpt>
      <trkpt lat="-37.88293" lon="145.40676">
        <ele>210.32</ele>
      </trkpt>
      <trkpt lat="-37.88282" lon="145.40667">
        <ele>208.52</ele>
      </trkpt>
      <trkpt lat="-37.88268" lon="145.40663">
        <ele>209.89</ele>
      </trkpt>
      <trkpt lat="-37.88251" lon="145.40645">
        <ele>211.21</ele>
      </trkpt>
      <trkpt lat="-37.88197" lon="145.40595">
        <ele>228.65</ele>
      </trkpt>
      <trkpt lat="-37.88144" lon="145.40588">
        <ele>236.46</ele>
      </trkpt>
      <trkpt lat="-37.88115" lon="145.4057">
        <ele>235.97</ele>
      </trkpt>
      <trkpt lat="-37.88104" lon="145.40552">
        <ele>232.71</ele>
      </trkpt>
      <trkpt lat="-37.88087" lon="145.40523">
        <ele>229.78</ele>
      </trkpt>
      <trkpt lat="-37.88073" lon="145.40503">
        <ele>230.77</ele>
      </trkpt>
      <trkpt lat="-37.88041" lon="145.40494">
        <ele>238.63</ele>
      </trkpt>
      <trkpt lat="-37.87996" lon="145.40476">
        <ele>237.08</ele>
      </trkpt>
      <trkpt lat="-37.87971" lon="145.40478">
        <ele>235.27</ele>
      </trkpt>
      <trkpt lat="-37.87951" lon="145.40475">
        <ele>234.44</ele>
      </trkpt>
      <trkpt lat="-37.8793" lon="145.40454">
        <ele>232.3</ele>
      </trkpt>
      <trkpt lat="-37.87917" lon="145.40451">
        <ele>231.26</ele>
      </trkpt>
      <trkpt lat="-37.87901" lon="145.40454">
        <ele>229.85</ele>
      </trkpt>
      <trkpt lat="-37.87885" lon="145.40453">
        <ele>228.85</ele>
      </trkpt>
      <trkpt lat="-37.87872" lon="145.40452">
        <ele>229.59</ele>
      </trkpt>
      <trkpt lat="-37.87815" lon="145.4041">
        <ele>212.79</ele>
      </trkpt>
      <trkpt lat="-37.87783" lon="145.40396">
        <ele>214.44</ele>
      </trkpt>
      <trkpt lat="-37.87743" lon="145.40357">
        <ele>224.4</ele>
      </trkpt>
      <trkpt lat="-37.87735" lon="145.40339">
        <ele>226.11</ele>
      </trkpt>
      <trkpt lat="-37.8773" lon="145.40338">
        <ele>225.61</ele>
      </trkpt>
      <trkpt lat="-37.8772" lon="145.40335">
        <ele>225.15</ele>
      </trkpt>
      <trkpt lat="-37.87714" lon="145.40334">
        <ele>224.61</ele>
      </trkpt>
      <trkpt lat="-37.87687" lon="145.40316">
        <ele>228.77</ele>
      </trkpt>
      <trkpt lat="-37.87642" lon="145.40315">
        <ele>227.17</ele>
      </trkpt>
      <trkpt lat="-37.87642" lon="145.40315">
        <ele>227.17</ele>
      </trkpt>
      <trkpt lat="-37.87642" lon="145.40315">
        <ele>227.17</ele>
      </trkpt>
      <trkpt lat="-37.87642" lon="145.40315">
        <ele>227.17</ele>
      </trkpt>
      <trkpt lat="-37.87638" lon="145.40315">
        <ele>226.85</ele>
      </trkpt>
      <trkpt lat="-37.87636" lon="145.40324">
        <ele>225.59</ele>
      </trkpt>
      <trkpt lat="-37.87635" lon="145.40331">
        <ele>224.69</ele>
      </trkpt>
      <trkpt lat="-37.87606" lon="145.40326">
        <ele>221.53</ele>
      </trkpt>
      <trkpt lat="-37.87562" lon="145.40302">
        <ele>215.78</ele>
      </trkpt>
      <trkpt lat="-37.87551" lon="145.40289">
        <ele>216.1</ele>
      </trkpt>
      <trkpt lat="-37.87537" lon="145.40279">
        <ele>217.5</ele>
      </trkpt>
      <trkpt lat="-37.87519" lon="145.4027">
        <ele>220.28</ele>
      </trkpt>
      <trkpt lat="-37.87511" lon="145.40265">
        <ele>221.57</ele>
      </trkpt>
      <trkpt lat="-37.87506" lon="145.40254">
        <ele>221.25</ele>
      </trkpt>
      <trkpt lat="-37.875" lon="145.4024">
        <ele>220.92</ele>
      </trkpt>
      <trkpt lat="-37.87498" lon="145.40229">
        <ele>220.27</ele>
      </trkpt>
      <trkpt lat="-37.87497" lon="145.4022">
        <ele>220.09</ele>
      </trkpt>
      <trkpt lat="-37.87499" lon="145.40212">
        <ele>220.37</ele>
      </trkpt>
      <trkpt lat="-37.875" lon="145.40209">
        <ele>220.43</ele>
      </trkpt>
      <trkpt lat="-37.87511" lon="145.4018">
        <ele>218.56</ele>
      </trkpt>
      <trkpt lat="-37.87517" lon="145.40167">
        <ele>216.87</ele>
      </trkpt>
      <trkpt lat="-37.8751" lon="145.40171">
        <ele>219.24</ele>
      </trkpt>
      <trkpt lat="-37.87507" lon="145.4017">
        <ele>220.36</ele>
      </trkpt>
      <trkpt lat="-37.87506" lon="145.40165">
        <ele>221.06</ele>
      </trkpt>
      <trkpt lat="-37.87508" lon="145.40133">
        <ele>225.26</ele>
      </trkpt>
      <trkpt lat="-37.87515" lon="145.40117">
        <ele>226.95</ele>
      </trkpt>
      <trkpt lat="-37.87532" lon="145.40091">
        <ele>229.08</ele>
      </trkpt>
      <trkpt lat="-37.87534" lon="145.40088">
        <ele>229.58</ele>
      </trkpt>
      <trkpt lat="-37.87552" lon="145.40059">
        <ele>230.04</ele>
      </trkpt>
      <trkpt lat="-37.87564" lon="145.40034">
        <ele>229.2</ele>
      </trkpt>
      <trkpt lat="-37.87568" lon="145.40022">
        <ele>229.67</ele>
      </trkpt>
      <trkpt lat="-37.87589" lon="145.39986">
        <ele>224.59</ele>
      </trkpt>
      <trkpt lat="-37.87589" lon="145.39985">
        <ele>224.65</ele>
      </trkpt>
      <trkpt lat="-37.87589" lon="145.39985">
        <ele>224.65</ele>
      </trkpt>
      <trkpt lat="-37.87589" lon="145.39985">
        <ele>224.65</ele>
      </trkpt>
      <trkpt lat="-37.87617" lon="145.39935">
        <ele>223.4</ele>
      </trkpt>
      <trkpt lat="-37.87629" lon="145.39921">
        <ele>223.5</ele>
      </trkpt>
      <trkpt lat="-37.87653" lon="145.3991">
        <ele>224.08</ele>
      </trkpt>
      <trkpt lat="-37.87668" lon="145.39898">
        <ele>225.74</ele>
      </trkpt>
      <trkpt lat="-37.87703" lon="145.39887">
        <ele>225.9</ele>
      </trkpt>
      <trkpt lat="-37.87714" lon="145.39872">
        <ele>225.4</ele>
      </trkpt>
      <trkpt lat="-37.87725" lon="145.39848">
        <ele>225.84</ele>
      </trkpt>
      <trkpt lat="-37.87737" lon="145.39819">
        <ele>229.84</ele>
      </trkpt>
      <trkpt lat="-37.87745" lon="145.39804">
        <ele>233.42</ele>
      </trkpt>
      <trkpt lat="-37.87755" lon="145.39795">
        <ele>236.83</ele>
      </trkpt>
      <trkpt lat="-37.87772" lon="145.39776">
        <ele>245.2</ele>
      </trkpt>
      <trkpt lat="-37.8778" lon="145.39751">
        <ele>249.94</ele>
      </trkpt>
      <trkpt lat="-37.87779" lon="145.39739">
        <ele>249.97</ele>
      </trkpt>
      <trkpt lat="-37.87779" lon="145.39711">
        <ele>248.27</ele>
      </trkpt>
      <trkpt lat="-37.87781" lon="145.39697">
        <ele>246.13</ele>
      </trkpt>
      <trkpt lat="-37.87786" lon="145.39684">
        <ele>244.43</ele>
      </trkpt>
      <trkpt lat="-37.87792" lon="145.39673">
        <ele>242.64</ele>
      </trkpt>
      <trkpt lat="-37.87802" lon="145.39666">
        <ele>240.48</ele>
      </trkpt>
      <trkpt lat="-37.87833" lon="145.39653">
        <ele>229.63</ele>
      </trkpt>
      <trkpt lat="-37.8784" lon="145.39647">
        <ele>227.99</ele>
      </trkpt>
      <trkpt lat="-37.8784" lon="145.3964">
        <ele>227.62</ele>
      </trkpt>
      <trkpt lat="-37.87852" lon="145.39639">
        <ele>224.98</ele>
      </trkpt>
      <trkpt lat="-37.87854" lon="145.39622">
        <ele>225.6</ele>
      </trkpt>
      <trkpt lat="-37.87858" lon="145.3961">
        <ele>225.73</ele>
      </trkpt>
      <trkpt lat="-37.8787" lon="145.39598">
        <ele>228.47</ele>
      </trkpt>
      <trkpt lat="-37.87886" lon="145.3958">
        <ele>235.2</ele>
      </trkpt>
      <trkpt lat="-37.87909" lon="145.39566">
        <ele>241.63</ele>
      </trkpt>
      <trkpt lat="-37.87921" lon="145.39565">
        <ele>244.1</ele>
      </trkpt>
      <trkpt lat="-37.87935" lon="145.39569">
        <ele>248.32</ele>
      </trkpt>
      <trkpt lat="-37.87953" lon="145.39569">
        <ele>252.94</ele>
      </trkpt>
      <trkpt lat="-37.87967" lon="145.39565">
        <ele>255.76</ele>
      </trkpt>
      <trkpt lat="-37.87974" lon="145.39561">
        <ele>257.25</ele>
      </trkpt>
      <trkpt lat="-37.87981" lon="145.39554">
        <ele>258.28</ele>
      </trkpt>
      <trkpt lat="-37.8799" lon="145.3955">
        <ele>258.57</ele>
      </trkpt>
      <trkpt lat="-37.87997" lon="145.3954">
        <ele>258.83</ele>
      </trkpt>
      <trkpt lat="-37.88005" lon="145.39522">
        <ele>257.41</ele>
      </trkpt>
      <trkpt lat="-37.88015" lon="145.39508">
        <ele>252.44</ele>
      </trkpt>
      <trkpt lat="-37.88033" lon="145.39497">
        <ele>244.79</ele>
      </trkpt>
      <trkpt lat="-37.88045" lon="145.3948">
        <ele>237.97</ele>
      </trkpt>
      <trkpt lat="-37.88053" lon="145.39459">
        <ele>236.14</ele>
      </trkpt>
      <trkpt lat="-37.88066" lon="145.39444">
        <ele>239.45</ele>
      </trkpt>
      <trkpt lat="-37.88082" lon="145.39436">
        <ele>245.8</ele>
      </trkpt>
      <trkpt lat="-37.88092" lon="145.3943">
        <ele>246.14</ele>
      </trkpt>
      <trkpt lat="-37.88102" lon="145.39425">
        <ele>244.96</ele>
      </trkpt>
      <trkpt lat="-37.8812" lon="145.3941">
        <ele>245.7</ele>
      </trkpt>
      <trkpt lat="-37.88128" lon="145.39391">
        <ele>249.94</ele>
      </trkpt>
      <trkpt lat="-37.88116" lon="145.39377">
        <ele>255.35</ele>
      </trkpt>
      <trkpt lat="-37.88108" lon="145.39361">
        <ele>257.89</ele>
      </trkpt>
      <trkpt lat="-37.88102" lon="145.39341">
        <ele>257.2</ele>
      </trkpt>
      <trkpt lat="-37.88101" lon="145.39317">
        <ele>257.5</ele>
      </trkpt>
      <trkpt lat="-37.88103" lon="145.39291">
        <ele>259.91</ele>
      </trkpt>
      <trkpt lat="-37.88112" lon="145.39271">
        <ele>264.54</ele>
      </trkpt>
      <trkpt lat="-37.88123" lon="145.39251">
        <ele>269.64</ele>
      </trkpt>
      <trkpt lat="-37.88126" lon="145.39234">
        <ele>276.83</ele>
      </trkpt>
      <trkpt lat="-37.88125" lon="145.39215">
        <ele>283.17</ele>
      </trkpt>
      <trkpt lat="-37.88128" lon="145.392">
        <ele>284.91</ele>
      </trkpt>
      <trkpt lat="-37.88137" lon="145.39182">
        <ele>283.03</ele>
      </trkpt>
      <trkpt lat="-37.88139" lon="145.39181">
        <ele>282.48</ele>
      </trkpt>
      <trkpt lat="-37.88139" lon="145.39181">
        <ele>282.48</ele>
      </trkpt>
      <trkpt lat="-37.88149" lon="145.3917">
        <ele>278.57</ele>
      </trkpt>
      <trkpt lat="-37.88167" lon="145.3917">
        <ele>272.29</ele>
      </trkpt>
      <trkpt lat="-37.88179" lon="145.39161">
        <ele>268.9</ele>
      </trkpt>
      <trkpt lat="-37.88197" lon="145.39138">
        <ele>266.06</ele>
      </trkpt>
      <trkpt lat="-37.88218" lon="145.39121">
        <ele>265.12</ele>
      </trkpt>
      <trkpt lat="-37.88225" lon="145.39113">
        <ele>264.62</ele>
      </trkpt>
      <trkpt lat="-37.8823" lon="145.39103">
        <ele>263.58</ele>
      </trkpt>
      <trkpt lat="-37.88233" lon="145.39083">
        <ele>260.1</ele>
      </trkpt>
      <trkpt lat="-37.88232" lon="145.39066">
        <ele>256.94</ele>
      </trkpt>
      <trkpt lat="-37.88223" lon="145.39036">
        <ele>252.68</ele>
      </trkpt>
      <trkpt lat="-37.88221" lon="145.39021">
        <ele>252.47</ele>
      </trkpt>
      <trkpt lat="-37.88207" lon="145.38982">
        <ele>256.55</ele>
      </trkpt>
      <trkpt lat="-37.88207" lon="145.38974">
        <ele>257.45</ele>
      </trkpt>
      <trkpt lat="-37.88214" lon="145.38967">
        <ele>257.11</ele>
      </trkpt>
      <trkpt lat="-37.88221" lon="145.38958">
        <ele>256.22</ele>
      </trkpt>
      <trkpt lat="-37.88225" lon="145.3895">
        <ele>255.54</ele>
      </trkpt>
      <trkpt lat="-37.8823" lon="145.38943">
        <ele>254.74</ele>
      </trkpt>
      <trkpt lat="-37.88238" lon="145.3893">
        <ele>254.42</ele>
      </trkpt>
      <trkpt lat="-37.88241" lon="145.38919">
        <ele>254.75</ele>
      </trkpt>
      <trkpt lat="-37.88242" lon="145.38907">
        <ele>257.12</ele>
      </trkpt>
      <trkpt lat="-37.88241" lon="145.38895">
        <ele>260.38</ele>
      </trkpt>
      <trkpt lat="-37.88245" lon="145.38884">
        <ele>262.65</ele>
      </trkpt>
      <trkpt lat="-37.88251" lon="145.38872">
        <ele>265.4</ele>
      </trkpt>
      <trkpt lat="-37.88257" lon="145.3887">
        <ele>264.35</ele>
      </trkpt>
      <trkpt lat="-37.88267" lon="145.3885">
        <ele>266.31</ele>
      </trkpt>
      <trkpt lat="-37.8828" lon="145.38811">
        <ele>280.91</ele>
      </trkpt>
      <trkpt lat="-37.88294" lon="145.38771">
        <ele>288.99</ele>
      </trkpt>
      <trkpt lat="-37.88303" lon="145.38729">
        <ele>286.15</ele>
      </trkpt>
      <trkpt lat="-37.88309" lon="145.38697">
        <ele>279.33</ele>
      </trkpt>
      <trkpt lat="-37.88311" lon="145.38675">
        <ele>272.91</ele>
      </trkpt>
      <trkpt lat="-37.88299" lon="145.38643">
        <ele>267.4</ele>
      </trkpt>
      <trkpt lat="-37.88285" lon="145.38614">
        <ele>274.25</ele>
      </trkpt>
      <trkpt lat="-37.88281" lon="145.38585">
        <ele>278.91</ele>
      </trkpt>
      <trkpt lat="-37.88276" lon="145.38559">
        <ele>280.88</ele>
      </trkpt>
      <trkpt lat="-37.88276" lon="145.38517">
        <ele>278.54</ele>
      </trkpt>
      <trkpt lat="-37.88263" lon="145.38487">
        <ele>287.39</ele>
      </trkpt>
      <trkpt lat="-37.88238" lon="145.38425">
        <ele>302.36</ele>
      </trkpt>
      <trkpt lat="-37.8824" lon="145.38394">
        <ele>304.39</ele>
      </trkpt>
      <trkpt lat="-37.88228" lon="145.38364">
        <ele>301.81</ele>
      </trkpt>
      <trkpt lat="-37.88195" lon="145.38337">
        <ele>307.3</ele>
      </trkpt>
      <trkpt lat="-37.8818" lon="145.38307">
        <ele>305.55</ele>
      </trkpt>
      <trkpt lat="-37.88182" lon="145.38291">
        <ele>297.88</ele>
      </trkpt>
      <trkpt lat="-37.88174" lon="145.38281">
        <ele>294.56</ele>
      </trkpt>
      <trkpt lat="-37.88163" lon="145.38286">
        <ele>298.68</ele>
      </trkpt>
      <trkpt lat="-37.88155" lon="145.38291">
        <ele>301.6</ele>
      </trkpt>
      <trkpt lat="-37.88144" lon="145.38292">
        <ele>302.46</ele>
      </trkpt>
      <trkpt lat="-37.88121" lon="145.38277">
        <ele>302.6</ele>
      </trkpt>
      <trkpt lat="-37.88099" lon="145.38254">
        <ele>312.01</ele>
      </trkpt>
      <trkpt lat="-37.88091" lon="145.38244">
        <ele>319.14</ele>
      </trkpt>
      <trkpt lat="-37.88096" lon="145.3823">
        <ele>313.84</ele>
      </trkpt>
      <trkpt lat="-37.88111" lon="145.38208">
        <ele>303.65</ele>
      </trkpt>
      <trkpt lat="-37.8812" lon="145.38189">
        <ele>303.19</ele>
      </trkpt>
      <trkpt lat="-37.88077" lon="145.38126">
        <ele>323.67</ele>
      </trkpt>
      <trkpt lat="-37.88037" lon="145.38084">
        <ele>329.09</ele>
      </trkpt>
      <trkpt lat="-37.88029" lon="145.38061">
        <ele>333.81</ele>
      </trkpt>
      <trkpt lat="-37.88028" lon="145.38037">
        <ele>334.23</ele>
      </trkpt>
      <trkpt lat="-37.88033" lon="145.3801">
        <ele>328.45</ele>
      </trkpt>
      <trkpt lat="-37.88025" lon="145.37994">
        <ele>331.45</ele>
      </trkpt>
      <trkpt lat="-37.88015" lon="145.37957">
        <ele>341.83</ele>
      </trkpt>
      <trkpt lat="-37.88012" lon="145.37941">
        <ele>345.63</ele>
      </trkpt>
      <trkpt lat="-37.88007" lon="145.37929">
        <ele>348.64</ele>
      </trkpt>
      <trkpt lat="-37.87996" lon="145.37906">
        <ele>349.49</ele>
      </trkpt>
      <trkpt lat="-37.87981" lon="145.37882">
        <ele>352.26</ele>
      </trkpt>
      <trkpt lat="-37.87974" lon="145.37854">
        <ele>353.74</ele>
      </trkpt>
      <trkpt lat="-37.87964" lon="145.37844">
        <ele>355.03</ele>
      </trkpt>
      <trkpt lat="-37.87947" lon="145.37798">
        <ele>354.54</ele>
      </trkpt>
      <trkpt lat="-37.87911" lon="145.37755">
        <ele>343.88</ele>
      </trkpt>
      <trkpt lat="-37.87892" lon="145.37752">
        <ele>340.17</ele>
      </trkpt>
      <trkpt lat="-37.87878" lon="145.3774">
        <ele>337.57</ele>
      </trkpt>
      <trkpt lat="-37.87851" lon="145.37721">
        <ele>334.38</ele>
      </trkpt>
      <trkpt lat="-37.87844" lon="145.37701">
        <ele>335.09</ele>
      </trkpt>
      <trkpt lat="-37.87839" lon="145.37688">
        <ele>335.7</ele>
      </trkpt>
      <trkpt lat="-37.87838" lon="145.3767">
        <ele>335.68</ele>
      </trkpt>
      <trkpt lat="-37.87849" lon="145.37664">
        <ele>339.34</ele>
      </trkpt>
      <trkpt lat="-37.87852" lon="145.37656">
        <ele>339.44</ele>
      </trkpt>
      <trkpt lat="-37.8786" lon="145.3765">
        <ele>341.25</ele>
      </trkpt>
      <trkpt lat="-37.87868" lon="145.37637">
        <ele>340.37</ele>
      </trkpt>
      <trkpt lat="-37.87869" lon="145.3763">
        <ele>338.98</ele>
      </trkpt>
      <trkpt lat="-37.8787" lon="145.37607">
        <ele>333.97</ele>
      </trkpt>
      <trkpt lat="-37.87871" lon="145.37601">
        <ele>332.58</ele>
      </trkpt>
      <trkpt lat="-37.87871" lon="145.37596">
        <ele>331.63</ele>
      </trkpt>
      <trkpt lat="-37.8786" lon="145.37572">
        <ele>330.62</ele>
      </trkpt>
      <trkpt lat="-37.87852" lon="145.37535">
        <ele>330.49</ele>
      </trkpt>
      <trkpt lat="-37.8784" lon="145.37524">
        <ele>333.48</ele>
      </trkpt>
      <trkpt lat="-37.87824" lon="145.375">
        <ele>345.0</ele>
      </trkpt>
      <trkpt lat="-37.87815" lon="145.37472">
        <ele>345.71</ele>
      </trkpt>
      <trkpt lat="-37.87818" lon="145.3743">
        <ele>348.86</ele>
      </trkpt>
      <trkpt lat="-37.87821" lon="145.37416">
        <ele>350.79</ele>
      </trkpt>
      <trkpt lat="-37.87829" lon="145.3739">
        <ele>348.41</ele>
      </trkpt>
      <trkpt lat="-37.87828" lon="145.3736">
        <ele>339.65</ele>
      </trkpt>
      <trkpt lat="-37.87834" lon="145.37346">
        <ele>337.79</ele>
      </trkpt>
      <trkpt lat="-37.87844" lon="145.37307">
        <ele>334.32</ele>
      </trkpt>
      <trkpt lat="-37.87858" lon="145.37284">
        <ele>330.9</ele>
      </trkpt>
      <trkpt lat="-37.87869" lon="145.37262">
        <ele>326.75</ele>
      </trkpt>
      <trkpt lat="-37.87882" lon="145.37249">
        <ele>323.6</ele>
      </trkpt>
      <trkpt lat="-37.87895" lon="145.3724">
        <ele>322.6</ele>
      </trkpt>
      <trkpt lat="-37.87926" lon="145.37233">
        <ele>326.03</ele>
      </trkpt>
      <trkpt lat="-37.87945" lon="145.3723">
        <ele>328.63</ele>
      </trkpt>
      <trkpt lat="-37.87992" lon="145.37233">
        <ele>333.25</ele>
      </trkpt>
      <trkpt lat="-37.88033" lon="145.37228">
        <ele>337.48</ele>
      </trkpt>
      <trkpt lat="-37.88073" lon="145.37217">
        <ele>337.39</ele>
      </trkpt>
      <trkpt lat="-37.88168" lon="145.37168">
        <ele>337.62</ele>
      </trkpt>
      <trkpt lat="-37.88191" lon="145.37155">
        <ele>343.69</ele>
      </trkpt>
      <trkpt lat="-37.88216" lon="145.37143">
        <ele>347.25</ele>
      </trkpt>
      <trkpt lat="-37.88238" lon="145.37132">
        <ele>348.25</ele>
      </trkpt>
      <trkpt lat="-37.88272" lon="145.37116">
        <ele>348.94</ele>
      </trkpt>
      <trkpt lat="-37.88287" lon="145.37109">
        <ele>349.41</ele>
      </trkpt>
      <trkpt lat="-37.883" lon="145.37098">
        <ele>349.47</ele>
      </trkpt>
      <trkpt lat="-37.88315" lon="145.37086">
        <ele>350.83</ele>
      </trkpt>
      <trkpt lat="-37.88352" lon="145.37052">
        <ele>354.17</ele>
      </trkpt>
      <trkpt lat="-37.88367" lon="145.37036">
        <ele>354.29</ele>
      </trkpt>
      <trkpt lat="-37.88382" lon="145.3702">
        <ele>352.94</ele>
      </trkpt>
      <trkpt lat="-37.88424" lon="145.36971">
        <ele>361.4</ele>
      </trkpt>
      <trkpt lat="-37.88433" lon="145.36959">
        <ele>360.2</ele>
      </trkpt>
      <trkpt lat="-37.88441" lon="145.3695">
        <ele>360.35</ele>
      </trkpt>
      <trkpt lat="-37.8845" lon="145.36942">
        <ele>361.28</ele>
      </trkpt>
      <trkpt lat="-37.88467" lon="145.36933">
        <ele>362.57</ele>
      </trkpt>
      <trkpt lat="-37.8847" lon="145.36932">
        <ele>362.76</ele>
      </trkpt>
      <trkpt lat="-37.88475" lon="145.36932">
        <ele>362.14</ele>
      </trkpt>
      <trkpt lat="-37.88479" lon="145.36933">
        <ele>361.04</ele>
      </trkpt>
      <trkpt lat="-37.88481" lon="145.36934">
        <ele>360.41</ele>
      </trkpt>
      <trkpt lat="-37.88484" lon="145.3694">
        <ele>358.74</ele>
      </trkpt>
      <trkpt lat="-37.88486" lon="145.36946">
        <ele>357.44</ele>
      </trkpt>
      <trkpt lat="-37.88488" lon="145.36952">
        <ele>356.67</ele>
      </trkpt>
      <trkpt lat="-37.8849" lon="145.36971">
        <ele>355.49</ele>
      </trkpt>
      <trkpt lat="-37.88497" lon="145.36947">
        <ele>354.73</ele>
      </trkpt>
      <trkpt lat="-37.88498" lon="145.36941">
        <ele>355.12</ele>
      </trkpt>
      <trkpt lat="-37.88501" lon="145.36939">
        <ele>354.84</ele>
      </trkpt>
      <trkpt lat="-37.88505" lon="145.36938">
        <ele>354.44</ele>
      </trkpt>
      <trkpt lat="-37.88507" lon="145.36938">
        <ele>354.15</ele>
      </trkpt>
      <trkpt lat="-37.88507" lon="145.36938">
        <ele>354.15</ele>
      </trkpt>
      <trkpt lat="-37.88507" lon="145.36938">
        <ele>354.15</ele>
      </trkpt>
      <trkpt lat="-37.88507" lon="145.36938">
        <ele>354.15</ele>
      </trkpt>
      <trkpt lat="-37.88514" lon="145.36941">
        <ele>352.6</ele>
      </trkpt>
      <trkpt lat="-37.88524" lon="145.36947">
        <ele>350.62</ele>
      </trkpt>
      <trkpt lat="-37.88549" lon="145.36962">
        <ele>349.39</ele>
      </trkpt>
      <trkpt lat="-37.88568" lon="145.36984">
        <ele>349.28</ele>
      </trkpt>
      <trkpt lat="-37.88582" lon="145.36996">
        <ele>348.27</ele>
      </trkpt>
      <trkpt lat="-37.88606" lon="145.37008">
        <ele>345.21</ele>
      </trkpt>
      <trkpt lat="-37.88629" lon="145.37008">
        <ele>346.32</ele>
      </trkpt>
      <trkpt lat="-37.88637" lon="145.37019">
        <ele>347.53</ele>
      </trkpt>
      <trkpt lat="-37.88645" lon="145.37032">
        <ele>351.49</ele>
      </trkpt>
      <trkpt lat="-37.8866" lon="145.37061">
        <ele>357.65</ele>
      </trkpt>
      <trkpt lat="-37.88665" lon="145.37062">
        <ele>358.07</ele>
      </trkpt>
      <trkpt lat="-37.88681" lon="145.37067">
        <ele>359.67</ele>
      </trkpt>
      <trkpt lat="-37.88692" lon="145.37055">
        <ele>358.9</ele>
      </trkpt>
      <trkpt lat="-37.88718" lon="145.37033">
        <ele>364.1</ele>
      </trkpt>
      <trkpt lat="-37.88721" lon="145.37029">
        <ele>364.78</ele>
      </trkpt>
      <trkpt lat="-37.88727" lon="145.37024">
        <ele>361.16</ele>
      </trkpt>
      <trkpt lat="-37.88738" lon="145.37008">
        <ele>357.17</ele>
      </trkpt>
      <trkpt lat="-37.88749" lon="145.37">
        <ele>355.4</ele>
      </trkpt>
      <trkpt lat="-37.8876" lon="145.36997">
        <ele>352.08</ele>
      </trkpt>
      <trkpt lat="-37.88811" lon="145.36994">
        <ele>351.19</ele>
      </trkpt>
      <trkpt lat="-37.88832" lon="145.36996">
        <ele>357.3</ele>
      </trkpt>
      <trkpt lat="-37.88852" lon="145.36996">
        <ele>360.41</ele>
      </trkpt>
      <trkpt lat="-37.88917" lon="145.3701">
        <ele>364.27</ele>
      </trkpt>
      <trkpt lat="-37.88974" lon="145.37003">
        <ele>373.91</ele>
      </trkpt>
      <trkpt lat="-37.88995" lon="145.37004">
        <ele>377.88</ele>
      </trkpt>
      <trkpt lat="-37.89015" lon="145.36999">
        <ele>381.01</ele>
      </trkpt>
      <trkpt lat="-37.89031" lon="145.36991">
        <ele>380.72</ele>
      </trkpt>
      <trkpt lat="-37.89044" lon="145.3698">
        <ele>377.67</ele>
      </trkpt>
      <trkpt lat="-37.8906" lon="145.3697">
        <ele>373.73</ele>
      </trkpt>
      <trkpt lat="-37.89076" lon="145.36963">
        <ele>363.4</ele>
      </trkpt>
      <trkpt lat="-37.89087" lon="145.36955">
        <ele>358.95</ele>
      </trkpt>
      <trkpt lat="-37.89087" lon="145.36955">
        <ele>358.95</ele>
      </trkpt>
      <trkpt lat="-37.89087" lon="145.36955">
        <ele>358.95</ele>
      </trkpt>
      <trkpt lat="-37.89099" lon="145.36945">
        <ele>358.06</ele>
      </trkpt>
      <trkpt lat="-37.89145" lon="145.36901">
        <ele>369.71</ele>
      </trkpt>
      <trkpt lat="-37.89181" lon="145.36885">
        <ele>363.78</ele>
      </trkpt>
      <trkpt lat="-37.89225" lon="145.36864">
        <ele>358.69</ele>
      </trkpt>
      <trkpt lat="-37.89269" lon="145.36832">
        <ele>356.78</ele>
      </trkpt>
      <trkpt lat="-37.89314" lon="145.36801">
        <ele>345.3</ele>
      </trkpt>
      <trkpt lat="-37.89347" lon="145.36792">
        <ele>343.96</ele>
      </trkpt>
      <trkpt lat="-37.89386" lon="145.36797">
        <ele>346.4</ele>
      </trkpt>
      <trkpt lat="-37.89412" lon="145.36803">
        <ele>356.32</ele>
      </trkpt>
      <trkpt lat="-37.89438" lon="145.3681">
        <ele>357.03</ele>
      </trkpt>
      <trkpt lat="-37.89462" lon="145.3681">
        <ele>353.46</ele>
      </trkpt>
      <trkpt lat="-37.89507" lon="145.36802">
        <ele>354.91</ele>
      </trkpt>
      <trkpt lat="-37.89542" lon="145.368">
        <ele>347.23</ele>
      </trkpt>
      <trkpt lat="-37.89577" lon="145.36797">
        <ele>346.93</ele>
      </trkpt>
      <trkpt lat="-37.89599" lon="145.3679">
        <ele>353.4</ele>
      </trkpt>
      <trkpt lat="-37.89621" lon="145.36781">
        <ele>361.17</ele>
      </trkpt>
      <trkpt lat="-37.89639" lon="145.36768">
        <ele>367.09</ele>
      </trkpt>
      <trkpt lat="-37.89684" lon="145.36728">
        <ele>372.35</ele>
      </trkpt>
      <trkpt lat="-37.89741" lon="145.36684">
        <ele>372.9</ele>
      </trkpt>
      <trkpt lat="-37.89799" lon="145.36632">
        <ele>378.0</ele>
      </trkpt>
      <trkpt lat="-37.89825" lon="145.36617">
        <ele>377.89</ele>
      </trkpt>
      <trkpt lat="-37.89838" lon="145.36608">
        <ele>375.53</ele>
      </trkpt>
      <trkpt lat="-37.8985" lon="145.36596">
        <ele>371.76</ele>
      </trkpt>
      <trkpt lat="-37.8987" lon="145.36567">
        <ele>368.83</ele>
      </trkpt>
      <trkpt lat="-37.89886" lon="145.36534">
        <ele>370.37</ele>
      </trkpt>
      <trkpt lat="-37.89897" lon="145.36504">
        <ele>366.45</ele>
      </trkpt>
      <trkpt lat="-37.89908" lon="145.36477">
        <ele>363.94</ele>
      </trkpt>
      <trkpt lat="-37.8992" lon="145.36459">
        <ele>362.01</ele>
      </trkpt>
      <trkpt lat="-37.89929" lon="145.36449">
        <ele>360.46</ele>
      </trkpt>
      <trkpt lat="-37.89939" lon="145.36443">
        <ele>358.34</ele>
      </trkpt>
      <trkpt lat="-37.89953" lon="145.3644">
        <ele>356.26</ele>
      </trkpt>
      <trkpt lat="-37.89985" lon="145.36441">
        <ele>353.07</ele>
      </trkpt>
      <trkpt lat="-37.90008" lon="145.36444">
        <ele>353.29</ele>
      </trkpt>
      <trkpt lat="-37.90033" lon="145.3644">
        <ele>354.13</ele>
      </trkpt>
      <trkpt lat="-37.9005" lon="145.36434">
        <ele>354.2</ele>
      </trkpt>
      <trkpt lat="-37.90069" lon="145.3642">
        <ele>355.0</ele>
      </trkpt>
      <trkpt lat="-37.90094" lon="145.36405">
        <ele>354.74</ele>
      </trkpt>
      <trkpt lat="-37.9012" lon="145.36399">
        <ele>352.2</ele>
      </trkpt>
      <trkpt lat="-37.90145" lon="145.36383">
        <ele>343.78</ele>
      </trkpt>
      <trkpt lat="-37.90166" lon="145.36368">
        <ele>332.47</ele>
      </trkpt>
      <trkpt lat="-37.90188" lon="145.3635">
        <ele>335.63</ele>
      </trkpt>
      <trkpt lat="-37.90213" lon="145.36339">
        <ele>336.87</ele>
      </trkpt>
      <trkpt lat="-37.9026" lon="145.36328">
        <ele>328.45</ele>
      </trkpt>
      <trkpt lat="-37.90281" lon="145.36315">
        <ele>327.01</ele>
      </trkpt>
      <trkpt lat="-37.90305" lon="145.36297">
        <ele>323.59</ele>
      </trkpt>
      <trkpt lat="-37.90364" lon="145.36272">
        <ele>315.96</ele>
      </trkpt>
      <trkpt lat="-37.90375" lon="145.36271">
        <ele>315.8</ele>
      </trkpt>
      <trkpt lat="-37.9039" lon="145.36271">
        <ele>315.93</ele>
      </trkpt>
      <trkpt lat="-37.90416" lon="145.36271">
        <ele>313.12</ele>
      </trkpt>
      <trkpt lat="-37.9044" lon="145.36267">
        <ele>310.35</ele>
      </trkpt>
      <trkpt lat="-37.90449" lon="145.36267">
        <ele>309.95</ele>
      </trkpt>
      <trkpt lat="-37.90459" lon="145.3627">
        <ele>309.91</ele>
      </trkpt>
      <trkpt lat="-37.90484" lon="145.36285">
        <ele>305.86</ele>
      </trkpt>
      <trkpt lat="-37.9052" lon="145.36309">
        <ele>302.56</ele>
      </trkpt>
      <trkpt lat="-37.90532" lon="145.36325">
        <ele>299.97</ele>
      </trkpt>
      <trkpt lat="-37.90543" lon="145.36334">
        <ele>295.99</ele>
      </trkpt>
      <trkpt lat="-37.9056" lon="145.36342">
        <ele>291.05</ele>
      </trkpt>
      <trkpt lat="-37.90574" lon="145.36347">
        <ele>288.37</ele>
      </trkpt>
      <trkpt lat="-37.90582" lon="145.36348">
        <ele>287.13</ele>
      </trkpt>
      <trkpt lat="-37.90595" lon="145.36347">
        <ele>284.28</ele>
      </trkpt>
      <trkpt lat="-37.90599" lon="145.36337">
        <ele>283.86</ele>
      </trkpt>
      <trkpt lat="-37.90601" lon="145.36314">
        <ele>282.66</ele>
      </trkpt>
      <trkpt lat="-37.90601" lon="145.36295">
        <ele>279.1</ele>
      </trkpt>
      <trkpt lat="-37.906" lon="145.3625">
        <ele>272.6</ele>
      </trkpt>
      <trkpt lat="-37.90597" lon="145.36207">
        <ele>275.4</ele>
      </trkpt>
      <trkpt lat="-37.90586" lon="145.36139">
        <ele>277.14</ele>
      </trkpt>
      <trkpt lat="-37.90574" lon="145.36071">
        <ele>269.34</ele>
      </trkpt>
      <trkpt lat="-37.90569" lon="145.36044">
        <ele>267.62</ele>
      </trkpt>
      <trkpt lat="-37.90562" lon="145.35987">
        <ele>253.82</ele>
      </trkpt>
      <trkpt lat="-37.90558" lon="145.35946">
        <ele>242.69</ele>
      </trkpt>
      <trkpt lat="-37.90557" lon="145.35931">
        <ele>239.4</ele>
      </trkpt>
      <trkpt lat="-37.90561" lon="145.3592">
        <ele>238.19</ele>
      </trkpt>
      <trkpt lat="-37.90569" lon="145.35906">
        <ele>240.07</ele>
      </trkpt>
      <trkpt lat="-37.90579" lon="145.35891">
        <ele>242.9</ele>
      </trkpt>
      <trkpt lat="-37.90592" lon="145.35876">
        <ele>241.96</ele>
      </trkpt>
      <trkpt lat="-37.90616" lon="145.35853">
        <ele>233.72</ele>
      </trkpt>
      <trkpt lat="-37.90624" lon="145.35847">
        <ele>229.44</ele>
      </trkpt>
      <trkpt lat="-37.90631" lon="145.35842">
        <ele>225.88</ele>
      </trkpt>
      <trkpt lat="-37.90642" lon="145.35839">
        <ele>222.28</ele>
      </trkpt>
      <trkpt lat="-37.90654" lon="145.35835">
        <ele>218.82</ele>
      </trkpt>
      <trkpt lat="-37.90661" lon="145.35832">
        <ele>216.73</ele>
      </trkpt>
      <trkpt lat="-37.90663" lon="145.35831">
        <ele>216.16</ele>
      </trkpt>
      <trkpt lat="-37.90664" lon="145.35831">
        <ele>215.98</ele>
      </trkpt>
      <trkpt lat="-37.90668" lon="145.35829">
        <ele>214.68</ele>
      </trkpt>
      <trkpt lat="-37.9067" lon="145.35826">
        <ele>213.46</ele>
      </trkpt>
      <trkpt lat="-37.90673" lon="145.35823">
        <ele>211.94</ele>
      </trkpt>
      <trkpt lat="-37.90675" lon="145.3582">
        <ele>210.72</ele>
      </trkpt>
      <trkpt lat="-37.90676" lon="145.35815">
        <ele>209.35</ele>
      </trkpt>
      <trkpt lat="-37.90677" lon="145.3581">
        <ele>207.98</ele>
      </trkpt>
      <trkpt lat="-37.90679" lon="145.35803">
        <ele>206.15</ele>
      </trkpt>
      <trkpt lat="-37.9068" lon="145.35789">
        <ele>204.32</ele>
      </trkpt>
      <trkpt lat="-37.90681" lon="145.35784">
        <ele>203.59</ele>
      </trkpt>
      <trkpt lat="-37.90682" lon="145.35781">
        <ele>203.12</ele>
      </trkpt>
      <trkpt lat="-37.90684" lon="145.35778">
        <ele>202.52</ele>
      </trkpt>
      <trkpt lat="-37.90686" lon="145.35775">
        <ele>202.32</ele>
      </trkpt>
      <trkpt lat="-37.90689" lon="145.35773">
        <ele>201.96</ele>
      </trkpt>
      <trkpt lat="-37.90691" lon="145.35772">
        <ele>201.7</ele>
      </trkpt>
      <trkpt lat="-37.90694" lon="145.35771">
        <ele>201.31</ele>
      </trkpt>
      <trkpt lat="-37.90698" lon="145.35772">
        <ele>200.93</ele>
      </trkpt>
      <trkpt lat="-37.90703" lon="145.35772">
        <ele>200.53</ele>
      </trkpt>
      <trkpt lat="-37.9072" lon="145.35774">
        <ele>199.17</ele>
      </trkpt>
      <trkpt lat="-37.90726" lon="145.35775">
        <ele>199.46</ele>
      </trkpt>
      <trkpt lat="-37.90728" lon="145.35775">
        <ele>199.71</ele>
      </trkpt>
      <trkpt lat="-37.90736" lon="145.35776">
        <ele>200.79</ele>
      </trkpt>
      <trkpt lat="-37.90743" lon="145.35776">
        <ele>201.7</ele>
      </trkpt>
      <trkpt lat="-37.90747" lon="145.35776">
        <ele>202.23</ele>
      </trkpt>
      <trkpt lat="-37.90751" lon="145.35775">
        <ele>202.61</ele>
      </trkpt>
      <trkpt lat="-37.90754" lon="145.35774">
        <ele>203.04</ele>
      </trkpt>
      <trkpt lat="-37.90756" lon="145.35772">
        <ele>203.15</ele>
      </trkpt>
      <trkpt lat="-37.90759" lon="145.35769">
        <ele>203.44</ele>
      </trkpt>
      <trkpt lat="-37.90762" lon="145.35765">
        <ele>203.79</ele>
      </trkpt>
      <trkpt lat="-37.90764" lon="145.3576">
        <ele>203.94</ele>
      </trkpt>
      <trkpt lat="-37.90767" lon="145.35751">
        <ele>204.41</ele>
      </trkpt>
      <trkpt lat="-37.90776" lon="145.35726">
        <ele>209.21</ele>
      </trkpt>
      <trkpt lat="-37.90791" lon="145.35685">
        <ele>214.2</ele>
      </trkpt>
      <trkpt lat="-37.90798" lon="145.35665">
        <ele>216.24</ele>
      </trkpt>
      <trkpt lat="-37.90799" lon="145.35661">
        <ele>216.13</ele>
      </trkpt>
      <trkpt lat="-37.90801" lon="145.35657">
        <ele>215.93</ele>
      </trkpt>
      <trkpt lat="-37.90803" lon="145.35653">
        <ele>215.69</ele>
      </trkpt>
      <trkpt lat="-37.90804" lon="145.3565">
        <ele>215.52</ele>
      </trkpt>
      <trkpt lat="-37.90807" lon="145.35646">
        <ele>215.29</ele>
      </trkpt>
      <trkpt lat="-37.90809" lon="145.35643">
        <ele>215.25</ele>
      </trkpt>
      <trkpt lat="-37.90811" lon="145.35641">
        <ele>215.26</ele>
      </trkpt>
      <trkpt lat="-37.90813" lon="145.35638">
        <ele>215.36</ele>
      </trkpt>
      <trkpt lat="-37.90818" lon="145.35635">
        <ele>215.81</ele>
      </trkpt>
      <trkpt lat="-37.90838" lon="145.35623">
        <ele>217.5</ele>
      </trkpt>
      <trkpt lat="-37.90849" lon="145.35617">
        <ele>219.03</ele>
      </trkpt>
      <trkpt lat="-37.90854" lon="145.35613">
        <ele>219.99</ele>
      </trkpt>
      <trkpt lat="-37.9086" lon="145.35608">
        <ele>221.33</ele>
      </trkpt>
      <trkpt lat="-37.90864" lon="145.35606">
        <ele>221.56</ele>
      </trkpt>
      <trkpt lat="-37.90868" lon="145.35603">
        <ele>221.63</ele>
      </trkpt>
      <trkpt lat="-37.90872" lon="145.356">
        <ele>221.58</ele>
      </trkpt>
      <trkpt lat="-37.90872" lon="145.35599">
        <ele>221.67</ele>
      </trkpt>
      <trkpt lat="-37.90873" lon="145.35597">
        <ele>221.73</ele>
      </trkpt>
      <trkpt lat="-37.90875" lon="145.35596">
        <ele>221.59</ele>
      </trkpt>
      <trkpt lat="-37.90876" lon="145.35594">
        <ele>221.61</ele>
      </trkpt>
      <trkpt lat="-37.90878" lon="145.35593">
        <ele>221.41</ele>
      </trkpt>
      <trkpt lat="-37.90882" lon="145.35592">
        <ele>220.93</ele>
      </trkpt>
      <trkpt lat="-37.90885" lon="145.35592">
        <ele>220.53</ele>
      </trkpt>
      <trkpt lat="-37.90891" lon="145.35591">
        <ele>219.92</ele>
      </trkpt>
      <trkpt lat="-37.90894" lon="145.3559">
        <ele>219.82</ele>
      </trkpt>
      <trkpt lat="-37.90896" lon="145.35589">
        <ele>219.74</ele>
      </trkpt>
      <trkpt lat="-37.90899" lon="145.35587">
        <ele>219.64</ele>
      </trkpt>
      <trkpt lat="-37.90901" lon="145.35585">
        <ele>219.56</ele>
      </trkpt>
      <trkpt lat="-37.90898" lon="145.3558">
        <ele>219.71</ele>
      </trkpt>
      <trkpt lat="-37.90902" lon="145.35575">
        <ele>219.67</ele>
      </trkpt>
      <trkpt lat="-37.90906" lon="145.35571">
        <ele>219.66</ele>
      </trkpt>
      <trkpt lat="-37.90908" lon="145.35567">
        <ele>219.72</ele>
      </trkpt>
      <trkpt lat="-37.90912" lon="145.35562">
        <ele>219.81</ele>
      </trkpt>
      <trkpt lat="-37.90917" lon="145.35549">
        <ele>221.91</ele>
      </trkpt>
      <trkpt lat="-37.90919" lon="145.35546">
        <ele>222.86</ele>
      </trkpt>
      <trkpt lat="-37.90927" lon="145.35535">
        <ele>225.21</ele>
      </trkpt>
      <trkpt lat="-37.90943" lon="145.35516">
        <ele>223.74</ele>
      </trkpt>
      <trkpt lat="-37.90941" lon="145.35513">
        <ele>223.83</ele>
      </trkpt>
      <trkpt lat="-37.90955" lon="145.35494">
        <ele>223.0</ele>
      </trkpt>
      <trkpt lat="-37.90955" lon="145.35494">
        <ele>223.0</ele>
      </trkpt>
      <trkpt lat="-37.90955" lon="145.35494">
        <ele>223.0</ele>
      </trkpt>
      <trkpt lat="-37.90941" lon="145.35513">
        <ele>223.83</ele>
      </trkpt>
      <trkpt lat="-37.90943" lon="145.35516">
        <ele>223.74</ele>
      </trkpt>
      <trkpt lat="-37.90927" lon="145.35535">
        <ele>225.21</ele>
      </trkpt>
      <trkpt lat="-37.90919" lon="145.35546">
        <ele>222.86</ele>
      </trkpt>
      <trkpt lat="-37.90917" lon="145.35549">
        <ele>221.91</ele>
      </trkpt>
      <trkpt lat="-37.90912" lon="145.35562">
        <ele>219.81</ele>
      </trkpt>
      <trkpt lat="-37.90908" lon="145.35567">
        <ele>219.72</ele>
      </trkpt>
      <trkpt lat="-37.90906" lon="145.35571">
        <ele>219.66</ele>
      </trkpt>
      <trkpt lat="-37.90902" lon="145.35575">
        <ele>219.67</ele>
      </trkpt>
      <trkpt lat="-37.90898" lon="145.3558">
        <ele>219.71</ele>
      </trkpt>
      <trkpt lat="-37.90895" lon="145.3558">
        <ele>219.81</ele>
      </trkpt>
      <trkpt lat="-37.90891" lon="145.35579">
        <ele>219.94</ele>
      </trkpt>
      <trkpt lat="-37.90889" lon="145.35579">
        <ele>220.0</ele>
      </trkpt>
      <trkpt lat="-37.90888" lon="145.35579">
        <ele>220.17</ele>
      </trkpt>
      <trkpt lat="-37.90884" lon="145.3558">
        <ele>220.94</ele>
      </trkpt>
      <trkpt lat="-37.90882" lon="145.3558">
        <ele>221.33</ele>
      </trkpt>
      <trkpt lat="-37.90881" lon="145.35581">
        <ele>221.49</ele>
      </trkpt>
      <trkpt lat="-37.9088" lon="145.35582">
        <ele>221.65</ele>
      </trkpt>
      <trkpt lat="-37.90877" lon="145.35584">
        <ele>222.1</ele>
      </trkpt>
      <trkpt lat="-37.90873" lon="145.35589">
        <ele>222.39</ele>
      </trkpt>
      <trkpt lat="-37.90871" lon="145.35587">
        <ele>222.88</ele>
      </trkpt>
      <trkpt lat="-37.9087" lon="145.35585">
        <ele>223.24</ele>
      </trkpt>
      <trkpt lat="-37.90868" lon="145.35582">
        <ele>223.87</ele>
      </trkpt>
      <trkpt lat="-37.90866" lon="145.35577">
        <ele>224.68</ele>
      </trkpt>
      <trkpt lat="-37.90852" lon="145.35547">
        <ele>228.49</ele>
      </trkpt>
      <trkpt lat="-37.90852" lon="145.35545">
        <ele>228.68</ele>
      </trkpt>
      <trkpt lat="-37.90841" lon="145.35529">
        <ele>231.69</ele>
      </trkpt>
      <trkpt lat="-37.90837" lon="145.35525">
        <ele>232.95</ele>
      </trkpt>
      <trkpt lat="-37.90833" lon="145.35522">
        <ele>234.01</ele>
      </trkpt>
      <trkpt lat="-37.90832" lon="145.35522">
        <ele>233.93</ele>
      </trkpt>
      <trkpt lat="-37.90828" lon="145.35523">
        <ele>233.44</ele>
      </trkpt>
      <trkpt lat="-37.90824" lon="145.35524">
        <ele>232.96</ele>
      </trkpt>
      <trkpt lat="-37.90797" lon="145.35533">
        <ele>229.87</ele>
      </trkpt>
      <trkpt lat="-37.90796" lon="145.35534">
        <ele>229.66</ele>
      </trkpt>
      <trkpt lat="-37.90793" lon="145.35535">
        <ele>229.44</ele>
      </trkpt>
      <trkpt lat="-37.90739" lon="145.35553">
        <ele>222.25</ele>
      </trkpt>
      <trkpt lat="-37.90725" lon="145.35558">
        <ele>222.4</ele>
      </trkpt>
      <trkpt lat="-37.90719" lon="145.35559">
        <ele>222.38</ele>
      </trkpt>
      <trkpt lat="-37.9071" lon="145.3556">
        <ele>222.2</ele>
      </trkpt>
      <trkpt lat="-37.90704" lon="145.3556">
        <ele>222.2</ele>
      </trkpt>
      <trkpt lat="-37.90696" lon="145.35559">
        <ele>222.38</ele>
      </trkpt>
      <trkpt lat="-37.90683" lon="145.35556">
        <ele>223.36</ele>
      </trkpt>
      <trkpt lat="-37.90673" lon="145.35553">
        <ele>224.54</ele>
      </trkpt>
      <trkpt lat="-37.90667" lon="145.35551">
        <ele>225.46</ele>
      </trkpt>
      <trkpt lat="-37.90661" lon="145.35551">
        <ele>227.08</ele>
      </trkpt>
      <trkpt lat="-37.90653" lon="145.35551">
        <ele>229.34</ele>
      </trkpt>
      <trkpt lat="-37.90647" lon="145.35552">
        <ele>230.89</ele>
      </trkpt>
      <trkpt lat="-37.90641" lon="145.35555">
        <ele>232.37</ele>
      </trkpt>
      <trkpt lat="-37.90636" lon="145.35557">
        <ele>233.31</ele>
      </trkpt>
      <trkpt lat="-37.9063" lon="145.35561">
        <ele>233.75</ele>
      </trkpt>
      <trkpt lat="-37.90622" lon="145.35567">
        <ele>234.14</ele>
      </trkpt>
      <trkpt lat="-37.90614" lon="145.35571">
        <ele>234.76</ele>
      </trkpt>
      <trkpt lat="-37.90607" lon="145.35574">
        <ele>235.72</ele>
      </trkpt>
      <trkpt lat="-37.90595" lon="145.35578">
        <ele>237.28</ele>
      </trkpt>
      <trkpt lat="-37.90586" lon="145.35581">
        <ele>237.72</ele>
      </trkpt>
      <trkpt lat="-37.90575" lon="145.35585">
        <ele>239.8</ele>
      </trkpt>
      <trkpt lat="-37.90537" lon="145.35595">
        <ele>243.46</ele>
      </trkpt>
      <trkpt lat="-37.90518" lon="145.356">
        <ele>240.4</ele>
      </trkpt>
      <trkpt lat="-37.90518" lon="145.356">
        <ele>240.4</ele>
      </trkpt>
      <trkpt lat="-37.90518" lon="145.356">
        <ele>240.4</ele>
      </trkpt>
      <trkpt lat="-37.90507" lon="145.35604">
        <ele>237.15</ele>
      </trkpt>
      <trkpt lat="-37.90496" lon="145.35608">
        <ele>235.3</ele>
      </trkpt>
      <trkpt lat="-37.9048" lon="145.35613">
        <ele>236.94</ele>
      </trkpt>
      <trkpt lat="-37.90457" lon="145.35623">
        <ele>237.65</ele>
      </trkpt>
      <trkpt lat="-37.90446" lon="145.35627">
        <ele>237.83</ele>
      </trkpt>
      <trkpt lat="-37.90438" lon="145.3563">
        <ele>236.07</ele>
      </trkpt>
      <trkpt lat="-37.90428" lon="145.35632">
        <ele>233.62</ele>
      </trkpt>
      <trkpt lat="-37.904" lon="145.35635">
        <ele>230.92</ele>
      </trkpt>
      <trkpt lat="-37.9039" lon="145.35636">
        <ele>230.9</ele>
      </trkpt>
      <trkpt lat="-37.90381" lon="145.35636">
        <ele>231.16</ele>
      </trkpt>
      <trkpt lat="-37.90372" lon="145.35637">
        <ele>231.14</ele>
      </trkpt>
      <trkpt lat="-37.90361" lon="145.35638">
        <ele>231.24</ele>
      </trkpt>
      <trkpt lat="-37.9034" lon="145.35639">
        <ele>234.04</ele>
      </trkpt>
      <trkpt lat="-37.90331" lon="145.3564">
        <ele>235.17</ele>
      </trkpt>
      <trkpt lat="-37.90311" lon="145.35642">
        <ele>236.61</ele>
      </trkpt>
      <trkpt lat="-37.90302" lon="145.35644">
        <ele>237.19</ele>
      </trkpt>
      <trkpt lat="-37.90285" lon="145.35648">
        <ele>237.75</ele>
      </trkpt>
      <trkpt lat="-37.90269" lon="145.35653">
        <ele>234.64</ele>
      </trkpt>
      <trkpt lat="-37.90252" lon="145.35658">
        <ele>228.93</ele>
      </trkpt>
      <trkpt lat="-37.90208" lon="145.35672">
        <ele>230.26</ele>
      </trkpt>
      <trkpt lat="-37.90177" lon="145.35682">
        <ele>229.21</ele>
      </trkpt>
      <trkpt lat="-37.90159" lon="145.3569">
        <ele>229.31</ele>
      </trkpt>
      <trkpt lat="-37.90145" lon="145.35696">
        <ele>229.07</ele>
      </trkpt>
      <trkpt lat="-37.90135" lon="145.35702">
        <ele>229.83</ele>
      </trkpt>
      <trkpt lat="-37.90126" lon="145.35705">
        <ele>231.24</ele>
      </trkpt>
      <trkpt lat="-37.9009" lon="145.3572">
        <ele>235.32</ele>
      </trkpt>
      <trkpt lat="-37.90079" lon="145.35723">
        <ele>237.61</ele>
      </trkpt>
      <trkpt lat="-37.90076" lon="145.35713">
        <ele>236.41</ele>
      </trkpt>
      <trkpt lat="-37.90068" lon="145.35712">
        <ele>237.69</ele>
      </trkpt>
      <trkpt lat="-37.90055" lon="145.35709">
        <ele>238.95</ele>
      </trkpt>
      <trkpt lat="-37.90048" lon="145.35709">
        <ele>241.28</ele>
      </trkpt>
      <trkpt lat="-37.90041" lon="145.35708">
        <ele>243.02</ele>
      </trkpt>
      <trkpt lat="-37.90035" lon="145.35707">
        <ele>244.28</ele>
      </trkpt>
      <trkpt lat="-37.90028" lon="145.35704">
        <ele>244.16</ele>
      </trkpt>
      <trkpt lat="-37.90022" lon="145.35701">
        <ele>246.64</ele>
      </trkpt>
      <trkpt lat="-37.90009" lon="145.35692">
        <ele>251.33</ele>
      </trkpt>
      <trkpt lat="-37.90015" lon="145.35682">
        <ele>242.94</ele>
      </trkpt>
      <trkpt lat="-37.90014" lon="145.35677">
        <ele>241.54</ele>
      </trkpt>
      <trkpt lat="-37.90014" lon="145.35677">
        <ele>241.54</ele>
      </trkpt>
      <trkpt lat="-37.90013" lon="145.35666">
        <ele>237.73</ele>
      </trkpt>
      <trkpt lat="-37.89991" lon="145.35652">
        <ele>245.09</ele>
      </trkpt>
      <trkpt lat="-37.89985" lon="145.3564">
        <ele>245.63</ele>
      </trkpt>
      <trkpt lat="-37.89975" lon="145.35634">
        <ele>248.38</ele>
      </trkpt>
      <trkpt lat="-37.89964" lon="145.35628">
        <ele>255.72</ele>
      </trkpt>
      <trkpt lat="-37.89955" lon="145.35623">
        <ele>262.86</ele>
      </trkpt>
      <trkpt lat="-37.89943" lon="145.35614">
        <ele>270.72</ele>
      </trkpt>
      <trkpt lat="-37.89931" lon="145.356">
        <ele>270.3</ele>
      </trkpt>
      <trkpt lat="-37.89926" lon="145.35586">
        <ele>269.93</ele>
      </trkpt>
      <trkpt lat="-37.89917" lon="145.35579">
        <ele>273.65</ele>
      </trkpt>
      <trkpt lat="-37.89895" lon="145.3557">
        <ele>278.52</ele>
      </trkpt>
      <trkpt lat="-37.89871" lon="145.35563">
        <ele>276.24</ele>
      </trkpt>
      <trkpt lat="-37.89839" lon="145.35568">
        <ele>270.45</ele>
      </trkpt>
      <trkpt lat="-37.89818" lon="145.35568">
        <ele>273.81</ele>
      </trkpt>
      <trkpt lat="-37.89804" lon="145.35572">
        <ele>277.75</ele>
      </trkpt>
      <trkpt lat="-37.89794" lon="145.35579">
        <ele>277.67</ele>
      </trkpt>
      <trkpt lat="-37.89763" lon="145.35609">
        <ele>278.73</ele>
      </trkpt>
      <trkpt lat="-37.89763" lon="145.35609">
        <ele>278.73</ele>
      </trkpt>
      <trkpt lat="-37.89763" lon="145.35609">
        <ele>278.73</ele>
      </trkpt>
      <trkpt lat="-37.89763" lon="145.35609">
        <ele>278.73</ele>
      </trkpt>
      <trkpt lat="-37.89752" lon="145.35619">
        <ele>282.39</ele>
      </trkpt>
      <trkpt lat="-37.89747" lon="145.35625">
        <ele>283.63</ele>
      </trkpt>
      <trkpt lat="-37.89727" lon="145.35647">
        <ele>289.48</ele>
      </trkpt>
      <trkpt lat="-37.89718" lon="145.35669">
        <ele>291.47</ele>
      </trkpt>
      <trkpt lat="-37.89708" lon="145.35679">
        <ele>296.88</ele>
      </trkpt>
      <trkpt lat="-37.89704" lon="145.35687">
        <ele>298.64</ele>
      </trkpt>
      <trkpt lat="-37.89699" lon="145.35696">
        <ele>300.15</ele>
      </trkpt>
      <trkpt lat="-37.89687" lon="145.35706">
        <ele>301.5</ele>
      </trkpt>
      <trkpt lat="-37.89679" lon="145.35713">
        <ele>302.93</ele>
      </trkpt>
      <trkpt lat="-37.89673" lon="145.35717">
        <ele>304.64</ele>
      </trkpt>
      <trkpt lat="-37.89669" lon="145.3572">
        <ele>306.05</ele>
      </trkpt>
      <trkpt lat="-37.89662" lon="145.35724">
        <ele>306.44</ele>
      </trkpt>
      <trkpt lat="-37.89617" lon="145.35743">
        <ele>308.53</ele>
      </trkpt>
      <trkpt lat="-37.89598" lon="145.35739">
        <ele>310.15</ele>
      </trkpt>
      <trkpt lat="-37.89555" lon="145.35743">
        <ele>304.14</ele>
      </trkpt>
      <trkpt lat="-37.89528" lon="145.35733">
        <ele>311.18</ele>
      </trkpt>
      <trkpt lat="-37.89488" lon="145.35739">
        <ele>316.31</ele>
      </trkpt>
      <trkpt lat="-37.89456" lon="145.35723">
        <ele>316.09</ele>
      </trkpt>
      <trkpt lat="-37.89434" lon="145.35721">
        <ele>315.08</ele>
      </trkpt>
      <trkpt lat="-37.89405" lon="145.35721">
        <ele>316.11</ele>
      </trkpt>
      <trkpt lat="-37.89372" lon="145.35719">
        <ele>320.02</ele>
      </trkpt>
      <trkpt lat="-37.89329" lon="145.35728">
        <ele>335.08</ele>
      </trkpt>
      <trkpt lat="-37.89315" lon="145.35723">
        <ele>341.65</ele>
      </trkpt>
      <trkpt lat="-37.89296" lon="145.3571">
        <ele>345.35</ele>
      </trkpt>
      <trkpt lat="-37.89285" lon="145.35706">
        <ele>348.1</ele>
      </trkpt>
      <trkpt lat="-37.89272" lon="145.35705">
        <ele>350.54</ele>
      </trkpt>
      <trkpt lat="-37.89255" lon="145.35709">
        <ele>350.84</ele>
      </trkpt>
      <trkpt lat="-37.89244" lon="145.35709">
        <ele>349.56</ele>
      </trkpt>
      <trkpt lat="-37.89212" lon="145.35698">
        <ele>341.26</ele>
      </trkpt>
      <trkpt lat="-37.89193" lon="145.35691">
        <ele>340.95</ele>
      </trkpt>
      <trkpt lat="-37.89186" lon="145.35683">
        <ele>347.56</ele>
      </trkpt>
      <trkpt lat="-37.89179" lon="145.3567">
        <ele>356.58</ele>
      </trkpt>
      <trkpt lat="-37.89171" lon="145.35659">
        <ele>367.22</ele>
      </trkpt>
      <trkpt lat="-37.89102" lon="145.35597">
        <ele>386.42</ele>
      </trkpt>
      <trkpt lat="-37.89057" lon="145.35554">
        <ele>378.65</ele>
      </trkpt>
      <trkpt lat="-37.89048" lon="145.35546">
        <ele>381.76</ele>
      </trkpt>
      <trkpt lat="-37.89031" lon="145.35533">
        <ele>384.65</ele>
      </trkpt>
      <trkpt lat="-37.89012" lon="145.35524">
        <ele>387.68</ele>
      </trkpt>
      <trkpt lat="-37.88999" lon="145.35516">
        <ele>388.07</ele>
      </trkpt>
      <trkpt lat="-37.8899" lon="145.35511">
        <ele>387.69</ele>
      </trkpt>
      <trkpt lat="-37.88969" lon="145.35509">
        <ele>391.75</ele>
      </trkpt>
      <trkpt lat="-37.88961" lon="145.35506">
        <ele>390.12</ele>
      </trkpt>
      <trkpt lat="-37.8892" lon="145.35488">
        <ele>386.27</ele>
      </trkpt>
      <trkpt lat="-37.88913" lon="145.35487">
        <ele>386.36</ele>
      </trkpt>
      <trkpt lat="-37.8889" lon="145.35489">
        <ele>387.02</ele>
      </trkpt>
      <trkpt lat="-37.88876" lon="145.35492">
        <ele>391.81</ele>
      </trkpt>
      <trkpt lat="-37.88867" lon="145.35496">
        <ele>395.04</ele>
      </trkpt>
      <trkpt lat="-37.88862" lon="145.35495">
        <ele>396.54</ele>
      </trkpt>
      <trkpt lat="-37.88859" lon="145.35493">
        <ele>397.36</ele>
      </trkpt>
      <trkpt lat="-37.8885" lon="145.35512">
        <ele>400.96</ele>
      </trkpt>
      <trkpt lat="-37.88839" lon="145.35508">
        <ele>401.56</ele>
      </trkpt>
      <trkpt lat="-37.88825" lon="145.35498">
        <ele>406.53</ele>
      </trkpt>
      <trkpt lat="-37.88799" lon="145.35418">
        <ele>430.22</ele>
      </trkpt>
      <trkpt lat="-37.88794" lon="145.35376">
        <ele>432.0</ele>
      </trkpt>
      <trkpt lat="-37.88782" lon="145.35356">
        <ele>439.37</ele>
      </trkpt>
      <trkpt lat="-37.88766" lon="145.35317">
        <ele>446.26</ele>
      </trkpt>
      <trkpt lat="-37.88757" lon="145.35284">
        <ele>446.26</ele>
      </trkpt>
      <trkpt lat="-37.88744" lon="145.35252">
        <ele>452.48</ele>
      </trkpt>
      <trkpt lat="-37.88726" lon="145.35219">
        <ele>456.27</ele>
      </trkpt>
      <trkpt lat="-37.88723" lon="145.35216">
        <ele>457.85</ele>
      </trkpt>
      <trkpt lat="-37.88708" lon="145.3521">
        <ele>463.7</ele>
      </trkpt>
      <trkpt lat="-37.88695" lon="145.35205">
        <ele>469.37</ele>
      </trkpt>
      <trkpt lat="-37.88687" lon="145.35203">
        <ele>471.16</ele>
      </trkpt>
      <trkpt lat="-37.88677" lon="145.35204">
        <ele>473.27</ele>
      </trkpt>
      <trkpt lat="-37.88662" lon="145.35201">
        <ele>475.24</ele>
      </trkpt>
      <trkpt lat="-37.88648" lon="145.35195">
        <ele>475.18</ele>
      </trkpt>
      <trkpt lat="-37.88636" lon="145.35189">
        <ele>473.53</ele>
      </trkpt>
      <trkpt lat="-37.88626" lon="145.35184">
        <ele>471.78</ele>
      </trkpt>
      <trkpt lat="-37.88617" lon="145.35179">
        <ele>469.7</ele>
      </trkpt>
      <trkpt lat="-37.88614" lon="145.35176">
        <ele>468.2</ele>
      </trkpt>
      <trkpt lat="-37.88606" lon="145.35205">
        <ele>484.68</ele>
      </trkpt>
      <trkpt lat="-37.88587" lon="145.35243">
        <ele>493.51</ele>
      </trkpt>
      <trkpt lat="-37.88576" lon="145.3526">
        <ele>495.85</ele>
      </trkpt>
      <trkpt lat="-37.88553" lon="145.35296">
        <ele>493.65</ele>
      </trkpt>
      <trkpt lat="-37.88547" lon="145.35302">
        <ele>492.78</ele>
      </trkpt>
      <trkpt lat="-37.88541" lon="145.35307">
        <ele>492.31</ele>
      </trkpt>
      <trkpt lat="-37.8853" lon="145.35314">
        <ele>491.73</ele>
      </trkpt>
      <trkpt lat="-37.88507" lon="145.35325">
        <ele>490.75</ele>
      </trkpt>
      <trkpt lat="-37.88494" lon="145.35329">
        <ele>491.67</ele>
      </trkpt>
      <trkpt lat="-37.8848" lon="145.35339">
        <ele>493.89</ele>
      </trkpt>
      <trkpt lat="-37.88456" lon="145.35352">
        <ele>499.89</ele>
      </trkpt>
      <trkpt lat="-37.88432" lon="145.35369">
        <ele>501.49</ele>
      </trkpt>
      <trkpt lat="-37.88421" lon="145.35381">
        <ele>500.34</ele>
      </trkpt>
      <trkpt lat="-37.88411" lon="145.35397">
        <ele>498.74</ele>
      </trkpt>
      <trkpt lat="-37.88386" lon="145.35436">
        <ele>490.95</ele>
      </trkpt>
      <trkpt lat="-37.88371" lon="145.35465">
        <ele>490.89</ele>
      </trkpt>
      <trkpt lat="-37.88359" lon="145.35491">
        <ele>491.31</ele>
      </trkpt>
      <trkpt lat="-37.88351" lon="145.35512">
        <ele>495.9</ele>
      </trkpt>
      <trkpt lat="-37.8835" lon="145.3553">
        <ele>498.49</ele>
      </trkpt>
      <trkpt lat="-37.88318" lon="145.35541">
        <ele>494.52</ele>
      </trkpt>
      <trkpt lat="-37.88312" lon="145.3555">
        <ele>492.46</ele>
      </trkpt>
      <trkpt lat="-37.88307" lon="145.35561">
        <ele>488.78</ele>
      </trkpt>
      <trkpt lat="-37.883" lon="145.35575">
        <ele>484.52</ele>
      </trkpt>
      <trkpt lat="-37.88294" lon="145.35584">
        <ele>485.0</ele>
      </trkpt>
      <trkpt lat="-37.88288" lon="145.35593">
        <ele>484.5</ele>
      </trkpt>
      <trkpt lat="-37.88265" lon="145.35619">
        <ele>480.25</ele>
      </trkpt>
      <trkpt lat="-37.88255" lon="145.35628">
        <ele>478.79</ele>
      </trkpt>
      <trkpt lat="-37.88255" lon="145.35628">
        <ele>478.79</ele>
      </trkpt>
      <trkpt lat="-37.88255" lon="145.35628">
        <ele>478.79</ele>
      </trkpt>
      <trkpt lat="-37.88242" lon="145.35639">
        <ele>478.54</ele>
      </trkpt>
      <trkpt lat="-37.88224" lon="145.35668">
        <ele>474.75</ele>
      </trkpt>
      <trkpt lat="-37.88211" lon="145.35703">
        <ele>462.32</ele>
      </trkpt>
      <trkpt lat="-37.88195" lon="145.35737">
        <ele>458.91</ele>
      </trkpt>
      <trkpt lat="-37.88181" lon="145.35764">
        <ele>461.58</ele>
      </trkpt>
      <trkpt lat="-37.88169" lon="145.35781">
        <ele>467.43</ele>
      </trkpt>
      <trkpt lat="-37.88158" lon="145.35798">
        <ele>476.04</ele>
      </trkpt>
      <trkpt lat="-37.88148" lon="145.35811">
        <ele>481.79</ele>
      </trkpt>
      <trkpt lat="-37.88142" lon="145.35821">
        <ele>484.07</ele>
      </trkpt>
      <trkpt lat="-37.88137" lon="145.35829">
        <ele>484.45</ele>
      </trkpt>
      <trkpt lat="-37.88122" lon="145.35861">
        <ele>479.98</ele>
      </trkpt>
      <trkpt lat="-37.88119" lon="145.35876">
        <ele>475.75</ele>
      </trkpt>
      <trkpt lat="-37.8811" lon="145.35889">
        <ele>471.86</ele>
      </trkpt>
      <trkpt lat="-37.88106" lon="145.35898">
        <ele>469.81</ele>
      </trkpt>
      <trkpt lat="-37.88101" lon="145.35905">
        <ele>468.01</ele>
      </trkpt>
      <trkpt lat="-37.88091" lon="145.35907">
        <ele>466.57</ele>
      </trkpt>
      <trkpt lat="-37.8808" lon="145.35903">
        <ele>466.34</ele>
      </trkpt>
      <trkpt lat="-37.88061" lon="145.35906">
        <ele>465.3</ele>
      </trkpt>
      <trkpt lat="-37.8805" lon="145.35909">
        <ele>465.08</ele>
      </trkpt>
      <trkpt lat="-37.88033" lon="145.3591">
        <ele>465.73</ele>
      </trkpt>
      <trkpt lat="-37.88019" lon="145.35909">
        <ele>464.34</ele>
      </trkpt>
      <trkpt lat="-37.88004" lon="145.35904">
        <ele>464.51</ele>
      </trkpt>
      <trkpt lat="-37.87989" lon="145.35891">
        <ele>466.47</ele>
      </trkpt>
      <trkpt lat="-37.87975" lon="145.35877">
        <ele>467.66</ele>
      </trkpt>
      <trkpt lat="-37.87942" lon="145.35859">
        <ele>471.29</ele>
      </trkpt>
      <trkpt lat="-37.87918" lon="145.35846">
        <ele>478.62</ele>
      </trkpt>
      <trkpt lat="-37.87896" lon="145.35844">
        <ele>477.11</ele>
      </trkpt>
      <trkpt lat="-37.87875" lon="145.35842">
        <ele>470.22</ele>
      </trkpt>
      <trkpt lat="-37.87856" lon="145.35834">
        <ele>462.85</ele>
      </trkpt>
      <trkpt lat="-37.87834" lon="145.35812">
        <ele>460.44</ele>
      </trkpt>
      <trkpt lat="-37.87817" lon="145.35802">
        <ele>455.45</ele>
      </trkpt>
      <trkpt lat="-37.87796" lon="145.35798">
        <ele>448.46</ele>
      </trkpt>
      <trkpt lat="-37.8778" lon="145.35791">
        <ele>447.37</ele>
      </trkpt>
      <trkpt lat="-37.87759" lon="145.35774">
        <ele>447.76</ele>
      </trkpt>
      <trkpt lat="-37.87743" lon="145.35743">
        <ele>449.5</ele>
      </trkpt>
      <trkpt lat="-37.87732" lon="145.35716">
        <ele>451.44</ele>
      </trkpt>
      <trkpt lat="-37.8772" lon="145.35684">
        <ele>453.31</ele>
      </trkpt>
      <trkpt lat="-37.87709" lon="145.35657">
        <ele>456.46</ele>
      </trkpt>
      <trkpt lat="-37.87692" lon="145.35664">
        <ele>454.13</ele>
      </trkpt>
      <trkpt lat="-37.87688" lon="145.35664">
        <ele>454.88</ele>
      </trkpt>
      <trkpt lat="-37.87683" lon="145.35665">
        <ele>455.53</ele>
      </trkpt>
      <trkpt lat="-37.87674" lon="145.35662">
        <ele>458.1</ele>
      </trkpt>
      <trkpt lat="-37.87663" lon="145.35664">
        <ele>459.5</ele>
      </trkpt>
      <trkpt lat="-37.87629" lon="145.35679">
        <ele>458.05</ele>
      </trkpt>
      <trkpt lat="-37.87614" lon="145.35689">
        <ele>454.34</ele>
      </trkpt>
      <trkpt lat="-37.87594" lon="145.35712">
        <ele>448.49</ele>
      </trkpt>
      <trkpt lat="-37.87583" lon="145.3573">
        <ele>444.4</ele>
      </trkpt>
      <trkpt lat="-37.87575" lon="145.35749">
        <ele>442.74</ele>
      </trkpt>
      <trkpt lat="-37.87555" lon="145.35771">
        <ele>444.35</ele>
      </trkpt>
      <trkpt lat="-37.87543" lon="145.35776">
        <ele>446.64</ele>
      </trkpt>
      <trkpt lat="-37.87525" lon="145.35779">
        <ele>448.98</ele>
      </trkpt>
      <trkpt lat="-37.87512" lon="145.35781">
        <ele>449.35</ele>
      </trkpt>
      <trkpt lat="-37.87488" lon="145.35785">
        <ele>448.54</ele>
      </trkpt>
      <trkpt lat="-37.87484" lon="145.35784">
        <ele>448.24</ele>
      </trkpt>
      <trkpt lat="-37.87459" lon="145.35784">
        <ele>445.36</ele>
      </trkpt>
      <trkpt lat="-37.87433" lon="145.35779">
        <ele>443.98</ele>
      </trkpt>
      <trkpt lat="-37.87397" lon="145.35763">
        <ele>447.96</ele>
      </trkpt>
      <trkpt lat="-37.87373" lon="145.35745">
        <ele>450.79</ele>
      </trkpt>
      <trkpt lat="-37.87366" lon="145.35736">
        <ele>451.18</ele>
      </trkpt>
      <trkpt lat="-37.87351" lon="145.357">
        <ele>452.58</ele>
      </trkpt>
      <trkpt lat="-37.87338" lon="145.35662">
        <ele>445.1</ele>
      </trkpt>
      <trkpt lat="-37.87329" lon="145.35656">
        <ele>446.26</ele>
      </trkpt>
      <trkpt lat="-37.87325" lon="145.3567">
        <ele>451.66</ele>
      </trkpt>
      <trkpt lat="-37.87335" lon="145.35702">
        <ele>453.37</ele>
      </trkpt>
      <trkpt lat="-37.87335" lon="145.35707">
        <ele>453.03</ele>
      </trkpt>
      <trkpt lat="-37.87335" lon="145.35707">
        <ele>453.03</ele>
      </trkpt>
      <trkpt lat="-37.8734" lon="145.35735">
        <ele>450.38</ele>
      </trkpt>
      <trkpt lat="-37.87346" lon="145.35766">
        <ele>446.56</ele>
      </trkpt>
      <trkpt lat="-37.87356" lon="145.35788">
        <ele>445.46</ele>
      </trkpt>
      <trkpt lat="-37.8736" lon="145.35801">
        <ele>445.13</ele>
      </trkpt>
      <trkpt lat="-37.87372" lon="145.35821">
        <ele>436.88</ele>
      </trkpt>
      <trkpt lat="-37.874" lon="145.35851">
        <ele>414.88</ele>
      </trkpt>
      <trkpt lat="-37.87434" lon="145.35876">
        <ele>407.98</ele>
      </trkpt>
      <trkpt lat="-37.8745" lon="145.35894">
        <ele>400.04</ele>
      </trkpt>
      <trkpt lat="-37.87469" lon="145.35918">
        <ele>393.71</ele>
      </trkpt>
      <trkpt lat="-37.8748" lon="145.35938">
        <ele>391.65</ele>
      </trkpt>
      <trkpt lat="-37.87486" lon="145.35944">
        <ele>392.53</ele>
      </trkpt>
      <trkpt lat="-37.87491" lon="145.35948">
        <ele>394.42</ele>
      </trkpt>
      <trkpt lat="-37.875" lon="145.35953">
        <ele>397.62</ele>
      </trkpt>
      <trkpt lat="-37.87507" lon="145.35963">
        <ele>402.2</ele>
      </trkpt>
      <trkpt lat="-37.87509" lon="145.35974">
        <ele>403.09</ele>
      </trkpt>
      <trkpt lat="-37.87508" lon="145.35985">
        <ele>401.89</ele>
      </trkpt>
      <trkpt lat="-37.87503" lon="145.35993">
        <ele>399.41</ele>
      </trkpt>
      <trkpt lat="-37.87497" lon="145.36">
        <ele>397.24</ele>
      </trkpt>
      <trkpt lat="-37.87491" lon="145.36006">
        <ele>396.17</ele>
      </trkpt>
      <trkpt lat="-37.87467" lon="145.36032">
        <ele>390.0</ele>
      </trkpt>
      <trkpt lat="-37.87454" lon="145.36044">
        <ele>386.95</ele>
      </trkpt>
      <trkpt lat="-37.87415" lon="145.36075">
        <ele>389.49</ele>
      </trkpt>
      <trkpt lat="-37.87406" lon="145.36083">
        <ele>392.81</ele>
      </trkpt>
      <trkpt lat="-37.87399" lon="145.36093">
        <ele>397.13</ele>
      </trkpt>
      <trkpt lat="-37.87389" lon="145.36107">
        <ele>402.38</ele>
      </trkpt>
      <trkpt lat="-37.87381" lon="145.36127">
        <ele>404.34</ele>
      </trkpt>
      <trkpt lat="-37.87372" lon="145.3615">
        <ele>407.46</ele>
      </trkpt>
      <trkpt lat="-37.8737" lon="145.36162">
        <ele>408.62</ele>
      </trkpt>
      <trkpt lat="-37.87376" lon="145.36197">
        <ele>411.4</ele>
      </trkpt>
      <trkpt lat="-37.87367" lon="145.36174">
        <ele>409.58</ele>
      </trkpt>
      <trkpt lat="-37.87355" lon="145.36149">
        <ele>408.68</ele>
      </trkpt>
      <trkpt lat="-37.8735" lon="145.36141">
        <ele>408.2</ele>
      </trkpt>
      <trkpt lat="-37.87339" lon="145.3613">
        <ele>407.23</ele>
      </trkpt>
      <trkpt lat="-37.87325" lon="145.36121">
        <ele>405.88</ele>
      </trkpt>
      <trkpt lat="-37.87312" lon="145.36121">
        <ele>404.58</ele>
      </trkpt>
      <trkpt lat="-37.8729" lon="145.36119">
        <ele>403.83</ele>
      </trkpt>
      <trkpt lat="-37.8726" lon="145.36126">
        <ele>399.92</ele>
      </trkpt>
      <trkpt lat="-37.87242" lon="145.3613">
        <ele>396.66</ele>
      </trkpt>
      <trkpt lat="-37.87232" lon="145.36128">
        <ele>397.2</ele>
      </trkpt>
      <trkpt lat="-37.87219" lon="145.36118">
        <ele>400.75</ele>
      </trkpt>
      <trkpt lat="-37.87203" lon="145.36115">
        <ele>403.29</ele>
      </trkpt>
      <trkpt lat="-37.87186" lon="145.36123">
        <ele>400.23</ele>
      </trkpt>
      <trkpt lat="-37.87181" lon="145.36126">
        <ele>398.69</ele>
      </trkpt>
      <trkpt lat="-37.87112" lon="145.36123">
        <ele>401.71</ele>
      </trkpt>
      <trkpt lat="-37.87069" lon="145.36106">
        <ele>402.11</ele>
      </trkpt>
      <trkpt lat="-37.87032" lon="145.36094">
        <ele>401.19</ele>
      </trkpt>
      <trkpt lat="-37.86998" lon="145.36083">
        <ele>406.75</ele>
      </trkpt>
      <trkpt lat="-37.8697" lon="145.36065">
        <ele>403.55</ele>
      </trkpt>
      <trkpt lat="-37.86962" lon="145.36054">
        <ele>404.15</ele>
      </trkpt>
      <trkpt lat="-37.86957" lon="145.36034">
        <ele>405.49</ele>
      </trkpt>
      <trkpt lat="-37.86949" lon="145.36015">
        <ele>409.48</ele>
      </trkpt>
      <trkpt lat="-37.8692" lon="145.35978">
        <ele>421.28</ele>
      </trkpt>
      <trkpt lat="-37.86886" lon="145.35943">
        <ele>418.32</ele>
      </trkpt>
      <trkpt lat="-37.86878" lon="145.35929">
        <ele>419.61</ele>
      </trkpt>
      <trkpt lat="-37.86869" lon="145.35917">
        <ele>421.56</ele>
      </trkpt>
      <trkpt lat="-37.86832" lon="145.35912">
        <ele>422.85</ele>
      </trkpt>
      <trkpt lat="-37.86817" lon="145.35909">
        <ele>417.51</ele>
      </trkpt>
      <trkpt lat="-37.86806" lon="145.35902">
        <ele>413.7</ele>
      </trkpt>
      <trkpt lat="-37.86792" lon="145.35879">
        <ele>413.98</ele>
      </trkpt>
      <trkpt lat="-37.86777" lon="145.35867">
        <ele>416.09</ele>
      </trkpt>
      <trkpt lat="-37.86771" lon="145.3586">
        <ele>416.36</ele>
      </trkpt>
      <trkpt lat="-37.86768" lon="145.35849">
        <ele>416.43</ele>
      </trkpt>
      <trkpt lat="-37.86769" lon="145.35834">
        <ele>417.69</ele>
      </trkpt>
      <trkpt lat="-37.86767" lon="145.35825">
        <ele>416.41</ele>
      </trkpt>
      <trkpt lat="-37.86765" lon="145.35821">
        <ele>415.76</ele>
      </trkpt>
      <trkpt lat="-37.86748" lon="145.35805">
        <ele>414.01</ele>
      </trkpt>
      <trkpt lat="-37.86736" lon="145.35798">
        <ele>413.24</ele>
      </trkpt>
      <trkpt lat="-37.86728" lon="145.35788">
        <ele>411.66</ele>
      </trkpt>
      <trkpt lat="-37.86713" lon="145.35776">
        <ele>410.31</ele>
      </trkpt>
      <trkpt lat="-37.86702" lon="145.35757">
        <ele>404.5</ele>
      </trkpt>
      <trkpt lat="-37.86693" lon="145.35746">
        <ele>402.6</ele>
      </trkpt>
      <trkpt lat="-37.86673" lon="145.35733">
        <ele>404.29</ele>
      </trkpt>
      <trkpt lat="-37.86653" lon="145.35709">
        <ele>400.19</ele>
      </trkpt>
      <trkpt lat="-37.86647" lon="145.35666">
        <ele>396.5</ele>
      </trkpt>
      <trkpt lat="-37.86634" lon="145.35644">
        <ele>406.59</ele>
      </trkpt>
      <trkpt lat="-37.86623" lon="145.35624">
        <ele>412.83</ele>
      </trkpt>
      <trkpt lat="-37.86604" lon="145.35616">
        <ele>416.06</ele>
      </trkpt>
      <trkpt lat="-37.86589" lon="145.35613">
        <ele>423.05</ele>
      </trkpt>
      <trkpt lat="-37.86589" lon="145.35597">
        <ele>424.37</ele>
      </trkpt>
      <trkpt lat="-37.86592" lon="145.35581">
        <ele>424.05</ele>
      </trkpt>
      <trkpt lat="-37.86592" lon="145.35578">
        <ele>423.87</ele>
      </trkpt>
      <trkpt lat="-37.86597" lon="145.35568">
        <ele>421.74</ele>
      </trkpt>
      <trkpt lat="-37.86597" lon="145.35556">
        <ele>421.09</ele>
      </trkpt>
      <trkpt lat="-37.86584" lon="145.35541">
        <ele>423.75</ele>
      </trkpt>
      <trkpt lat="-37.86547" lon="145.35536">
        <ele>431.04</ele>
      </trkpt>
      <trkpt lat="-37.86519" lon="145.3552">
        <ele>443.03</ele>
      </trkpt>
      <trkpt lat="-37.865" lon="145.35512">
        <ele>451.41</ele>
      </trkpt>
      <trkpt lat="-37.86485" lon="145.35513">
        <ele>456.84</ele>
      </trkpt>
      <trkpt lat="-37.86449" lon="145.35506">
        <ele>472.84</ele>
      </trkpt>
      <trkpt lat="-37.86433" lon="145.35499">
        <ele>475.2</ele>
      </trkpt>
      <trkpt lat="-37.86415" lon="145.35497">
        <ele>475.8</ele>
      </trkpt>
      <trkpt lat="-37.86373" lon="145.35497">
        <ele>481.17</ele>
      </trkpt>
      <trkpt lat="-37.8636" lon="145.35496">
        <ele>483.87</ele>
      </trkpt>
      <trkpt lat="-37.86353" lon="145.35493">
        <ele>484.66</ele>
      </trkpt>
      <trkpt lat="-37.86345" lon="145.35489">
        <ele>485.53</ele>
      </trkpt>
      <trkpt lat="-37.86333" lon="145.35478">
        <ele>486.41</ele>
      </trkpt>
      <trkpt lat="-37.86325" lon="145.35464">
        <ele>484.02</ele>
      </trkpt>
      <trkpt lat="-37.86319" lon="145.35451">
        <ele>481.05</ele>
      </trkpt>
      <trkpt lat="-37.86315" lon="145.35445">
        <ele>479.79</ele>
      </trkpt>
      <trkpt lat="-37.86304" lon="145.35421">
        <ele>476.4</ele>
      </trkpt>
      <trkpt lat="-37.86298" lon="145.3541">
        <ele>473.95</ele>
      </trkpt>
      <trkpt lat="-37.86285" lon="145.35382">
        <ele>467.61</ele>
      </trkpt>
      <trkpt lat="-37.86285" lon="145.35382">
        <ele>467.61</ele>
      </trkpt>
      <trkpt lat="-37.86285" lon="145.35382">
        <ele>467.61</ele>
      </trkpt>
      <trkpt lat="-37.86285" lon="145.35382">
        <ele>467.61</ele>
      </trkpt>
      <trkpt lat="-37.86281" lon="145.35373">
        <ele>465.4</ele>
      </trkpt>
      <trkpt lat="-37.86249" lon="145.35395">
        <ele>472.7</ele>
      </trkpt>
      <trkpt lat="-37.86229" lon="145.3541">
        <ele>470.15</ele>
      </trkpt>
      <trkpt lat="-37.86213" lon="145.35422">
        <ele>471.62</ele>
      </trkpt>
      <trkpt lat="-37.86195" lon="145.35438">
        <ele>476.25</ele>
      </trkpt>
      <trkpt lat="-37.86178" lon="145.35455">
        <ele>480.66</ele>
      </trkpt>
      <trkpt lat="-37.86153" lon="145.35481">
        <ele>484.91</ele>
      </trkpt>
      <trkpt lat="-37.86108" lon="145.35532">
        <ele>492.98</ele>
      </trkpt>
      <trkpt lat="-37.86093" lon="145.3555">
        <ele>494.3</ele>
      </trkpt>
      <trkpt lat="-37.86083" lon="145.35563">
        <ele>492.47</ele>
      </trkpt>
      <trkpt lat="-37.8608" lon="145.35575">
        <ele>491.55</ele>
      </trkpt>
      <trkpt lat="-37.86079" lon="145.3558">
        <ele>491.12</ele>
      </trkpt>
      <trkpt lat="-37.86078" lon="145.35584">
        <ele>490.89</ele>
      </trkpt>
      <trkpt lat="-37.86077" lon="145.35601">
        <ele>493.03</ele>
      </trkpt>
      <trkpt lat="-37.8608" lon="145.35613">
        <ele>495.31</ele>
      </trkpt>
      <trkpt lat="-37.86084" lon="145.35621">
        <ele>498.63</ele>
      </trkpt>
      <trkpt lat="-37.86072" lon="145.3561">
        <ele>493.65</ele>
      </trkpt>
      <trkpt lat="-37.86063" lon="145.35595">
        <ele>491.33</ele>
      </trkpt>
      <trkpt lat="-37.86062" lon="145.3557">
        <ele>491.93</ele>
      </trkpt>
      <trkpt lat="-37.86061" lon="145.35559">
        <ele>493.36</ele>
      </trkpt>
      <trkpt lat="-37.8606" lon="145.35545">
        <ele>496.83</ele>
      </trkpt>
      <trkpt lat="-37.86057" lon="145.35531">
        <ele>501.58</ele>
      </trkpt>
      <trkpt lat="-37.8604" lon="145.35502">
        <ele>502.82</ele>
      </trkpt>
      <trkpt lat="-37.86012" lon="145.3545">
        <ele>502.68</ele>
      </trkpt>
      <trkpt lat="-37.86006" lon="145.35439">
        <ele>502.55</ele>
      </trkpt>
      <trkpt lat="-37.8599" lon="145.3543">
        <ele>503.37</ele>
      </trkpt>
      <trkpt lat="-37.85977" lon="145.35421">
        <ele>503.94</ele>
      </trkpt>
      <trkpt lat="-37.85967" lon="145.35417">
        <ele>504.59</ele>
      </trkpt>
      <trkpt lat="-37.85955" lon="145.35416">
        <ele>505.84</ele>
      </trkpt>
      <trkpt lat="-37.85941" lon="145.35421">
        <ele>508.69</ele>
      </trkpt>
      <trkpt lat="-37.85914" lon="145.3544">
        <ele>519.72</ele>
      </trkpt>
      <trkpt lat="-37.85886" lon="145.35466">
        <ele>532.57</ele>
      </trkpt>
      <trkpt lat="-37.8588" lon="145.35477">
        <ele>535.42</ele>
      </trkpt>
      <trkpt lat="-37.85876" lon="145.35488">
        <ele>537.69</ele>
      </trkpt>
      <trkpt lat="-37.85866" lon="145.35499">
        <ele>543.42</ele>
      </trkpt>
      <trkpt lat="-37.85858" lon="145.35502">
        <ele>547.63</ele>
      </trkpt>
      <trkpt lat="-37.85845" lon="145.35508">
        <ele>553.44</ele>
      </trkpt>
      <trkpt lat="-37.85835" lon="145.35515">
        <ele>557.55</ele>
      </trkpt>
      <trkpt lat="-37.85825" lon="145.35525">
        <ele>559.19</ele>
      </trkpt>
      <trkpt lat="-37.85791" lon="145.35548">
        <ele>555.75</ele>
      </trkpt>
      <trkpt lat="-37.85773" lon="145.3557">
        <ele>556.51</ele>
      </trkpt>
      <trkpt lat="-37.85764" lon="145.35573">
        <ele>557.82</ele>
      </trkpt>
      <trkpt lat="-37.85755" lon="145.35573">
        <ele>558.67</ele>
      </trkpt>
      <trkpt lat="-37.8575" lon="145.35586">
        <ele>561.29</ele>
      </trkpt>
      <trkpt lat="-37.85744" lon="145.35598">
        <ele>561.73</ele>
      </trkpt>
      <trkpt lat="-37.85752" lon="145.35645">
        <ele>561.26</ele>
      </trkpt>
      <trkpt lat="-37.85746" lon="145.35684">
        <ele>556.23</ele>
      </trkpt>
      <trkpt lat="-37.8572" lon="145.35767">
        <ele>549.5</ele>
      </trkpt>
      <trkpt lat="-37.85713" lon="145.35815">
        <ele>557.83</ele>
      </trkpt>
      <trkpt lat="-37.85699" lon="145.35925">
        <ele>579.09</ele>
      </trkpt>
      <trkpt lat="-37.85687" lon="145.35976">
        <ele>576.84</ele>
      </trkpt>
      <trkpt lat="-37.85666" lon="145.36066">
        <ele>586.92</ele>
      </trkpt>
      <trkpt lat="-37.85661" lon="145.36113">
        <ele>579.61</ele>
      </trkpt>
      <trkpt lat="-37.85629" lon="145.3625">
        <ele>568.02</ele>
      </trkpt>
      <trkpt lat="-37.85628" lon="145.36256">
        <ele>566.69</ele>
      </trkpt>
      <trkpt lat="-37.85621" lon="145.36303">
        <ele>559.31</ele>
      </trkpt>
      <trkpt lat="-37.85606" lon="145.36386">
        <ele>549.07</ele>
      </trkpt>
      <trkpt lat="-37.85604" lon="145.36397">
        <ele>549.61</ele>
      </trkpt>
      <trkpt lat="-37.85602" lon="145.36414">
        <ele>551.96</ele>
      </trkpt>
      <trkpt lat="-37.856" lon="145.36419">
        <ele>552.15</ele>
      </trkpt>
      <trkpt lat="-37.85597" lon="145.36423">
        <ele>551.97</ele>
      </trkpt>
      <trkpt lat="-37.85593" lon="145.36426">
        <ele>551.45</ele>
      </trkpt>
      <trkpt lat="-37.85593" lon="145.36426">
        <ele>551.45</ele>
      </trkpt>
      <trkpt lat="-37.85593" lon="145.36426">
        <ele>551.45</ele>
      </trkpt>
      <trkpt lat="-37.85597" lon="145.36423">
        <ele>551.97</ele>
      </trkpt>
      <trkpt lat="-37.856" lon="145.36419">
        <ele>552.15</ele>
      </trkpt>
      <trkpt lat="-37.85602" lon="145.36414">
        <ele>551.96</ele>
      </trkpt>
      <trkpt lat="-37.85604" lon="145.36397">
        <ele>549.61</ele>
      </trkpt>
      <trkpt lat="-37.85606" lon="145.36386">
        <ele>549.07</ele>
      </trkpt>
      <trkpt lat="-37.85621" lon="145.36303">
        <ele>559.31</ele>
      </trkpt>
      <trkpt lat="-37.85628" lon="145.36256">
        <ele>566.69</ele>
      </trkpt>
      <trkpt lat="-37.85522" lon="145.36144">
        <ele>546.58</ele>
      </trkpt>
      <trkpt lat="-37.85457" lon="145.36074">
        <ele>534.72</ele>
      </trkpt>
      <trkpt lat="-37.85452" lon="145.36069">
        <ele>534.33</ele>
      </trkpt>
      <trkpt lat="-37.85408" lon="145.36023">
        <ele>530.89</ele>
      </trkpt>
      <trkpt lat="-37.85385" lon="145.35999">
        <ele>528.68</ele>
      </trkpt>
      <trkpt lat="-37.85368" lon="145.3598">
        <ele>527.72</ele>
      </trkpt>
      <trkpt lat="-37.85366" lon="145.35978">
        <ele>527.99</ele>
      </trkpt>
      <trkpt lat="-37.85366" lon="145.35978">
        <ele>527.99</ele>
      </trkpt>
      <trkpt lat="-37.85366" lon="145.35978">
        <ele>527.99</ele>
      </trkpt>
      <trkpt lat="-37.8535" lon="145.35962">
        <ele>527.83</ele>
      </trkpt>
      <trkpt lat="-37.85342" lon="145.35953">
        <ele>526.93</ele>
      </trkpt>
      <trkpt lat="-37.8533" lon="145.3594">
        <ele>525.12</ele>
      </trkpt>
      <trkpt lat="-37.85322" lon="145.35932">
        <ele>523.39</ele>
      </trkpt>
      <trkpt lat="-37.85314" lon="145.35923">
        <ele>521.52</ele>
      </trkpt>
      <trkpt lat="-37.8531" lon="145.35911">
        <ele>518.72</ele>
      </trkpt>
      <trkpt lat="-37.85306" lon="145.35899">
        <ele>514.95</ele>
      </trkpt>
      <trkpt lat="-37.85307" lon="145.35891">
        <ele>512.76</ele>
      </trkpt>
      <trkpt lat="-37.85308" lon="145.35882">
        <ele>509.19</ele>
      </trkpt>
      <trkpt lat="-37.8531" lon="145.35874">
        <ele>506.11</ele>
      </trkpt>
      <trkpt lat="-37.85313" lon="145.35867">
        <ele>504.04</ele>
      </trkpt>
      <trkpt lat="-37.8531" lon="145.35855">
        <ele>497.92</ele>
      </trkpt>
      <trkpt lat="-37.85292" lon="145.35843">
        <ele>489.52</ele>
      </trkpt>
      <trkpt lat="-37.85286" lon="145.35839">
        <ele>487.47</ele>
      </trkpt>
      <trkpt lat="-37.85284" lon="145.35837">
        <ele>486.62</ele>
      </trkpt>
      <trkpt lat="-37.85279" lon="145.35834">
        <ele>485.28</ele>
      </trkpt>
      <trkpt lat="-37.8527" lon="145.35832">
        <ele>483.62</ele>
      </trkpt>
      <trkpt lat="-37.85337" lon="145.35769">
        <ele>465.78</ele>
      </trkpt>
      <trkpt lat="-37.85363" lon="145.35729">
        <ele>465.53</ele>
      </trkpt>
      <trkpt lat="-37.85373" lon="145.35714">
        <ele>465.41</ele>
      </trkpt>
      <trkpt lat="-37.8535" lon="145.35704">
        <ele>455.73</ele>
      </trkpt>
      <trkpt lat="-37.85326" lon="145.35709">
        <ele>452.36</ele>
      </trkpt>
      <trkpt lat="-37.8531" lon="145.35714">
        <ele>452.68</ele>
      </trkpt>
      <trkpt lat="-37.85302" lon="145.35724">
        <ele>454.78</ele>
      </trkpt>
      <trkpt lat="-37.85293" lon="145.35742">
        <ele>459.95</ele>
      </trkpt>
      <trkpt lat="-37.85279" lon="145.35759">
        <ele>466.36</ele>
      </trkpt>
      <trkpt lat="-37.8526" lon="145.35773">
        <ele>471.06</ele>
      </trkpt>
      <trkpt lat="-37.85237" lon="145.35781">
        <ele>467.59</ele>
      </trkpt>
      <trkpt lat="-37.85237" lon="145.35781">
        <ele>467.59</ele>
      </trkpt>
      <trkpt lat="-37.85237" lon="145.35781">
        <ele>467.59</ele>
      </trkpt>
      <trkpt lat="-37.85226" lon="145.35786">
        <ele>464.74</ele>
      </trkpt>
      <trkpt lat="-37.85212" lon="145.35792">
        <ele>462.66</ele>
      </trkpt>
      <trkpt lat="-37.85202" lon="145.35793">
        <ele>460.27</ele>
      </trkpt>
      <trkpt lat="-37.85194" lon="145.3579">
        <ele>458.54</ele>
      </trkpt>
      <trkpt lat="-37.85191" lon="145.35785">
        <ele>457.96</ele>
      </trkpt>
      <trkpt lat="-37.85176" lon="145.35781">
        <ele>452.22</ele>
      </trkpt>
      <trkpt lat="-37.85165" lon="145.35769">
        <ele>447.3</ele>
      </trkpt>
      <trkpt lat="-37.85155" lon="145.35758">
        <ele>446.63</ele>
      </trkpt>
      <trkpt lat="-37.85149" lon="145.35758">
        <ele>446.66</ele>
      </trkpt>
      <trkpt lat="-37.8512" lon="145.35741">
        <ele>439.58</ele>
      </trkpt>
      <trkpt lat="-37.85098" lon="145.35728">
        <ele>431.43</ele>
      </trkpt>
      <trkpt lat="-37.85088" lon="145.35722">
        <ele>428.12</ele>
      </trkpt>
      <trkpt lat="-37.85082" lon="145.35715">
        <ele>424.95</ele>
      </trkpt>
      <trkpt lat="-37.85069" lon="145.35702">
        <ele>419.07</ele>
      </trkpt>
      <trkpt lat="-37.85062" lon="145.35695">
        <ele>417.17</ele>
      </trkpt>
      <trkpt lat="-37.85055" lon="145.35695">
        <ele>415.96</ele>
      </trkpt>
      <trkpt lat="-37.85049" lon="145.35693">
        <ele>415.9</ele>
      </trkpt>
      <trkpt lat="-37.85043" lon="145.3569">
        <ele>416.08</ele>
      </trkpt>
      <trkpt lat="-37.85033" lon="145.35677">
        <ele>417.97</ele>
      </trkpt>
      <trkpt lat="-37.85024" lon="145.35663">
        <ele>420.15</ele>
      </trkpt>
      <trkpt lat="-37.85008" lon="145.35676">
        <ele>419.04</ele>
      </trkpt>
      <trkpt lat="-37.84997" lon="145.35682">
        <ele>419.17</ele>
      </trkpt>
      <trkpt lat="-37.8498" lon="145.35701">
        <ele>420.33</ele>
      </trkpt>
      <trkpt lat="-37.84967" lon="145.35709">
        <ele>422.19</ele>
      </trkpt>
      <trkpt lat="-37.84957" lon="145.35711">
        <ele>423.57</ele>
      </trkpt>
      <trkpt lat="-37.8495" lon="145.35711">
        <ele>424.47</ele>
      </trkpt>
      <trkpt lat="-37.84895" lon="145.35703">
        <ele>425.77</ele>
      </trkpt>
      <trkpt lat="-37.84884" lon="145.357">
        <ele>428.69</ele>
      </trkpt>
      <trkpt lat="-37.84876" lon="145.35693">
        <ele>431.81</ele>
      </trkpt>
      <trkpt lat="-37.84871" lon="145.3568">
        <ele>434.24</ele>
      </trkpt>
      <trkpt lat="-37.84868" lon="145.35664">
        <ele>435.9</ele>
      </trkpt>
      <trkpt lat="-37.84864" lon="145.35649">
        <ele>440.23</ele>
      </trkpt>
      <trkpt lat="-37.84857" lon="145.35638">
        <ele>444.49</ele>
      </trkpt>
      <trkpt lat="-37.84844" lon="145.35625">
        <ele>448.12</ele>
      </trkpt>
      <trkpt lat="-37.8482" lon="145.35601">
        <ele>450.21</ele>
      </trkpt>
      <trkpt lat="-37.84814" lon="145.3559">
        <ele>449.97</ele>
      </trkpt>
      <trkpt lat="-37.84811" lon="145.35583">
        <ele>449.6</ele>
      </trkpt>
      <trkpt lat="-37.84812" lon="145.35571">
        <ele>449.12</ele>
      </trkpt>
      <trkpt lat="-37.84836" lon="145.35526">
        <ele>443.03</ele>
      </trkpt>
      <trkpt lat="-37.84852" lon="145.35457">
        <ele>445.95</ele>
      </trkpt>
      <trkpt lat="-37.84863" lon="145.35434">
        <ele>443.41</ele>
      </trkpt>
      <trkpt lat="-37.84875" lon="145.35401">
        <ele>441.19</ele>
      </trkpt>
      <trkpt lat="-37.8488" lon="145.35385">
        <ele>439.47</ele>
      </trkpt>
      <trkpt lat="-37.84881" lon="145.35375">
        <ele>438.04</ele>
      </trkpt>
      <trkpt lat="-37.84881" lon="145.35356">
        <ele>436.56</ele>
      </trkpt>
      <trkpt lat="-37.8488" lon="145.35342">
        <ele>436.5</ele>
      </trkpt>
      <trkpt lat="-37.84879" lon="145.35323">
        <ele>434.9</ele>
      </trkpt>
      <trkpt lat="-37.84876" lon="145.35305">
        <ele>433.65</ele>
      </trkpt>
      <trkpt lat="-37.84864" lon="145.35243">
        <ele>418.1</ele>
      </trkpt>
      <trkpt lat="-37.84849" lon="145.35187">
        <ele>415.44</ele>
      </trkpt>
      <trkpt lat="-37.84845" lon="145.35176">
        <ele>417.29</ele>
      </trkpt>
      <trkpt lat="-37.84816" lon="145.35124">
        <ele>426.2</ele>
      </trkpt>
      <trkpt lat="-37.8479" lon="145.35088">
        <ele>423.58</ele>
      </trkpt>
      <trkpt lat="-37.84766" lon="145.35063">
        <ele>426.57</ele>
      </trkpt>
      <trkpt lat="-37.8472" lon="145.3503">
        <ele>423.67</ele>
      </trkpt>
      <trkpt lat="-37.84694" lon="145.35014">
        <ele>425.07</ele>
      </trkpt>
      <trkpt lat="-37.84676" lon="145.35008">
        <ele>421.29</ele>
      </trkpt>
      <trkpt lat="-37.84652" lon="145.35005">
        <ele>421.26</ele>
      </trkpt>
      <trkpt lat="-37.8462" lon="145.35004">
        <ele>423.49</ele>
      </trkpt>
      <trkpt lat="-37.84565" lon="145.35007">
        <ele>427.34</ele>
      </trkpt>
      <trkpt lat="-37.84543" lon="145.35007">
        <ele>428.7</ele>
      </trkpt>
      <trkpt lat="-37.84476" lon="145.35018">
        <ele>434.44</ele>
      </trkpt>
      <trkpt lat="-37.84465" lon="145.35019">
        <ele>434.17</ele>
      </trkpt>
      <trkpt lat="-37.84465" lon="145.35019">
        <ele>434.17</ele>
      </trkpt>
      <trkpt lat="-37.84465" lon="145.35019">
        <ele>434.17</ele>
      </trkpt>
      <trkpt lat="-37.84441" lon="145.35021">
        <ele>433.44</ele>
      </trkpt>
      <trkpt lat="-37.84407" lon="145.35023">
        <ele>433.06</ele>
      </trkpt>
      <trkpt lat="-37.84354" lon="145.35018">
        <ele>436.17</ele>
      </trkpt>
      <trkpt lat="-37.84305" lon="145.35006">
        <ele>441.55</ele>
      </trkpt>
      <trkpt lat="-37.84217" lon="145.3497">
        <ele>443.81</ele>
      </trkpt>
      <trkpt lat="-37.84195" lon="145.34958">
        <ele>443.33</ele>
      </trkpt>
      <trkpt lat="-37.84184" lon="145.3495">
        <ele>446.74</ele>
      </trkpt>
      <trkpt lat="-37.84178" lon="145.34944">
        <ele>448.22</ele>
      </trkpt>
      <trkpt lat="-37.84176" lon="145.34937">
        <ele>448.22</ele>
      </trkpt>
      <trkpt lat="-37.84175" lon="145.34928">
        <ele>447.43</ele>
      </trkpt>
      <trkpt lat="-37.84176" lon="145.34919">
        <ele>445.63</ele>
      </trkpt>
      <trkpt lat="-37.84186" lon="145.34888">
        <ele>440.0</ele>
      </trkpt>
      <trkpt lat="-37.84198" lon="145.34844">
        <ele>435.08</ele>
      </trkpt>
      <trkpt lat="-37.84204" lon="145.34831">
        <ele>433.4</ele>
      </trkpt>
      <trkpt lat="-37.8422" lon="145.34804">
        <ele>432.49</ele>
      </trkpt>
      <trkpt lat="-37.84224" lon="145.34794">
        <ele>433.58</ele>
      </trkpt>
      <trkpt lat="-37.84229" lon="145.34775">
        <ele>435.98</ele>
      </trkpt>
      <trkpt lat="-37.8423" lon="145.34756">
        <ele>438.22</ele>
      </trkpt>
      <trkpt lat="-37.84231" lon="145.34732">
        <ele>440.69</ele>
      </trkpt>
      <trkpt lat="-37.84226" lon="145.34701">
        <ele>444.4</ele>
      </trkpt>
      <trkpt lat="-37.84225" lon="145.3468">
        <ele>443.18</ele>
      </trkpt>
      <trkpt lat="-37.84227" lon="145.34662">
        <ele>440.36</ele>
      </trkpt>
      <trkpt lat="-37.84237" lon="145.34613">
        <ele>433.98</ele>
      </trkpt>
      <trkpt lat="-37.8424" lon="145.34594">
        <ele>434.89</ele>
      </trkpt>
      <trkpt lat="-37.84239" lon="145.34576">
        <ele>437.83</ele>
      </trkpt>
      <trkpt lat="-37.84238" lon="145.34555">
        <ele>443.22</ele>
      </trkpt>
      <trkpt lat="-37.84229" lon="145.34518">
        <ele>446.83</ele>
      </trkpt>
      <trkpt lat="-37.8422" lon="145.34493">
        <ele>448.55</ele>
      </trkpt>
      <trkpt lat="-37.84208" lon="145.3447">
        <ele>453.35</ele>
      </trkpt>
      <trkpt lat="-37.84204" lon="145.34464">
        <ele>454.04</ele>
      </trkpt>
      <trkpt lat="-37.84201" lon="145.3446">
        <ele>454.52</ele>
      </trkpt>
      <trkpt lat="-37.84182" lon="145.34441">
        <ele>454.74</ele>
      </trkpt>
      <trkpt lat="-37.8416" lon="145.34427">
        <ele>454.57</ele>
      </trkpt>
      <trkpt lat="-37.84124" lon="145.34409">
        <ele>460.08</ele>
      </trkpt>
      <trkpt lat="-37.84089" lon="145.34394">
        <ele>459.72</ele>
      </trkpt>
      <trkpt lat="-37.84073" lon="145.34391">
        <ele>461.93</ele>
      </trkpt>
      <trkpt lat="-37.84055" lon="145.34386">
        <ele>464.97</ele>
      </trkpt>
      <trkpt lat="-37.84037" lon="145.34384">
        <ele>464.2</ele>
      </trkpt>
      <trkpt lat="-37.84028" lon="145.34384">
        <ele>464.18</ele>
      </trkpt>
      <trkpt lat="-37.84023" lon="145.34383">
        <ele>463.64</ele>
      </trkpt>
      <trkpt lat="-37.84025" lon="145.34388">
        <ele>466.49</ele>
      </trkpt>
      <trkpt lat="-37.84027" lon="145.34392">
        <ele>468.12</ele>
      </trkpt>
      <trkpt lat="-37.8403" lon="145.34395">
        <ele>469.12</ele>
      </trkpt>
      <trkpt lat="-37.84034" lon="145.34397">
        <ele>469.7</ele>
      </trkpt>
      <trkpt lat="-37.8405" lon="145.3441">
        <ele>473.8</ele>
      </trkpt>
      <trkpt lat="-37.84065" lon="145.34426">
        <ele>477.44</ele>
      </trkpt>
      <trkpt lat="-37.84087" lon="145.34458">
        <ele>481.95</ele>
      </trkpt>
      <trkpt lat="-37.84108" lon="145.34489">
        <ele>487.23</ele>
      </trkpt>
      <trkpt lat="-37.84119" lon="145.34507">
        <ele>488.5</ele>
      </trkpt>
      <trkpt lat="-37.84122" lon="145.34513">
        <ele>489.82</ele>
      </trkpt>
      <trkpt lat="-37.84121" lon="145.34518">
        <ele>492.07</ele>
      </trkpt>
      <trkpt lat="-37.84117" lon="145.34518">
        <ele>493.19</ele>
      </trkpt>
      <trkpt lat="-37.84113" lon="145.34517">
        <ele>493.97</ele>
      </trkpt>
      <trkpt lat="-37.8408" lon="145.34506">
        <ele>499.48</ele>
      </trkpt>
      <trkpt lat="-37.84052" lon="145.345">
        <ele>505.64</ele>
      </trkpt>
      <trkpt lat="-37.84008" lon="145.34495">
        <ele>512.18</ele>
      </trkpt>
      <trkpt lat="-37.83982" lon="145.34494">
        <ele>514.26</ele>
      </trkpt>
      <trkpt lat="-37.83978" lon="145.34495">
        <ele>515.02</ele>
      </trkpt>
      <trkpt lat="-37.83976" lon="145.34497">
        <ele>516.21</ele>
      </trkpt>
      <trkpt lat="-37.83976" lon="145.34499">
        <ele>517.31</ele>
      </trkpt>
      <trkpt lat="-37.83976" lon="145.34502">
        <ele>518.71</ele>
      </trkpt>
      <trkpt lat="-37.8398" lon="145.34508">
        <ele>521.01</ele>
      </trkpt>
      <trkpt lat="-37.83991" lon="145.34523">
        <ele>526.14</ele>
      </trkpt>
      <trkpt lat="-37.84001" lon="145.34539">
        <ele>529.96</ele>
      </trkpt>
      <trkpt lat="-37.84027" lon="145.34595">
        <ele>533.86</ele>
      </trkpt>
      <trkpt lat="-37.84032" lon="145.34603">
        <ele>536.14</ele>
      </trkpt>
      <trkpt lat="-37.84035" lon="145.34609">
        <ele>537.72</ele>
      </trkpt>
      <trkpt lat="-37.84035" lon="145.34612">
        <ele>538.58</ele>
      </trkpt>
      <trkpt lat="-37.84033" lon="145.34614">
        <ele>539.33</ele>
      </trkpt>
      <trkpt lat="-37.8403" lon="145.34614">
        <ele>539.95</ele>
      </trkpt>
      <trkpt lat="-37.84023" lon="145.3461">
        <ele>541.1</ele>
      </trkpt>
      <trkpt lat="-37.84013" lon="145.34605">
        <ele>542.25</ele>
      </trkpt>
      <trkpt lat="-37.84003" lon="145.34603">
        <ele>544.56</ele>
      </trkpt>
      <trkpt lat="-37.83978" lon="145.34602">
        <ele>552.96</ele>
      </trkpt>
      <trkpt lat="-37.8396" lon="145.34603">
        <ele>557.7</ele>
      </trkpt>
      <trkpt lat="-37.83911" lon="145.34611">
        <ele>561.37</ele>
      </trkpt>
      <trkpt lat="-37.83895" lon="145.34609">
        <ele>559.36</ele>
      </trkpt>
      <trkpt lat="-37.8387" lon="145.3459">
        <ele>554.6</ele>
      </trkpt>
      <trkpt lat="-37.83862" lon="145.34587">
        <ele>553.59</ele>
      </trkpt>
      <trkpt lat="-37.83862" lon="145.34587">
        <ele>553.59</ele>
      </trkpt>
      <trkpt lat="-37.83855" lon="145.34585">
        <ele>554.13</ele>
      </trkpt>
      <trkpt lat="-37.83841" lon="145.34587">
        <ele>556.52</ele>
      </trkpt>
      <trkpt lat="-37.83832" lon="145.34596">
        <ele>559.74</ele>
      </trkpt>
      <trkpt lat="-37.83813" lon="145.34606">
        <ele>567.8</ele>
      </trkpt>
      <trkpt lat="-37.8379" lon="145.34608">
        <ele>573.41</ele>
      </trkpt>
      <trkpt lat="-37.83781" lon="145.34613">
        <ele>575.58</ele>
      </trkpt>
      <trkpt lat="-37.83771" lon="145.34619">
        <ele>577.65</ele>
      </trkpt>
      <trkpt lat="-37.83757" lon="145.34623">
        <ele>579.85</ele>
      </trkpt>
      <trkpt lat="-37.83732" lon="145.34626">
        <ele>581.84</ele>
      </trkpt>
      <trkpt lat="-37.83725" lon="145.3463">
        <ele>582.94</ele>
      </trkpt>
      <trkpt lat="-37.83719" lon="145.34634">
        <ele>585.06</ele>
      </trkpt>
      <trkpt lat="-37.83706" lon="145.34649">
        <ele>593.52</ele>
      </trkpt>
      <trkpt lat="-37.83697" lon="145.34655">
        <ele>598.89</ele>
      </trkpt>
      <trkpt lat="-37.83689" lon="145.34656">
        <ele>600.9</ele>
      </trkpt>
      <trkpt lat="-37.8368" lon="145.34659">
        <ele>602.63</ele>
      </trkpt>
      <trkpt lat="-37.83668" lon="145.3466">
        <ele>604.18</ele>
      </trkpt>
      <trkpt lat="-37.8363" lon="145.34654">
        <ele>592.97</ele>
      </trkpt>
      <trkpt lat="-37.83601" lon="145.34655">
        <ele>585.51</ele>
      </trkpt>
      <trkpt lat="-37.83573" lon="145.34659">
        <ele>581.78</ele>
      </trkpt>
      <trkpt lat="-37.83532" lon="145.34671">
        <ele>569.14</ele>
      </trkpt>
      <trkpt lat="-37.83513" lon="145.34677">
        <ele>564.59</ele>
      </trkpt>
      <trkpt lat="-37.8349" lon="145.3468">
        <ele>561.1</ele>
      </trkpt>
      <trkpt lat="-37.83485" lon="145.34682">
        <ele>562.23</ele>
      </trkpt>
      <trkpt lat="-37.83477" lon="145.34686">
        <ele>565.29</ele>
      </trkpt>
      <trkpt lat="-37.83438" lon="145.34703">
        <ele>569.2</ele>
      </trkpt>
      <trkpt lat="-37.8341" lon="145.34728">
        <ele>570.38</ele>
      </trkpt>
      <trkpt lat="-37.83385" lon="145.34758">
        <ele>577.61</ele>
      </trkpt>
      <trkpt lat="-37.83363" lon="145.34786">
        <ele>570.73</ele>
      </trkpt>
      <trkpt lat="-37.83345" lon="145.34809">
        <ele>569.52</ele>
      </trkpt>
      <trkpt lat="-37.83338" lon="145.34823">
        <ele>569.26</ele>
      </trkpt>
      <trkpt lat="-37.83333" lon="145.34841">
        <ele>571.15</ele>
      </trkpt>
      <trkpt lat="-37.83327" lon="145.34875">
        <ele>577.53</ele>
      </trkpt>
      <trkpt lat="-37.83321" lon="145.34911">
        <ele>581.93</ele>
      </trkpt>
      <trkpt lat="-37.83309" lon="145.34923">
        <ele>581.75</ele>
      </trkpt>
      <trkpt lat="-37.83296" lon="145.34935">
        <ele>579.23</ele>
      </trkpt>
      <trkpt lat="-37.83286" lon="145.34947">
        <ele>577.41</ele>
      </trkpt>
      <trkpt lat="-37.83274" lon="145.34955">
        <ele>572.84</ele>
      </trkpt>
      <trkpt lat="-37.83265" lon="145.34969">
        <ele>567.98</ele>
      </trkpt>
      <trkpt lat="-37.83257" lon="145.34979">
        <ele>568.4</ele>
      </trkpt>
      <trkpt lat="-37.8323" lon="145.3501">
        <ele>558.17</ele>
      </trkpt>
      <trkpt lat="-37.83194" lon="145.35047">
        <ele>550.67</ele>
      </trkpt>
      <trkpt lat="-37.83161" lon="145.35071">
        <ele>551.6</ele>
      </trkpt>
      <trkpt lat="-37.83121" lon="145.35091">
        <ele>552.18</ele>
      </trkpt>
      <trkpt lat="-37.83092" lon="145.35098">
        <ele>552.59</ele>
      </trkpt>
      <trkpt lat="-37.83064" lon="145.35092">
        <ele>554.03</ele>
      </trkpt>
      <trkpt lat="-37.83031" lon="145.3507">
        <ele>557.82</ele>
      </trkpt>
      <trkpt lat="-37.82997" lon="145.35056">
        <ele>559.09</ele>
      </trkpt>
      <trkpt lat="-37.82961" lon="145.35047">
        <ele>558.21</ele>
      </trkpt>
      <trkpt lat="-37.82942" lon="145.35048">
        <ele>560.06</ele>
      </trkpt>
      <trkpt lat="-37.82928" lon="145.35055">
        <ele>562.09</ele>
      </trkpt>
      <trkpt lat="-37.82921" lon="145.35057">
        <ele>562.98</ele>
      </trkpt>
      <trkpt lat="-37.8291" lon="145.3506">
        <ele>564.58</ele>
      </trkpt>
      <trkpt lat="-37.82851" lon="145.35062">
        <ele>570.33</ele>
      </trkpt>
      <trkpt lat="-37.82814" lon="145.35061">
        <ele>566.99</ele>
      </trkpt>
      <trkpt lat="-37.82758" lon="145.35073">
        <ele>563.91</ele>
      </trkpt>
      <trkpt lat="-37.82758" lon="145.35073">
        <ele>563.91</ele>
      </trkpt>
      <trkpt lat="-37.82758" lon="145.35073">
        <ele>563.91</ele>
      </trkpt>
      <trkpt lat="-37.82758" lon="145.35073">
        <ele>563.91</ele>
      </trkpt>
      <trkpt lat="-37.82738" lon="145.35077">
        <ele>562.22</ele>
      </trkpt>
      <trkpt lat="-37.827" lon="145.35085">
        <ele>562.9</ele>
      </trkpt>
      <trkpt lat="-37.82657" lon="145.35101">
        <ele>564.16</ele>
      </trkpt>
      <trkpt lat="-37.82623" lon="145.35123">
        <ele>562.87</ele>
      </trkpt>
      <trkpt lat="-37.82593" lon="145.35163">
        <ele>564.34</ele>
      </trkpt>
      <trkpt lat="-37.82571" lon="145.35206">
        <ele>564.41</ele>
      </trkpt>
      <trkpt lat="-37.82557" lon="145.35231">
        <ele>561.94</ele>
      </trkpt>
      <trkpt lat="-37.8255" lon="145.35261">
        <ele>564.1</ele>
      </trkpt>
      <trkpt lat="-37.82547" lon="145.35288">
        <ele>565.25</ele>
      </trkpt>
      <trkpt lat="-37.82548" lon="145.35304">
        <ele>564.96</ele>
      </trkpt>
      <trkpt lat="-37.82552" lon="145.35332">
        <ele>562.88</ele>
      </trkpt>
      <trkpt lat="-37.82552" lon="145.35332">
        <ele>562.88</ele>
      </trkpt>
      <trkpt lat="-37.82616" lon="145.35318">
        <ele>595.87</ele>
      </trkpt>
      <trkpt lat="-37.82616" lon="145.35318">
        <ele>595.87</ele>
      </trkpt>
      <trkpt lat="-37.82633" lon="145.35317">
        <ele>600.91</ele>
      </trkpt>
      <trkpt lat="-37.82633" lon="145.35317">
        <ele>600.91</ele>
      </trkpt>
      <trkpt lat="-37.82632" lon="145.35317">
        <ele>600.61</ele>
      </trkpt>
      <trkpt lat="-37.82632" lon="145.35319">
        <ele>601.15</ele>
      </trkpt>
      <trkpt lat="-37.82636" lon="145.35332">
        <ele>606.35</ele>
      </trkpt>
      <trkpt lat="-37.82672" lon="145.35419">
        <ele>612.27</ele>
      </trkpt>
      <trkpt lat="-37.82675" lon="145.3542">
        <ele>611.9</ele>
      </trkpt>
      <trkpt lat="-37.82682" lon="145.35422">
        <ele>611.07</ele>
      </trkpt>
      <trkpt lat="-37.82691" lon="145.35419">
        <ele>610.28</ele>
      </trkpt>
      <trkpt lat="-37.82697" lon="145.35415">
        <ele>609.49</ele>
      </trkpt>
      <trkpt lat="-37.82705" lon="145.35403">
        <ele>607.98</ele>
      </trkpt>
      <trkpt lat="-37.82709" lon="145.35397">
        <ele>607.41</ele>
      </trkpt>
      <trkpt lat="-37.82704" lon="145.35386">
        <ele>607.83</ele>
      </trkpt>
      <trkpt lat="-37.82698" lon="145.35381">
        <ele>608.12</ele>
      </trkpt>
      <trkpt lat="-37.82691" lon="145.35367">
        <ele>608.17</ele>
      </trkpt>
      <trkpt lat="-37.82687" lon="145.35351">
        <ele>608.22</ele>
      </trkpt>
      <trkpt lat="-37.82688" lon="145.35342">
        <ele>607.75</ele>
      </trkpt>
      <trkpt lat="-37.82694" lon="145.35331">
        <ele>607.11</ele>
      </trkpt>
      <trkpt lat="-37.82702" lon="145.35325">
        <ele>608.01</ele>
      </trkpt>
      <trkpt lat="-37.82702" lon="145.35325">
        <ele>608.01</ele>
      </trkpt>
      <trkpt lat="-37.82694" lon="145.35331">
        <ele>607.11</ele>
      </trkpt>
      <trkpt lat="-37.82688" lon="145.35342">
        <ele>607.75</ele>
      </trkpt>
      <trkpt lat="-37.82687" lon="145.35351">
        <ele>608.22</ele>
      </trkpt>
      <trkpt lat="-37.82691" lon="145.35367">
        <ele>608.17</ele>
      </trkpt>
      <trkpt lat="-37.82698" lon="145.35381">
        <ele>608.12</ele>
      </trkpt>
      <trkpt lat="-37.82704" lon="145.35386">
        <ele>607.83</ele>
      </trkpt>
      <trkpt lat="-37.82709" lon="145.35397">
        <ele>607.41</ele>
      </trkpt>
      <trkpt lat="-37.82705" lon="145.35403">
        <ele>607.98</ele>
      </trkpt>
      <trkpt lat="-37.82697" lon="145.35415">
        <ele>609.49</ele>
      </trkpt>
      <trkpt lat="-37.82691" lon="145.35419">
        <ele>610.28</ele>
      </trkpt>
      <trkpt lat="-37.82682" lon="145.35422">
        <ele>611.07</ele>
      </trkpt>
      <trkpt lat="-37.82675" lon="145.3542">
        <ele>611.9</ele>
      </trkpt>
      <trkpt lat="-37.82663" lon="145.35439">
        <ele>611.1</ele>
      </trkpt>
      <trkpt lat="-37.82662" lon="145.3544">
        <ele>610.96</ele>
      </trkpt>
      <trkpt lat="-37.82662" lon="145.3544">
        <ele>610.96</ele>
      </trkpt>
      <trkpt lat="-37.82662" lon="145.3544">
        <ele>610.96</ele>
      </trkpt>
      <trkpt lat="-37.82662" lon="145.3544">
        <ele>610.96</ele>
      </trkpt>
      <trkpt lat="-37.82646" lon="145.35462">
        <ele>608.88</ele>
      </trkpt>
      <trkpt lat="-37.82635" lon="145.35472">
        <ele>607.03</ele>
      </trkpt>
      <trkpt lat="-37.82625" lon="145.35483">
        <ele>603.53</ele>
      </trkpt>
      <trkpt lat="-37.82611" lon="145.35499">
        <ele>597.11</ele>
      </trkpt>
      <trkpt lat="-37.82596" lon="145.35515">
        <ele>591.71</ele>
      </trkpt>
      <trkpt lat="-37.82572" lon="145.35559">
        <ele>583.13</ele>
      </trkpt>
      <trkpt lat="-37.82561" lon="145.35584">
        <ele>578.53</ele>
      </trkpt>
      <trkpt lat="-37.82549" lon="145.35604">
        <ele>574.01</ele>
      </trkpt>
      <trkpt lat="-37.82536" lon="145.35629">
        <ele>565.99</ele>
      </trkpt>
      <trkpt lat="-37.82532" lon="145.35658">
        <ele>556.01</ele>
      </trkpt>
      <trkpt lat="-37.82525" lon="145.35688">
        <ele>545.74</ele>
      </trkpt>
      <trkpt lat="-37.82523" lon="145.35718">
        <ele>542.01</ele>
      </trkpt>
      <trkpt lat="-37.82524" lon="145.35746">
        <ele>540.02</ele>
      </trkpt>
      <trkpt lat="-37.82524" lon="145.35748">
        <ele>539.87</ele>
      </trkpt>
      <trkpt lat="-37.82525" lon="145.35765">
        <ele>537.26</ele>
      </trkpt>
      <trkpt lat="-37.8253" lon="145.35759">
        <ele>538.41</ele>
      </trkpt>
      <trkpt lat="-37.82545" lon="145.35777">
        <ele>533.37</ele>
      </trkpt>
      <trkpt lat="-37.82548" lon="145.35782">
        <ele>531.75</ele>
      </trkpt>
      <trkpt lat="-37.82553" lon="145.35802">
        <ele>526.17</ele>
      </trkpt>
      <trkpt lat="-37.82564" lon="145.35817">
        <ele>526.58</ele>
      </trkpt>
      <trkpt lat="-37.82585" lon="145.35828">
        <ele>526.73</ele>
      </trkpt>
      <trkpt lat="-37.82613" lon="145.35837">
        <ele>524.66</ele>
      </trkpt>
      <trkpt lat="-37.82643" lon="145.3586">
        <ele>521.26</ele>
      </trkpt>
      <trkpt lat="-37.82666" lon="145.35872">
        <ele>520.4</ele>
      </trkpt>
      <trkpt lat="-37.82677" lon="145.35875">
        <ele>519.81</ele>
      </trkpt>
      <trkpt lat="-37.8268" lon="145.35895">
        <ele>517.05</ele>
      </trkpt>
      <trkpt lat="-37.82686" lon="145.35905">
        <ele>514.81</ele>
      </trkpt>
      <trkpt lat="-37.82694" lon="145.35909">
        <ele>513.93</ele>
      </trkpt>
      <trkpt lat="-37.82703" lon="145.35912">
        <ele>514.25</ele>
      </trkpt>
      <trkpt lat="-37.82715" lon="145.35918">
        <ele>514.78</ele>
      </trkpt>
      <trkpt lat="-37.82728" lon="145.3593">
        <ele>514.61</ele>
      </trkpt>
      <trkpt lat="-37.8274" lon="145.35938">
        <ele>514.01</ele>
      </trkpt>
      <trkpt lat="-37.8274" lon="145.35938">
        <ele>514.01</ele>
      </trkpt>
      <trkpt lat="-37.8274" lon="145.35938">
        <ele>514.01</ele>
      </trkpt>
      <trkpt lat="-37.8275" lon="145.35945">
        <ele>512.94</ele>
      </trkpt>
      <trkpt lat="-37.82772" lon="145.35956">
        <ele>516.04</ele>
      </trkpt>
      <trkpt lat="-37.82786" lon="145.3596">
        <ele>518.32</ele>
      </trkpt>
      <trkpt lat="-37.82797" lon="145.35968">
        <ele>519.28</ele>
      </trkpt>
      <trkpt lat="-37.82801" lon="145.35974">
        <ele>519.51</ele>
      </trkpt>
      <trkpt lat="-37.82802" lon="145.35982">
        <ele>520.37</ele>
      </trkpt>
      <trkpt lat="-37.8281" lon="145.35974">
        <ele>521.69</ele>
      </trkpt>
      <trkpt lat="-37.82818" lon="145.35969">
        <ele>525.0</ele>
      </trkpt>
      <trkpt lat="-37.82831" lon="145.35965">
        <ele>530.44</ele>
      </trkpt>
      <trkpt lat="-37.8285" lon="145.35965">
        <ele>534.25</ele>
      </trkpt>
      <trkpt lat="-37.82881" lon="145.35978">
        <ele>531.07</ele>
      </trkpt>
      <trkpt lat="-37.8291" lon="145.35986">
        <ele>516.5</ele>
      </trkpt>
      <trkpt lat="-37.82936" lon="145.35989">
        <ele>511.01</ele>
      </trkpt>
      <trkpt lat="-37.82943" lon="145.35991">
        <ele>510.77</ele>
      </trkpt>
      <trkpt lat="-37.82969" lon="145.36">
        <ele>503.16</ele>
      </trkpt>
      <trkpt lat="-37.83001" lon="145.36029">
        <ele>504.23</ele>
      </trkpt>
      <trkpt lat="-37.83032" lon="145.36052">
        <ele>507.94</ele>
      </trkpt>
      <trkpt lat="-37.83056" lon="145.3606">
        <ele>507.62</ele>
      </trkpt>
      <trkpt lat="-37.83076" lon="145.36057">
        <ele>504.99</ele>
      </trkpt>
      <trkpt lat="-37.83093" lon="145.36048">
        <ele>506.26</ele>
      </trkpt>
      <trkpt lat="-37.83107" lon="145.36032">
        <ele>512.71</ele>
      </trkpt>
      <trkpt lat="-37.83119" lon="145.3601">
        <ele>516.06</ele>
      </trkpt>
      <trkpt lat="-37.83125" lon="145.35975">
        <ele>519.6</ele>
      </trkpt>
      <trkpt lat="-37.8313" lon="145.3593">
        <ele>523.48</ele>
      </trkpt>
      <trkpt lat="-37.83144" lon="145.35902">
        <ele>521.98</ele>
      </trkpt>
      <trkpt lat="-37.83165" lon="145.35882">
        <ele>518.13</ele>
      </trkpt>
      <trkpt lat="-37.83226" lon="145.35842">
        <ele>526.84</ele>
      </trkpt>
      <trkpt lat="-37.83229" lon="145.35836">
        <ele>527.66</ele>
      </trkpt>
      <trkpt lat="-37.83232" lon="145.35831">
        <ele>528.73</ele>
      </trkpt>
      <trkpt lat="-37.83249" lon="145.35802">
        <ele>536.44</ele>
      </trkpt>
      <trkpt lat="-37.83254" lon="145.35793">
        <ele>536.83</ele>
      </trkpt>
      <trkpt lat="-37.83274" lon="145.35721">
        <ele>530.34</ele>
      </trkpt>
      <trkpt lat="-37.83285" lon="145.35679">
        <ele>534.02</ele>
      </trkpt>
      <trkpt lat="-37.83286" lon="145.35676">
        <ele>533.9</ele>
      </trkpt>
      <trkpt lat="-37.83289" lon="145.35667">
        <ele>533.24</ele>
      </trkpt>
      <trkpt lat="-37.83289" lon="145.35667">
        <ele>533.24</ele>
      </trkpt>
      <trkpt lat="-37.83286" lon="145.35676">
        <ele>533.9</ele>
      </trkpt>
      <trkpt lat="-37.83285" lon="145.35679">
        <ele>534.02</ele>
      </trkpt>
      <trkpt lat="-37.83274" lon="145.35721">
        <ele>530.34</ele>
      </trkpt>
      <trkpt lat="-37.83254" lon="145.35793">
        <ele>536.83</ele>
      </trkpt>
      <trkpt lat="-37.83249" lon="145.35802">
        <ele>536.44</ele>
      </trkpt>
      <trkpt lat="-37.83232" lon="145.35831">
        <ele>528.73</ele>
      </trkpt>
      <trkpt lat="-37.83229" lon="145.35836">
        <ele>527.66</ele>
      </trkpt>
      <trkpt lat="-37.83226" lon="145.35842">
        <ele>526.84</ele>
      </trkpt>
      <trkpt lat="-37.83165" lon="145.35882">
        <ele>518.13</ele>
      </trkpt>
      <trkpt lat="-37.83144" lon="145.35902">
        <ele>521.98</ele>
      </trkpt>
      <trkpt lat="-37.8313" lon="145.3593">
        <ele>523.48</ele>
      </trkpt>
      <trkpt lat="-37.83125" lon="145.35975">
        <ele>519.6</ele>
      </trkpt>
      <trkpt lat="-37.83119" lon="145.3601">
        <ele>516.06</ele>
      </trkpt>
      <trkpt lat="-37.83107" lon="145.36032">
        <ele>512.71</ele>
      </trkpt>
      <trkpt lat="-37.83093" lon="145.36048">
        <ele>506.26</ele>
      </trkpt>
      <trkpt lat="-37.83076" lon="145.36057">
        <ele>504.99</ele>
      </trkpt>
      <trkpt lat="-37.83056" lon="145.3606">
        <ele>507.62</ele>
      </trkpt>
      <trkpt lat="-37.83032" lon="145.36052">
        <ele>507.94</ele>
      </trkpt>
      <trkpt lat="-37.83001" lon="145.36029">
        <ele>504.23</ele>
      </trkpt>
      <trkpt lat="-37.82969" lon="145.36">
        <ele>503.16</ele>
      </trkpt>
      <trkpt lat="-37.82943" lon="145.35991">
        <ele>510.77</ele>
      </trkpt>
      <trkpt lat="-37.82936" lon="145.35989">
        <ele>511.01</ele>
      </trkpt>
      <trkpt lat="-37.8291" lon="145.35986">
        <ele>516.5</ele>
      </trkpt>
      <trkpt lat="-37.82881" lon="145.35978">
        <ele>531.07</ele>
      </trkpt>
      <trkpt lat="-37.8285" lon="145.35965">
        <ele>534.25</ele>
      </trkpt>
      <trkpt lat="-37.82831" lon="145.35965">
        <ele>530.44</ele>
      </trkpt>
      <trkpt lat="-37.82818" lon="145.35969">
        <ele>525.0</ele>
      </trkpt>
      <trkpt lat="-37.8281" lon="145.35974">
        <ele>521.69</ele>
      </trkpt>
      <trkpt lat="-37.82802" lon="145.35982">
        <ele>520.37</ele>
      </trkpt>
      <trkpt lat="-37.82787" lon="145.35999">
        <ele>521.83</ele>
      </trkpt>
      <trkpt lat="-37.82799" lon="145.36016">
        <ele>522.0</ele>
      </trkpt>
      <trkpt lat="-37.82819" lon="145.36029">
        <ele>521.62</ele>
      </trkpt>
      <trkpt lat="-37.82827" lon="145.36043">
        <ele>523.05</ele>
      </trkpt>
      <trkpt lat="-37.82832" lon="145.36049">
        <ele>523.99</ele>
      </trkpt>
      <trkpt lat="-37.82834" lon="145.36064">
        <ele>525.26</ele>
      </trkpt>
      <trkpt lat="-37.82832" lon="145.36085">
        <ele>525.99</ele>
      </trkpt>
      <trkpt lat="-37.82832" lon="145.36085">
        <ele>525.99</ele>
      </trkpt>
      <trkpt lat="-37.82832" lon="145.36085">
        <ele>525.99</ele>
      </trkpt>
      <trkpt lat="-37.82832" lon="145.36085">
        <ele>525.99</ele>
      </trkpt>
      <trkpt lat="-37.82831" lon="145.36096">
        <ele>525.59</ele>
      </trkpt>
      <trkpt lat="-37.82831" lon="145.36122">
        <ele>523.56</ele>
      </trkpt>
      <trkpt lat="-37.82828" lon="145.36142">
        <ele>520.81</ele>
      </trkpt>
      <trkpt lat="-37.82829" lon="145.36151">
        <ele>517.93</ele>
      </trkpt>
      <trkpt lat="-37.8283" lon="145.36163">
        <ele>514.22</ele>
      </trkpt>
      <trkpt lat="-37.82832" lon="145.36178">
        <ele>508.42</ele>
      </trkpt>
      <trkpt lat="-37.82833" lon="145.36183">
        <ele>506.49</ele>
      </trkpt>
      <trkpt lat="-37.82835" lon="145.36188">
        <ele>504.75</ele>
      </trkpt>
      <trkpt lat="-37.82839" lon="145.36202">
        <ele>498.2</ele>
      </trkpt>
      <trkpt lat="-37.82841" lon="145.3622">
        <ele>488.16</ele>
      </trkpt>
      <trkpt lat="-37.8284" lon="145.36231">
        <ele>483.54</ele>
      </trkpt>
      <trkpt lat="-37.82842" lon="145.36246">
        <ele>479.24</ele>
      </trkpt>
      <trkpt lat="-37.82847" lon="145.36259">
        <ele>480.42</ele>
      </trkpt>
      <trkpt lat="-37.82859" lon="145.36276">
        <ele>483.77</ele>
      </trkpt>
      <trkpt lat="-37.82882" lon="145.36295">
        <ele>505.81</ele>
      </trkpt>
      <trkpt lat="-37.82945" lon="145.3636">
        <ele>487.5</ele>
      </trkpt>
      <trkpt lat="-37.82965" lon="145.3639">
        <ele>472.73</ele>
      </trkpt>
      <trkpt lat="-37.82997" lon="145.36415">
        <ele>473.52</ele>
      </trkpt>
      <trkpt lat="-37.83016" lon="145.3643">
        <ele>478.39</ele>
      </trkpt>
      <trkpt lat="-37.83032" lon="145.36443">
        <ele>483.7</ele>
      </trkpt>
      <trkpt lat="-37.83049" lon="145.36452">
        <ele>486.62</ele>
      </trkpt>
      <trkpt lat="-37.83057" lon="145.3646">
        <ele>486.92</ele>
      </trkpt>
      <trkpt lat="-37.8309" lon="145.36471">
        <ele>488.63</ele>
      </trkpt>
      <trkpt lat="-37.83113" lon="145.36475">
        <ele>486.71</ele>
      </trkpt>
      <trkpt lat="-37.83126" lon="145.36482">
        <ele>486.13</ele>
      </trkpt>
      <trkpt lat="-37.83143" lon="145.36499">
        <ele>485.52</ele>
      </trkpt>
      <trkpt lat="-37.8315" lon="145.36502">
        <ele>486.03</ele>
      </trkpt>
      <trkpt lat="-37.83164" lon="145.36501">
        <ele>487.7</ele>
      </trkpt>
      <trkpt lat="-37.83176" lon="145.36505">
        <ele>489.25</ele>
      </trkpt>
      <trkpt lat="-37.83193" lon="145.36512">
        <ele>492.48</ele>
      </trkpt>
      <trkpt lat="-37.83205" lon="145.36519">
        <ele>492.2</ele>
      </trkpt>
      <trkpt lat="-37.83215" lon="145.36532">
        <ele>490.62</ele>
      </trkpt>
      <trkpt lat="-37.8324" lon="145.36562">
        <ele>482.5</ele>
      </trkpt>
      <trkpt lat="-37.8325" lon="145.36567">
        <ele>480.53</ele>
      </trkpt>
      <trkpt lat="-37.83258" lon="145.36565">
        <ele>478.96</ele>
      </trkpt>
      <trkpt lat="-37.83268" lon="145.36564">
        <ele>476.53</ele>
      </trkpt>
      <trkpt lat="-37.83275" lon="145.3656">
        <ele>474.8</ele>
      </trkpt>
      <trkpt lat="-37.83301" lon="145.36562">
        <ele>464.1</ele>
      </trkpt>
      <trkpt lat="-37.83307" lon="145.36562">
        <ele>461.8</ele>
      </trkpt>
      <trkpt lat="-37.8334" lon="145.3658">
        <ele>456.21</ele>
      </trkpt>
      <trkpt lat="-37.83355" lon="145.36595">
        <ele>458.04</ele>
      </trkpt>
      <trkpt lat="-37.8337" lon="145.36608">
        <ele>460.91</ele>
      </trkpt>
      <trkpt lat="-37.83394" lon="145.36626">
        <ele>458.46</ele>
      </trkpt>
      <trkpt lat="-37.83417" lon="145.36644">
        <ele>450.12</ele>
      </trkpt>
      <trkpt lat="-37.8343" lon="145.36658">
        <ele>444.32</ele>
      </trkpt>
      <trkpt lat="-37.83439" lon="145.3668">
        <ele>440.16</ele>
      </trkpt>
      <trkpt lat="-37.83468" lon="145.36712">
        <ele>429.23</ele>
      </trkpt>
      <trkpt lat="-37.83482" lon="145.36722">
        <ele>430.38</ele>
      </trkpt>
      <trkpt lat="-37.83507" lon="145.3673">
        <ele>435.03</ele>
      </trkpt>
      <trkpt lat="-37.83517" lon="145.36739">
        <ele>437.6</ele>
      </trkpt>
      <trkpt lat="-37.83521" lon="145.36748">
        <ele>440.2</ele>
      </trkpt>
      <trkpt lat="-37.83524" lon="145.36746">
        <ele>439.73</ele>
      </trkpt>
      <trkpt lat="-37.8353" lon="145.36742">
        <ele>438.32</ele>
      </trkpt>
      <trkpt lat="-37.8354" lon="145.3674">
        <ele>436.08</ele>
      </trkpt>
      <trkpt lat="-37.83549" lon="145.36746">
        <ele>436.14</ele>
      </trkpt>
      <trkpt lat="-37.83564" lon="145.36772">
        <ele>435.27</ele>
      </trkpt>
      <trkpt lat="-37.83592" lon="145.36824">
        <ele>437.54</ele>
      </trkpt>
      <trkpt lat="-37.83624" lon="145.36867">
        <ele>438.46</ele>
      </trkpt>
      <trkpt lat="-37.83668" lon="145.36923">
        <ele>434.34</ele>
      </trkpt>
      <trkpt lat="-37.83688" lon="145.36943">
        <ele>436.48</ele>
      </trkpt>
      <trkpt lat="-37.83708" lon="145.3695">
        <ele>441.83</ele>
      </trkpt>
      <trkpt lat="-37.83733" lon="145.36955">
        <ele>443.29</ele>
      </trkpt>
      <trkpt lat="-37.83717" lon="145.36971">
        <ele>440.62</ele>
      </trkpt>
      <trkpt lat="-37.83709" lon="145.36995">
        <ele>434.96</ele>
      </trkpt>
      <trkpt lat="-37.83705" lon="145.37011">
        <ele>432.24</ele>
      </trkpt>
      <trkpt lat="-37.83701" lon="145.37052">
        <ele>432.38</ele>
      </trkpt>
      <trkpt lat="-37.837" lon="145.37064">
        <ele>433.18</ele>
      </trkpt>
      <trkpt lat="-37.837" lon="145.37077">
        <ele>433.46</ele>
      </trkpt>
      <trkpt lat="-37.83701" lon="145.37094">
        <ele>431.45</ele>
      </trkpt>
      <trkpt lat="-37.83698" lon="145.37134">
        <ele>426.11</ele>
      </trkpt>
      <trkpt lat="-37.83701" lon="145.37191">
        <ele>418.52</ele>
      </trkpt>
      <trkpt lat="-37.83698" lon="145.37236">
        <ele>423.18</ele>
      </trkpt>
      <trkpt lat="-37.83708" lon="145.37331">
        <ele>408.17</ele>
      </trkpt>
      <trkpt lat="-37.83717" lon="145.37373">
        <ele>407.1</ele>
      </trkpt>
      <trkpt lat="-37.83718" lon="145.37388">
        <ele>407.43</ele>
      </trkpt>
      <trkpt lat="-37.83718" lon="145.37408">
        <ele>406.45</ele>
      </trkpt>
      <trkpt lat="-37.8372" lon="145.37421">
        <ele>405.3</ele>
      </trkpt>
      <trkpt lat="-37.83735" lon="145.37467">
        <ele>402.28</ele>
      </trkpt>
      <trkpt lat="-37.83745" lon="145.37449">
        <ele>404.85</ele>
      </trkpt>
      <trkpt lat="-37.83749" lon="145.37443">
        <ele>405.96</ele>
      </trkpt>
      <trkpt lat="-37.83762" lon="145.37427">
        <ele>406.12</ele>
      </trkpt>
      <trkpt lat="-37.83767" lon="145.37416">
        <ele>406.01</ele>
      </trkpt>
      <trkpt lat="-37.83783" lon="145.37369">
        <ele>394.29</ele>
      </trkpt>
      <trkpt lat="-37.83792" lon="145.37358">
        <ele>390.96</ele>
      </trkpt>
      <trkpt lat="-37.83803" lon="145.37351">
        <ele>387.47</ele>
      </trkpt>
      <trkpt lat="-37.83811" lon="145.3735">
        <ele>384.37</ele>
      </trkpt>
      <trkpt lat="-37.83821" lon="145.37348">
        <ele>380.15</ele>
      </trkpt>
      <trkpt lat="-37.83846" lon="145.37354">
        <ele>372.99</ele>
      </trkpt>
      <trkpt lat="-37.83858" lon="145.3736">
        <ele>370.66</ele>
      </trkpt>
      <trkpt lat="-37.83882" lon="145.37377">
        <ele>369.14</ele>
      </trkpt>
      <trkpt lat="-37.83909" lon="145.374">
        <ele>367.09</ele>
      </trkpt>
      <trkpt lat="-37.83919" lon="145.37414">
        <ele>366.54</ele>
      </trkpt>
      <trkpt lat="-37.83925" lon="145.37426">
        <ele>366.09</ele>
      </trkpt>
      <trkpt lat="-37.83935" lon="145.3746">
        <ele>362.74</ele>
      </trkpt>
      <trkpt lat="-37.83956" lon="145.37528">
        <ele>353.75</ele>
      </trkpt>
      <trkpt lat="-37.83972" lon="145.37577">
        <ele>352.47</ele>
      </trkpt>
      <trkpt lat="-37.83987" lon="145.3761">
        <ele>354.62</ele>
      </trkpt>
      <trkpt lat="-37.84023" lon="145.37682">
        <ele>347.14</ele>
      </trkpt>
      <trkpt lat="-37.84031" lon="145.37693">
        <ele>342.7</ele>
      </trkpt>
      <trkpt lat="-37.84031" lon="145.37693">
        <ele>342.7</ele>
      </trkpt>
      <trkpt lat="-37.84031" lon="145.37693">
        <ele>342.7</ele>
      </trkpt>
      <trkpt lat="-37.84045" lon="145.37712">
        <ele>336.66</ele>
      </trkpt>
      <trkpt lat="-37.84067" lon="145.37735">
        <ele>330.23</ele>
      </trkpt>
      <trkpt lat="-37.84088" lon="145.37755">
        <ele>324.1</ele>
      </trkpt>
      <trkpt lat="-37.84095" lon="145.37764">
        <ele>322.48</ele>
      </trkpt>
      <trkpt lat="-37.84099" lon="145.37779">
        <ele>319.84</ele>
      </trkpt>
      <trkpt lat="-37.84103" lon="145.37787">
        <ele>318.63</ele>
      </trkpt>
      <trkpt lat="-37.8411" lon="145.3781">
        <ele>314.83</ele>
      </trkpt>
      <trkpt lat="-37.8412" lon="145.37848">
        <ele>313.94</ele>
      </trkpt>
      <trkpt lat="-37.84145" lon="145.37908">
        <ele>313.3</ele>
      </trkpt>
      <trkpt lat="-37.84152" lon="145.37923">
        <ele>312.65</ele>
      </trkpt>
      <trkpt lat="-37.84183" lon="145.37971">
        <ele>311.27</ele>
      </trkpt>
      <trkpt lat="-37.84201" lon="145.38002">
        <ele>305.8</ele>
      </trkpt>
      <trkpt lat="-37.84204" lon="145.38013">
        <ele>305.26</ele>
      </trkpt>
      <trkpt lat="-37.84229" lon="145.38067">
        <ele>305.95</ele>
      </trkpt>
      <trkpt lat="-37.84236" lon="145.3809">
        <ele>305.28</ele>
      </trkpt>
      <trkpt lat="-37.84243" lon="145.38109">
        <ele>302.66</ele>
      </trkpt>
      <trkpt lat="-37.84245" lon="145.38133">
        <ele>298.8</ele>
      </trkpt>
      <trkpt lat="-37.84246" lon="145.38167">
        <ele>293.1</ele>
      </trkpt>
      <trkpt lat="-37.84252" lon="145.38185">
        <ele>290.67</ele>
      </trkpt>
      <trkpt lat="-37.84257" lon="145.382">
        <ele>289.35</ele>
      </trkpt>
      <trkpt lat="-37.84262" lon="145.38217">
        <ele>288.08</ele>
      </trkpt>
      <trkpt lat="-37.84271" lon="145.38238">
        <ele>283.25</ele>
      </trkpt>
      <trkpt lat="-37.84274" lon="145.3825">
        <ele>279.68</ele>
      </trkpt>
      <trkpt lat="-37.84277" lon="145.38266">
        <ele>275.68</ele>
      </trkpt>
      <trkpt lat="-37.84279" lon="145.38285">
        <ele>272.68</ele>
      </trkpt>
      <trkpt lat="-37.8428" lon="145.38304">
        <ele>271.14</ele>
      </trkpt>
      <trkpt lat="-37.8428" lon="145.38313">
        <ele>269.95</ele>
      </trkpt>
      <trkpt lat="-37.8428" lon="145.38322">
        <ele>268.68</ele>
      </trkpt>
      <trkpt lat="-37.84281" lon="145.38344">
        <ele>266.17</ele>
      </trkpt>
      <trkpt lat="-37.84281" lon="145.38358">
        <ele>264.93</ele>
      </trkpt>
      <trkpt lat="-37.8428" lon="145.38369">
        <ele>264.12</ele>
      </trkpt>
      <trkpt lat="-37.8428" lon="145.38377">
        <ele>263.48</ele>
      </trkpt>
      <trkpt lat="-37.84285" lon="145.38412">
        <ele>265.6</ele>
      </trkpt>
      <trkpt lat="-37.84292" lon="145.38431">
        <ele>265.7</ele>
      </trkpt>
      <trkpt lat="-37.84297" lon="145.38452">
        <ele>264.88</ele>
      </trkpt>
      <trkpt lat="-37.84292" lon="145.38473">
        <ele>265.25</ele>
      </trkpt>
      <trkpt lat="-37.84287" lon="145.38474">
        <ele>266.21</ele>
      </trkpt>
      <trkpt lat="-37.84279" lon="145.38478">
        <ele>266.69</ele>
      </trkpt>
      <trkpt lat="-37.84272" lon="145.3849">
        <ele>263.43</ele>
      </trkpt>
      <trkpt lat="-37.84265" lon="145.3851">
        <ele>258.57</ele>
      </trkpt>
      <trkpt lat="-37.84259" lon="145.38541">
        <ele>255.11</ele>
      </trkpt>
      <trkpt lat="-37.84252" lon="145.38564">
        <ele>256.17</ele>
      </trkpt>
      <trkpt lat="-37.84245" lon="145.38578">
        <ele>257.71</ele>
      </trkpt>
      <trkpt lat="-37.84234" lon="145.3859">
        <ele>259.71</ele>
      </trkpt>
      <trkpt lat="-37.8422" lon="145.38599">
        <ele>261.94</ele>
      </trkpt>
      <trkpt lat="-37.84204" lon="145.38577">
        <ele>259.09</ele>
      </trkpt>
      <trkpt lat="-37.84195" lon="145.38562">
        <ele>261.78</ele>
      </trkpt>
      <trkpt lat="-37.84176" lon="145.38522">
        <ele>265.49</ele>
      </trkpt>
      <trkpt lat="-37.84164" lon="145.38486">
        <ele>269.35</ele>
      </trkpt>
      <trkpt lat="-37.84158" lon="145.38473">
        <ele>271.83</ele>
      </trkpt>
      <trkpt lat="-37.84151" lon="145.38463">
        <ele>271.61</ele>
      </trkpt>
      <trkpt lat="-37.84141" lon="145.38452">
        <ele>270.35</ele>
      </trkpt>
      <trkpt lat="-37.84128" lon="145.38446">
        <ele>272.33</ele>
      </trkpt>
      <trkpt lat="-37.84116" lon="145.38445">
        <ele>275.63</ele>
      </trkpt>
      <trkpt lat="-37.84098" lon="145.38445">
        <ele>277.48</ele>
      </trkpt>
      <trkpt lat="-37.84088" lon="145.38448">
        <ele>277.85</ele>
      </trkpt>
      <trkpt lat="-37.84072" lon="145.38457">
        <ele>279.59</ele>
      </trkpt>
      <trkpt lat="-37.84021" lon="145.38497">
        <ele>285.92</ele>
      </trkpt>
      <trkpt lat="-37.83997" lon="145.3851">
        <ele>283.01</ele>
      </trkpt>
      <trkpt lat="-37.83972" lon="145.3852">
        <ele>287.5</ele>
      </trkpt>
      <trkpt lat="-37.83948" lon="145.38522">
        <ele>293.69</ele>
      </trkpt>
      <trkpt lat="-37.83905" lon="145.38516">
        <ele>296.1</ele>
      </trkpt>
      <trkpt lat="-37.83897" lon="145.38515">
        <ele>295.56</ele>
      </trkpt>
      <trkpt lat="-37.83884" lon="145.38515">
        <ele>295.11</ele>
      </trkpt>
      <trkpt lat="-37.83802" lon="145.38537">
        <ele>285.73</ele>
      </trkpt>
      <trkpt lat="-37.83721" lon="145.38566">
        <ele>289.79</ele>
      </trkpt>
      <trkpt lat="-37.83708" lon="145.38571">
        <ele>284.25</ele>
      </trkpt>
      <trkpt lat="-37.83695" lon="145.38583">
        <ele>276.25</ele>
      </trkpt>
      <trkpt lat="-37.83681" lon="145.38593">
        <ele>277.26</ele>
      </trkpt>
      <trkpt lat="-37.83672" lon="145.38603">
        <ele>278.72</ele>
      </trkpt>
      <trkpt lat="-37.8365" lon="145.38642">
        <ele>281.82</ele>
      </trkpt>
      <trkpt lat="-37.83636" lon="145.38685">
        <ele>277.03</ele>
      </trkpt>
      <trkpt lat="-37.83628" lon="145.387">
        <ele>275.05</ele>
      </trkpt>
      <trkpt lat="-37.83614" lon="145.38721">
        <ele>275.57</ele>
      </trkpt>
      <trkpt lat="-37.83574" lon="145.38765">
        <ele>271.73</ele>
      </trkpt>
      <trkpt lat="-37.83545" lon="145.38808">
        <ele>261.85</ele>
      </trkpt>
      <trkpt lat="-37.83531" lon="145.3882">
        <ele>257.65</ele>
      </trkpt>
      <trkpt lat="-37.83526" lon="145.38822">
        <ele>255.87</ele>
      </trkpt>
      <trkpt lat="-37.83496" lon="145.38831">
        <ele>244.8</ele>
      </trkpt>
      <trkpt lat="-37.83466" lon="145.38833">
        <ele>246.25</ele>
      </trkpt>
      <trkpt lat="-37.83453" lon="145.38833">
        <ele>246.74</ele>
      </trkpt>
      <trkpt lat="-37.83441" lon="145.38835">
        <ele>247.15</ele>
      </trkpt>
      <trkpt lat="-37.83433" lon="145.38839">
        <ele>247.67</ele>
      </trkpt>
      <trkpt lat="-37.83426" lon="145.38845">
        <ele>248.32</ele>
      </trkpt>
      <trkpt lat="-37.83418" lon="145.38857">
        <ele>249.63</ele>
      </trkpt>
      <trkpt lat="-37.8341" lon="145.38873">
        <ele>251.68</ele>
      </trkpt>
      <trkpt lat="-37.83397" lon="145.3891">
        <ele>254.07</ele>
      </trkpt>
      <trkpt lat="-37.83352" lon="145.38988">
        <ele>252.94</ele>
      </trkpt>
      <trkpt lat="-37.83325" lon="145.39021">
        <ele>253.74</ele>
      </trkpt>
      <trkpt lat="-37.83322" lon="145.39023">
        <ele>254.21</ele>
      </trkpt>
      <trkpt lat="-37.83322" lon="145.39023">
        <ele>254.21</ele>
      </trkpt>
      <trkpt lat="-37.83322" lon="145.39023">
        <ele>254.21</ele>
      </trkpt>
      <trkpt lat="-37.83279" lon="145.39065">
        <ele>258.14</ele>
      </trkpt>
      <trkpt lat="-37.83253" lon="145.3908">
        <ele>258.92</ele>
      </trkpt>
      <trkpt lat="-37.83206" lon="145.39095">
        <ele>255.15</ele>
      </trkpt>
      <trkpt lat="-37.83198" lon="145.39096">
        <ele>253.98</ele>
      </trkpt>
      <trkpt lat="-37.83142" lon="145.39084">
        <ele>254.11</ele>
      </trkpt>
      <trkpt lat="-37.83103" lon="145.39081">
        <ele>252.43</ele>
      </trkpt>
      <trkpt lat="-37.83041" lon="145.39089">
        <ele>252.64</ele>
      </trkpt>
      <trkpt lat="-37.83012" lon="145.39089">
        <ele>251.51</ele>
      </trkpt>
      <trkpt lat="-37.82993" lon="145.39091">
        <ele>249.94</ele>
      </trkpt>
      <trkpt lat="-37.82971" lon="145.39088">
        <ele>245.69</ele>
      </trkpt>
      <trkpt lat="-37.82956" lon="145.39079">
        <ele>246.0</ele>
      </trkpt>
      <trkpt lat="-37.82951" lon="145.39076">
        <ele>246.0</ele>
      </trkpt>
      <trkpt lat="-37.82944" lon="145.39069">
        <ele>246.04</ele>
      </trkpt>
      <trkpt lat="-37.82935" lon="145.39063">
        <ele>246.77</ele>
      </trkpt>
      <trkpt lat="-37.82934" lon="145.39053">
        <ele>246.75</ele>
      </trkpt>
      <trkpt lat="-37.82929" lon="145.39053">
        <ele>247.11</ele>
      </trkpt>
      <trkpt lat="-37.82927" lon="145.39054">
        <ele>247.26</ele>
      </trkpt>
      <trkpt lat="-37.82927" lon="145.39054">
        <ele>247.26</ele>
      </trkpt>
      <trkpt lat="-37.8292" lon="145.39067">
        <ele>248.12</ele>
      </trkpt>
      <trkpt lat="-37.82909" lon="145.39101">
        <ele>249.74</ele>
      </trkpt>
      <trkpt lat="-37.82901" lon="145.39116">
        <ele>249.9</ele>
      </trkpt>
      <trkpt lat="-37.8289" lon="145.39133">
        <ele>249.24</ele>
      </trkpt>
      <trkpt lat="-37.82868" lon="145.39165">
        <ele>246.13</ele>
      </trkpt>
      <trkpt lat="-37.8286" lon="145.39171">
        <ele>246.13</ele>
      </trkpt>
      <trkpt lat="-37.82846" lon="145.39174">
        <ele>247.78</ele>
      </trkpt>
      <trkpt lat="-37.8282" lon="145.39167">
        <ele>249.47</ele>
      </trkpt>
      <trkpt lat="-37.82818" lon="145.39166">
        <ele>249.45</ele>
      </trkpt>
      <trkpt lat="-37.82815" lon="145.39166">
        <ele>249.55</ele>
      </trkpt>
      <trkpt lat="-37.8278" lon="145.39147">
        <ele>246.09</ele>
      </trkpt>
      <trkpt lat="-37.82727" lon="145.39111">
        <ele>250.48</ele>
      </trkpt>
      <trkpt lat="-37.827" lon="145.39096">
        <ele>245.18</ele>
      </trkpt>
      <trkpt lat="-37.82673" lon="145.39087">
        <ele>237.72</ele>
      </trkpt>
      <trkpt lat="-37.8266" lon="145.39093">
        <ele>236.7</ele>
      </trkpt>
      <trkpt lat="-37.82646" lon="145.39103">
        <ele>238.79</ele>
      </trkpt>
      <trkpt lat="-37.82636" lon="145.39121">
        <ele>242.02</ele>
      </trkpt>
      <trkpt lat="-37.82622" lon="145.39154">
        <ele>245.39</ele>
      </trkpt>
      <trkpt lat="-37.82614" lon="145.39173">
        <ele>244.2</ele>
      </trkpt>
      <trkpt lat="-37.8261" lon="145.39178">
        <ele>243.11</ele>
      </trkpt>
      <trkpt lat="-37.82599" lon="145.39197">
        <ele>239.74</ele>
      </trkpt>
      <trkpt lat="-37.82587" lon="145.39214">
        <ele>239.42</ele>
      </trkpt>
      <trkpt lat="-37.82585" lon="145.39216">
        <ele>239.37</ele>
      </trkpt>
      <trkpt lat="-37.82571" lon="145.39232">
        <ele>236.52</ele>
      </trkpt>
      <trkpt lat="-37.82557" lon="145.39251">
        <ele>236.23</ele>
      </trkpt>
      <trkpt lat="-37.82546" lon="145.39276">
        <ele>237.37</ele>
      </trkpt>
      <trkpt lat="-37.82528" lon="145.39302">
        <ele>239.62</ele>
      </trkpt>
      <trkpt lat="-37.82534" lon="145.39319">
        <ele>242.27</ele>
      </trkpt>
      <trkpt lat="-37.82554" lon="145.39344">
        <ele>247.89</ele>
      </trkpt>
      <trkpt lat="-37.82565" lon="145.39362">
        <ele>250.81</ele>
      </trkpt>
      <trkpt lat="-37.82594" lon="145.39402">
        <ele>252.73</ele>
      </trkpt>
      <trkpt lat="-37.82618" lon="145.39423">
        <ele>251.22</ele>
      </trkpt>
      <trkpt lat="-37.82618" lon="145.39423">
        <ele>251.22</ele>
      </trkpt>
      <trkpt lat="-37.82618" lon="145.39423">
        <ele>251.22</ele>
      </trkpt>
      <trkpt lat="-37.8262" lon="145.39425">
        <ele>251.34</ele>
      </trkpt>
      <trkpt lat="-37.82658" lon="145.3946">
        <ele>251.5</ele>
      </trkpt>
      <trkpt lat="-37.82682" lon="145.3949">
        <ele>248.39</ele>
      </trkpt>
      <trkpt lat="-37.82697" lon="145.39525">
        <ele>248.97</ele>
      </trkpt>
      <trkpt lat="-37.82708" lon="145.39567">
        <ele>242.43</ele>
      </trkpt>
      <trkpt lat="-37.82708" lon="145.39585">
        <ele>236.8</ele>
      </trkpt>
      <trkpt lat="-37.82704" lon="145.39598">
        <ele>234.98</ele>
      </trkpt>
      <trkpt lat="-37.82684" lon="145.39649">
        <ele>234.77</ele>
      </trkpt>
      <trkpt lat="-37.82673" lon="145.39683">
        <ele>239.27</ele>
      </trkpt>
      <trkpt lat="-37.82669" lon="145.39704">
        <ele>240.91</ele>
      </trkpt>
      <trkpt lat="-37.82669" lon="145.39723">
        <ele>239.22</ele>
      </trkpt>
      <trkpt lat="-37.82677" lon="145.39743">
        <ele>238.33</ele>
      </trkpt>
      <trkpt lat="-37.82686" lon="145.39761">
        <ele>238.89</ele>
      </trkpt>
      <trkpt lat="-37.82714" lon="145.39795">
        <ele>241.96</ele>
      </trkpt>
      <trkpt lat="-37.82743" lon="145.39808">
        <ele>239.25</ele>
      </trkpt>
      <trkpt lat="-37.82769" lon="145.39823">
        <ele>238.44</ele>
      </trkpt>
      <trkpt lat="-37.82785" lon="145.39827">
        <ele>237.59</ele>
      </trkpt>
      <trkpt lat="-37.82796" lon="145.39836">
        <ele>237.25</ele>
      </trkpt>
      <trkpt lat="-37.82802" lon="145.39845">
        <ele>235.78</ele>
      </trkpt>
      <trkpt lat="-37.82805" lon="145.39854">
        <ele>234.62</ele>
      </trkpt>
      <trkpt lat="-37.82808" lon="145.39864">
        <ele>233.98</ele>
      </trkpt>
      <trkpt lat="-37.82804" lon="145.39878">
        <ele>234.88</ele>
      </trkpt>
      <trkpt lat="-37.828" lon="145.39888">
        <ele>235.78</ele>
      </trkpt>
      <trkpt lat="-37.82784" lon="145.39905">
        <ele>237.65</ele>
      </trkpt>
      <trkpt lat="-37.82765" lon="145.39917">
        <ele>239.33</ele>
      </trkpt>
      <trkpt lat="-37.8272" lon="145.39939">
        <ele>236.86</ele>
      </trkpt>
      <trkpt lat="-37.82685" lon="145.39961">
        <ele>237.88</ele>
      </trkpt>
      <trkpt lat="-37.82664" lon="145.39974">
        <ele>240.08</ele>
      </trkpt>
      <trkpt lat="-37.82635" lon="145.39988">
        <ele>239.68</ele>
      </trkpt>
      <trkpt lat="-37.82556" lon="145.40035">
        <ele>241.25</ele>
      </trkpt>
      <trkpt lat="-37.82479" lon="145.4009">
        <ele>223.23</ele>
      </trkpt>
      <trkpt lat="-37.82447" lon="145.40115">
        <ele>219.71</ele>
      </trkpt>
      <trkpt lat="-37.82431" lon="145.40125">
        <ele>224.4</ele>
      </trkpt>
      <trkpt lat="-37.82435" lon="145.40158">
        <ele>222.31</ele>
      </trkpt>
      <trkpt lat="-37.82435" lon="145.40169">
        <ele>221.22</ele>
      </trkpt>
      <trkpt lat="-37.82434" lon="145.4018">
        <ele>222.17</ele>
      </trkpt>
      <trkpt lat="-37.82414" lon="145.40184">
        <ele>227.07</ele>
      </trkpt>
      <trkpt lat="-37.82397" lon="145.40193">
        <ele>225.48</ele>
      </trkpt>
      <trkpt lat="-37.82384" lon="145.40201">
        <ele>224.19</ele>
      </trkpt>
      <trkpt lat="-37.82366" lon="145.40227">
        <ele>219.28</ele>
      </trkpt>
      <trkpt lat="-37.82359" lon="145.40275">
        <ele>204.51</ele>
      </trkpt>
      <trkpt lat="-37.82359" lon="145.40313">
        <ele>208.14</ele>
      </trkpt>
      <trkpt lat="-37.82363" lon="145.40311">
        <ele>207.93</ele>
      </trkpt>
      <trkpt lat="-37.82381" lon="145.40335">
        <ele>206.66</ele>
      </trkpt>
      <trkpt lat="-37.82409" lon="145.40354">
        <ele>206.36</ele>
      </trkpt>
      <trkpt lat="-37.82443" lon="145.40384">
        <ele>204.38</ele>
      </trkpt>
      <trkpt lat="-37.82487" lon="145.40443">
        <ele>209.06</ele>
      </trkpt>
      <trkpt lat="-37.82501" lon="145.40445">
        <ele>210.04</ele>
      </trkpt>
      <trkpt lat="-37.82508" lon="145.40454">
        <ele>210.19</ele>
      </trkpt>
      <trkpt lat="-37.82518" lon="145.40474">
        <ele>209.89</ele>
      </trkpt>
      <trkpt lat="-37.82527" lon="145.40498">
        <ele>208.17</ele>
      </trkpt>
      <trkpt lat="-37.8254" lon="145.40508">
        <ele>208.01</ele>
      </trkpt>
      <trkpt lat="-37.8255" lon="145.40512">
        <ele>207.72</ele>
      </trkpt>
      <trkpt lat="-37.82561" lon="145.40512">
        <ele>207.88</ele>
      </trkpt>
      <trkpt lat="-37.82574" lon="145.40529">
        <ele>210.72</ele>
      </trkpt>
      <trkpt lat="-37.82591" lon="145.40534">
        <ele>211.54</ele>
      </trkpt>
      <trkpt lat="-37.82593" lon="145.40538">
        <ele>211.72</ele>
      </trkpt>
      <trkpt lat="-37.82598" lon="145.4055">
        <ele>212.95</ele>
      </trkpt>
      <trkpt lat="-37.82599" lon="145.40556">
        <ele>213.74</ele>
      </trkpt>
      <trkpt lat="-37.82603" lon="145.40585">
        <ele>217.38</ele>
      </trkpt>
      <trkpt lat="-37.82605" lon="145.40594">
        <ele>218.96</ele>
      </trkpt>
      <trkpt lat="-37.82603" lon="145.40594">
        <ele>218.77</ele>
      </trkpt>
      <trkpt lat="-37.82605" lon="145.40603">
        <ele>220.33</ele>
      </trkpt>
      <trkpt lat="-37.82605" lon="145.40603">
        <ele>220.33</ele>
      </trkpt>
      <trkpt lat="-37.82611" lon="145.40629">
        <ele>222.64</ele>
      </trkpt>
      <trkpt lat="-37.82623" lon="145.40645">
        <ele>225.87</ele>
      </trkpt>
      <trkpt lat="-37.826" lon="145.40663">
        <ele>221.84</ele>
      </trkpt>
      <trkpt lat="-37.82598" lon="145.40706">
        <ele>224.47</ele>
      </trkpt>
      <trkpt lat="-37.82594" lon="145.40767">
        <ele>231.45</ele>
      </trkpt>
      <trkpt lat="-37.82589" lon="145.40784">
        <ele>234.56</ele>
      </trkpt>
      <trkpt lat="-37.82587" lon="145.40786">
        <ele>235.17</ele>
      </trkpt>
      <trkpt lat="-37.82587" lon="145.40786">
        <ele>235.17</ele>
      </trkpt>
      <trkpt lat="-37.82587" lon="145.40786">
        <ele>235.17</ele>
      </trkpt>
      <trkpt lat="-37.82587" lon="145.40786">
        <ele>235.17</ele>
      </trkpt>
      <trkpt lat="-37.82582" lon="145.40791">
        <ele>237.03</ele>
      </trkpt>
      <trkpt lat="-37.82581" lon="145.40776">
        <ele>233.23</ele>
      </trkpt>
      <trkpt lat="-37.82579" lon="145.40763">
        <ele>231.56</ele>
      </trkpt>
      <trkpt lat="-37.82578" lon="145.40756">
        <ele>230.56</ele>
      </trkpt>
      <trkpt lat="-37.82544" lon="145.40733">
        <ele>231.94</ele>
      </trkpt>
      <trkpt lat="-37.82523" lon="145.40736">
        <ele>238.29</ele>
      </trkpt>
      <trkpt lat="-37.82507" lon="145.40737">
        <ele>242.78</ele>
      </trkpt>
      <trkpt lat="-37.82497" lon="145.40742">
        <ele>245.54</ele>
      </trkpt>
      <trkpt lat="-37.82496" lon="145.40742">
        <ele>245.39</ele>
      </trkpt>
      <trkpt lat="-37.82462" lon="145.40692">
        <ele>233.3</ele>
      </trkpt>
      <trkpt lat="-37.82439" lon="145.40634">
        <ele>225.69</ele>
      </trkpt>
      <trkpt lat="-37.82421" lon="145.4058">
        <ele>221.53</ele>
      </trkpt>
      <trkpt lat="-37.82408" lon="145.40535">
        <ele>224.23</ele>
      </trkpt>
      <trkpt lat="-37.82396" lon="145.40535">
        <ele>226.3</ele>
      </trkpt>
      <trkpt lat="-37.8238" lon="145.40541">
        <ele>226.81</ele>
      </trkpt>
      <trkpt lat="-37.82345" lon="145.40543">
        <ele>226.27</ele>
      </trkpt>
      <trkpt lat="-37.82338" lon="145.40545">
        <ele>227.48</ele>
      </trkpt>
      <trkpt lat="-37.82307" lon="145.40526">
        <ele>222.53</ele>
      </trkpt>
      <trkpt lat="-37.82265" lon="145.40492">
        <ele>228.5</ele>
      </trkpt>
      <trkpt lat="-37.82238" lon="145.40464">
        <ele>233.11</ele>
      </trkpt>
      <trkpt lat="-37.82192" lon="145.40424">
        <ele>231.05</ele>
      </trkpt>
      <trkpt lat="-37.82177" lon="145.40418">
        <ele>230.62</ele>
      </trkpt>
      <trkpt lat="-37.82166" lon="145.40404">
        <ele>230.07</ele>
      </trkpt>
      <trkpt lat="-37.82146" lon="145.40392">
        <ele>229.14</ele>
      </trkpt>
      <trkpt lat="-37.82084" lon="145.40378">
        <ele>232.21</ele>
      </trkpt>
      <trkpt lat="-37.82037" lon="145.40379">
        <ele>236.29</ele>
      </trkpt>
      <trkpt lat="-37.82014" lon="145.40378">
        <ele>234.06</ele>
      </trkpt>
      <trkpt lat="-37.81987" lon="145.40365">
        <ele>228.88</ele>
      </trkpt>
      <trkpt lat="-37.81933" lon="145.40352">
        <ele>228.88</ele>
      </trkpt>
      <trkpt lat="-37.81917" lon="145.40356">
        <ele>228.74</ele>
      </trkpt>
      <trkpt lat="-37.81885" lon="145.40356">
        <ele>231.59</ele>
      </trkpt>
      <trkpt lat="-37.81836" lon="145.40368">
        <ele>227.78</ele>
      </trkpt>
      <trkpt lat="-37.81806" lon="145.40372">
        <ele>225.01</ele>
      </trkpt>
      <trkpt lat="-37.81788" lon="145.40376">
        <ele>225.39</ele>
      </trkpt>
      <trkpt lat="-37.81763" lon="145.40376">
        <ele>224.93</ele>
      </trkpt>
      <trkpt lat="-37.81756" lon="145.40371">
        <ele>223.86</ele>
      </trkpt>
      <trkpt lat="-37.81766" lon="145.40342">
        <ele>219.23</ele>
      </trkpt>
      <trkpt lat="-37.81772" lon="145.40326">
        <ele>214.76</ele>
      </trkpt>
      <trkpt lat="-37.81775" lon="145.40315">
        <ele>211.61</ele>
      </trkpt>
      <trkpt lat="-37.81779" lon="145.40311">
        <ele>210.01</ele>
      </trkpt>
      <trkpt lat="-37.81779" lon="145.40308">
        <ele>209.36</ele>
      </trkpt>
      <trkpt lat="-37.81782" lon="145.40296">
        <ele>205.45</ele>
      </trkpt>
      <trkpt lat="-37.81791" lon="145.4029">
        <ele>202.86</ele>
      </trkpt>
      <trkpt lat="-37.81797" lon="145.40279">
        <ele>199.61</ele>
      </trkpt>
      <trkpt lat="-37.81804" lon="145.40258">
        <ele>196.72</ele>
      </trkpt>
      <trkpt lat="-37.81803" lon="145.40246">
        <ele>195.65</ele>
      </trkpt>
      <trkpt lat="-37.81812" lon="145.40233">
        <ele>197.86</ele>
      </trkpt>
      <trkpt lat="-37.81814" lon="145.40217">
        <ele>197.77</ele>
      </trkpt>
      <trkpt lat="-37.81799" lon="145.40189">
        <ele>193.12</ele>
      </trkpt>
      <trkpt lat="-37.81742" lon="145.40201">
        <ele>194.49</ele>
      </trkpt>
      <trkpt lat="-37.81663" lon="145.40209">
        <ele>196.56</ele>
      </trkpt>
      <trkpt lat="-37.81589" lon="145.40206">
        <ele>196.62</ele>
      </trkpt>
      <trkpt lat="-37.81558" lon="145.40205">
        <ele>198.92</ele>
      </trkpt>
      <trkpt lat="-37.81467" lon="145.4019">
        <ele>194.23</ele>
      </trkpt>
      <trkpt lat="-37.81443" lon="145.40187">
        <ele>193.22</ele>
      </trkpt>
      <trkpt lat="-37.81302" lon="145.40166">
        <ele>193.3</ele>
      </trkpt>
      <trkpt lat="-37.81186" lon="145.40133">
        <ele>194.55</ele>
      </trkpt>
      <trkpt lat="-37.8118" lon="145.40123">
        <ele>196.78</ele>
      </trkpt>
      <trkpt lat="-37.81174" lon="145.40128">
        <ele>197.94</ele>
      </trkpt>
      <trkpt lat="-37.81142" lon="145.40123">
        <ele>205.47</ele>
      </trkpt>
      <trkpt lat="-37.81131" lon="145.40136">
        <ele>205.21</ele>
      </trkpt>
      <trkpt lat="-37.81128" lon="145.40143">
        <ele>204.27</ele>
      </trkpt>
      <trkpt lat="-37.81123" lon="145.40154">
        <ele>201.81</ele>
      </trkpt>
      <trkpt lat="-37.81112" lon="145.40157">
        <ele>199.89</ele>
      </trkpt>
      <trkpt lat="-37.81103" lon="145.40162">
        <ele>198.05</ele>
      </trkpt>
      <trkpt lat="-37.81098" lon="145.40161">
        <ele>198.16</ele>
      </trkpt>
      <trkpt lat="-37.81085" lon="145.40158">
        <ele>198.56</ele>
      </trkpt>
      <trkpt lat="-37.81063" lon="145.40176">
        <ele>190.67</ele>
      </trkpt>
      <trkpt lat="-37.81052" lon="145.40182">
        <ele>189.32</ele>
      </trkpt>
      <trkpt lat="-37.81029" lon="145.4018">
        <ele>187.49</ele>
      </trkpt>
      <trkpt lat="-37.81025" lon="145.40183">
        <ele>188.2</ele>
      </trkpt>
      <trkpt lat="-37.81023" lon="145.40186">
        <ele>188.86</ele>
      </trkpt>
      <trkpt lat="-37.8102" lon="145.4019">
        <ele>189.66</ele>
      </trkpt>
      <trkpt lat="-37.81016" lon="145.40198">
        <ele>190.42</ele>
      </trkpt>
      <trkpt lat="-37.81018" lon="145.40212">
        <ele>190.35</ele>
      </trkpt>
      <trkpt lat="-37.8089" lon="145.4037">
        <ele>208.71</ele>
      </trkpt>
      <trkpt lat="-37.8088" lon="145.40355">
        <ele>211.02</ele>
      </trkpt>
      <trkpt lat="-37.80873" lon="145.40343">
        <ele>212.35</ele>
      </trkpt>
      <trkpt lat="-37.80869" lon="145.4033">
        <ele>212.89</ele>
      </trkpt>
      <trkpt lat="-37.80867" lon="145.40318">
        <ele>212.96</ele>
      </trkpt>
      <trkpt lat="-37.80862" lon="145.40308">
        <ele>213.86</ele>
      </trkpt>
      <trkpt lat="-37.80845" lon="145.40292">
        <ele>212.79</ele>
      </trkpt>
      <trkpt lat="-37.80832" lon="145.40263">
        <ele>213.86</ele>
      </trkpt>
      <trkpt lat="-37.80827" lon="145.40248">
        <ele>213.54</ele>
      </trkpt>
      <trkpt lat="-37.80823" lon="145.40236">
        <ele>213.5</ele>
      </trkpt>
      <trkpt lat="-37.80821" lon="145.40219">
        <ele>213.86</ele>
      </trkpt>
      <trkpt lat="-37.80818" lon="145.40199">
        <ele>214.28</ele>
      </trkpt>
      <trkpt lat="-37.80819" lon="145.40175">
        <ele>214.86</ele>
      </trkpt>
      <trkpt lat="-37.80821" lon="145.40166">
        <ele>214.39</ele>
      </trkpt>
      <trkpt lat="-37.80825" lon="145.4016">
        <ele>213.34</ele>
      </trkpt>
      <trkpt lat="-37.80835" lon="145.40155">
        <ele>209.93</ele>
      </trkpt>
      <trkpt lat="-37.80842" lon="145.40148">
        <ele>208.27</ele>
      </trkpt>
      <trkpt lat="-37.8085" lon="145.40137">
        <ele>207.93</ele>
      </trkpt>
      <trkpt lat="-37.80854" lon="145.4013">
        <ele>207.75</ele>
      </trkpt>
      <trkpt lat="-37.8086" lon="145.40123">
        <ele>206.69</ele>
      </trkpt>
      <trkpt lat="-37.80869" lon="145.40119">
        <ele>205.85</ele>
      </trkpt>
      <trkpt lat="-37.80883" lon="145.4012">
        <ele>203.66</ele>
      </trkpt>
      <trkpt lat="-37.80896" lon="145.40122">
        <ele>201.99</ele>
      </trkpt>
      <trkpt lat="-37.80913" lon="145.40114">
        <ele>204.45</ele>
      </trkpt>
      <trkpt lat="-37.80921" lon="145.40109">
        <ele>205.34</ele>
      </trkpt>
      <trkpt lat="-37.80942" lon="145.40075">
        <ele>206.47</ele>
      </trkpt>
      <trkpt lat="-37.80951" lon="145.40057">
        <ele>202.94</ele>
      </trkpt>
      <trkpt lat="-37.80962" lon="145.40038">
        <ele>204.0</ele>
      </trkpt>
      <trkpt lat="-37.80973" lon="145.40028">
        <ele>203.99</ele>
      </trkpt>
      <trkpt lat="-37.80985" lon="145.40019">
        <ele>208.49</ele>
      </trkpt>
      <trkpt lat="-37.80993" lon="145.4001">
        <ele>214.02</ele>
      </trkpt>
      <trkpt lat="-37.80997" lon="145.40001">
        <ele>219.69</ele>
      </trkpt>
      <trkpt lat="-37.80999" lon="145.39991">
        <ele>220.85</ele>
      </trkpt>
      <trkpt lat="-37.81" lon="145.39974">
        <ele>221.0</ele>
      </trkpt>
      <trkpt lat="-37.80997" lon="145.3996">
        <ele>221.36</ele>
      </trkpt>
      <trkpt lat="-37.8099" lon="145.39948">
        <ele>222.66</ele>
      </trkpt>
      <trkpt lat="-37.80987" lon="145.39941">
        <ele>223.27</ele>
      </trkpt>
      <trkpt lat="-37.80986" lon="145.3994">
        <ele>223.44</ele>
      </trkpt>
      <trkpt lat="-37.80986" lon="145.3994">
        <ele>223.44</ele>
      </trkpt>
      <trkpt lat="-37.80986" lon="145.3994">
        <ele>223.44</ele>
      </trkpt>
      <trkpt lat="-37.80982" lon="145.39933">
        <ele>224.09</ele>
      </trkpt>
      <trkpt lat="-37.80972" lon="145.39918">
        <ele>225.99</ele>
      </trkpt>
      <trkpt lat="-37.80965" lon="145.39905">
        <ele>224.7</ele>
      </trkpt>
      <trkpt lat="-37.80958" lon="145.3989">
        <ele>223.59</ele>
      </trkpt>
      <trkpt lat="-37.80954" lon="145.39883">
        <ele>223.23</ele>
      </trkpt>
      <trkpt lat="-37.80951" lon="145.39878">
        <ele>222.98</ele>
      </trkpt>
      <trkpt lat="-37.80947" lon="145.39863">
        <ele>222.04</ele>
      </trkpt>
      <trkpt lat="-37.80946" lon="145.39855">
        <ele>221.89</ele>
      </trkpt>
      <trkpt lat="-37.80944" lon="145.39843">
        <ele>221.97</ele>
      </trkpt>
      <trkpt lat="-37.8094" lon="145.39832">
        <ele>221.78</ele>
      </trkpt>
      <trkpt lat="-37.80934" lon="145.39819">
        <ele>222.47</ele>
      </trkpt>
      <trkpt lat="-37.80926" lon="145.39807">
        <ele>223.2</ele>
      </trkpt>
      <trkpt lat="-37.80913" lon="145.39796">
        <ele>222.3</ele>
      </trkpt>
      <trkpt lat="-37.80901" lon="145.39787">
        <ele>220.94</ele>
      </trkpt>
      <trkpt lat="-37.8089" lon="145.39781">
        <ele>220.52</ele>
      </trkpt>
      <trkpt lat="-37.80875" lon="145.39779">
        <ele>216.8</ele>
      </trkpt>
      <trkpt lat="-37.80864" lon="145.39779">
        <ele>213.65</ele>
      </trkpt>
      <trkpt lat="-37.80853" lon="145.39778">
        <ele>212.97</ele>
      </trkpt>
      <trkpt lat="-37.80845" lon="145.39778">
        <ele>212.97</ele>
      </trkpt>
      <trkpt lat="-37.80829" lon="145.39775">
        <ele>213.6</ele>
      </trkpt>
      <trkpt lat="-37.80816" lon="145.39766">
        <ele>215.83</ele>
      </trkpt>
      <trkpt lat="-37.80807" lon="145.39756">
        <ele>218.11</ele>
      </trkpt>
      <trkpt lat="-37.80791" lon="145.39728">
        <ele>222.38</ele>
      </trkpt>
      <trkpt lat="-37.80775" lon="145.39706">
        <ele>224.9</ele>
      </trkpt>
      <trkpt lat="-37.80759" lon="145.39683">
        <ele>224.19</ele>
      </trkpt>
      <trkpt lat="-37.80746" lon="145.3967">
        <ele>224.06</ele>
      </trkpt>
      <trkpt lat="-37.80718" lon="145.39652">
        <ele>222.4</ele>
      </trkpt>
      <trkpt lat="-37.80709" lon="145.39645">
        <ele>219.7</ele>
      </trkpt>
      <trkpt lat="-37.80698" lon="145.39636">
        <ele>217.19</ele>
      </trkpt>
      <trkpt lat="-37.80691" lon="145.39631">
        <ele>216.8</ele>
      </trkpt>
      <trkpt lat="-37.80678" lon="145.39629">
        <ele>217.03</ele>
      </trkpt>
      <trkpt lat="-37.80656" lon="145.3963">
        <ele>217.87</ele>
      </trkpt>
      <trkpt lat="-37.80639" lon="145.39634">
        <ele>218.82</ele>
      </trkpt>
      <trkpt lat="-37.80624" lon="145.39636">
        <ele>220.28</ele>
      </trkpt>
      <trkpt lat="-37.80613" lon="145.39636">
        <ele>221.3</ele>
      </trkpt>
      <trkpt lat="-37.80608" lon="145.3963">
        <ele>221.22</ele>
      </trkpt>
      <trkpt lat="-37.80603" lon="145.39611">
        <ele>219.92</ele>
      </trkpt>
      <trkpt lat="-37.80598" lon="145.39594">
        <ele>221.21</ele>
      </trkpt>
      <trkpt lat="-37.80591" lon="145.39576">
        <ele>220.72</ele>
      </trkpt>
      <trkpt lat="-37.80583" lon="145.3956">
        <ele>218.87</ele>
      </trkpt>
      <trkpt lat="-37.80572" lon="145.39548">
        <ele>219.24</ele>
      </trkpt>
      <trkpt lat="-37.8056" lon="145.3954">
        <ele>219.1</ele>
      </trkpt>
      <trkpt lat="-37.80552" lon="145.39537">
        <ele>218.49</ele>
      </trkpt>
      <trkpt lat="-37.80542" lon="145.39538">
        <ele>218.23</ele>
      </trkpt>
      <trkpt lat="-37.80518" lon="145.39546">
        <ele>218.5</ele>
      </trkpt>
      <trkpt lat="-37.80493" lon="145.39552">
        <ele>218.57</ele>
      </trkpt>
      <trkpt lat="-37.80482" lon="145.39557">
        <ele>218.93</ele>
      </trkpt>
      <trkpt lat="-37.80476" lon="145.39565">
        <ele>219.68</ele>
      </trkpt>
      <trkpt lat="-37.80466" lon="145.39583">
        <ele>219.72</ele>
      </trkpt>
      <trkpt lat="-37.80437" lon="145.39603">
        <ele>206.87</ele>
      </trkpt>
      <trkpt lat="-37.80426" lon="145.3962">
        <ele>202.58</ele>
      </trkpt>
      <trkpt lat="-37.80416" lon="145.39641">
        <ele>199.41</ele>
      </trkpt>
      <trkpt lat="-37.80407" lon="145.39668">
        <ele>205.05</ele>
      </trkpt>
      <trkpt lat="-37.80399" lon="145.39698">
        <ele>212.51</ele>
      </trkpt>
      <trkpt lat="-37.80395" lon="145.39723">
        <ele>215.33</ele>
      </trkpt>
      <trkpt lat="-37.8039" lon="145.39733">
        <ele>216.59</ele>
      </trkpt>
      <trkpt lat="-37.80385" lon="145.39737">
        <ele>217.53</ele>
      </trkpt>
      <trkpt lat="-37.80378" lon="145.39735">
        <ele>218.08</ele>
      </trkpt>
      <trkpt lat="-37.80367" lon="145.39724">
        <ele>218.99</ele>
      </trkpt>
      <trkpt lat="-37.80355" lon="145.39704">
        <ele>217.59</ele>
      </trkpt>
      <trkpt lat="-37.80347" lon="145.39694">
        <ele>217.56</ele>
      </trkpt>
      <trkpt lat="-37.80326" lon="145.39696">
        <ele>220.33</ele>
      </trkpt>
      <trkpt lat="-37.80306" lon="145.39702">
        <ele>220.73</ele>
      </trkpt>
      <trkpt lat="-37.80285" lon="145.39706">
        <ele>220.03</ele>
      </trkpt>
      <trkpt lat="-37.80243" lon="145.39716">
        <ele>217.58</ele>
      </trkpt>
      <trkpt lat="-37.80187" lon="145.39725">
        <ele>211.04</ele>
      </trkpt>
      <trkpt lat="-37.80129" lon="145.39732">
        <ele>199.87</ele>
      </trkpt>
      <trkpt lat="-37.80119" lon="145.39727">
        <ele>196.81</ele>
      </trkpt>
      <trkpt lat="-37.80095" lon="145.39711">
        <ele>196.37</ele>
      </trkpt>
      <trkpt lat="-37.80058" lon="145.39664">
        <ele>197.95</ele>
      </trkpt>
      <trkpt lat="-37.80048" lon="145.39643">
        <ele>199.4</ele>
      </trkpt>
      <trkpt lat="-37.80042" lon="145.3962">
        <ele>199.96</ele>
      </trkpt>
      <trkpt lat="-37.80018" lon="145.39575">
        <ele>200.57</ele>
      </trkpt>
      <trkpt lat="-37.79999" lon="145.39551">
        <ele>199.12</ele>
      </trkpt>
      <trkpt lat="-37.79919" lon="145.39435">
        <ele>190.78</ele>
      </trkpt>
      <trkpt lat="-37.79912" lon="145.39427">
        <ele>191.59</ele>
      </trkpt>
      <trkpt lat="-37.79912" lon="145.39427">
        <ele>191.59</ele>
      </trkpt>
      <trkpt lat="-37.79912" lon="145.39427">
        <ele>191.59</ele>
      </trkpt>
      <trkpt lat="-37.79895" lon="145.39406">
        <ele>193.32</ele>
      </trkpt>
      <trkpt lat="-37.79874" lon="145.3938">
        <ele>196.96</ele>
      </trkpt>
      <trkpt lat="-37.79863" lon="145.39361">
        <ele>198.93</ele>
      </trkpt>
      <trkpt lat="-37.79851" lon="145.39343">
        <ele>199.49</ele>
      </trkpt>
      <trkpt lat="-37.79835" lon="145.39314">
        <ele>199.29</ele>
      </trkpt>
      <trkpt lat="-37.79818" lon="145.39281">
        <ele>195.58</ele>
      </trkpt>
      <trkpt lat="-37.79794" lon="145.39276">
        <ele>197.0</ele>
      </trkpt>
      <trkpt lat="-37.79779" lon="145.39255">
        <ele>200.02</ele>
      </trkpt>
      <trkpt lat="-37.79768" lon="145.39228">
        <ele>200.0</ele>
      </trkpt>
      <trkpt lat="-37.79763" lon="145.3921">
        <ele>200.47</ele>
      </trkpt>
      <trkpt lat="-37.79772" lon="145.39189">
        <ele>200.42</ele>
      </trkpt>
      <trkpt lat="-37.79772" lon="145.39177">
        <ele>200.42</ele>
      </trkpt>
      <trkpt lat="-37.79766" lon="145.39168">
        <ele>200.85</ele>
      </trkpt>
      <trkpt lat="-37.79751" lon="145.39165">
        <ele>201.99</ele>
      </trkpt>
      <trkpt lat="-37.79738" lon="145.39132">
        <ele>205.36</ele>
      </trkpt>
      <trkpt lat="-37.79731" lon="145.39091">
        <ele>208.74</ele>
      </trkpt>
      <trkpt lat="-37.79728" lon="145.39078">
        <ele>208.81</ele>
      </trkpt>
      <trkpt lat="-37.7973" lon="145.39052">
        <ele>207.54</ele>
      </trkpt>
      <trkpt lat="-37.79725" lon="145.39029">
        <ele>203.7</ele>
      </trkpt>
      <trkpt lat="-37.79723" lon="145.39025">
        <ele>202.95</ele>
      </trkpt>
      <trkpt lat="-37.79723" lon="145.39025">
        <ele>202.95</ele>
      </trkpt>
      <trkpt lat="-37.79723" lon="145.39025">
        <ele>202.95</ele>
      </trkpt>
      <trkpt lat="-37.79711" lon="145.39009">
        <ele>202.03</ele>
      </trkpt>
      <trkpt lat="-37.79708" lon="145.39002">
        <ele>200.85</ele>
      </trkpt>
      <trkpt lat="-37.79701" lon="145.38988">
        <ele>198.71</ele>
      </trkpt>
      <trkpt lat="-37.79681" lon="145.38972">
        <ele>196.46</ele>
      </trkpt>
      <trkpt lat="-37.79671" lon="145.38954">
        <ele>193.87</ele>
      </trkpt>
      <trkpt lat="-37.79633" lon="145.38939">
        <ele>195.6</ele>
      </trkpt>
      <trkpt lat="-37.79593" lon="145.38925">
        <ele>202.52</ele>
      </trkpt>
      <trkpt lat="-37.79576" lon="145.38919">
        <ele>204.84</ele>
      </trkpt>
      <trkpt lat="-37.7957" lon="145.38917">
        <ele>205.0</ele>
      </trkpt>
      <trkpt lat="-37.79563" lon="145.38916">
        <ele>205.46</ele>
      </trkpt>
      <trkpt lat="-37.79552" lon="145.38912">
        <ele>205.96</ele>
      </trkpt>
      <trkpt lat="-37.79524" lon="145.38883">
        <ele>203.96</ele>
      </trkpt>
      <trkpt lat="-37.79479" lon="145.3887">
        <ele>209.9</ele>
      </trkpt>
      <trkpt lat="-37.79469" lon="145.38875">
        <ele>210.35</ele>
      </trkpt>
      <trkpt lat="-37.79469" lon="145.38875">
        <ele>210.35</ele>
      </trkpt>
      <trkpt lat="-37.79469" lon="145.38875">
        <ele>210.35</ele>
      </trkpt>
      <trkpt lat="-37.79456" lon="145.3888">
        <ele>211.24</ele>
      </trkpt>
      <trkpt lat="-37.7944" lon="145.38877">
        <ele>212.74</ele>
      </trkpt>
      <trkpt lat="-37.79423" lon="145.38881">
        <ele>212.46</ele>
      </trkpt>
      <trkpt lat="-37.79401" lon="145.38876">
        <ele>211.17</ele>
      </trkpt>
      <trkpt lat="-37.79388" lon="145.38869">
        <ele>210.72</ele>
      </trkpt>
      <trkpt lat="-37.79353" lon="145.38867">
        <ele>209.36</ele>
      </trkpt>
      <trkpt lat="-37.79332" lon="145.38875">
        <ele>207.43</ele>
      </trkpt>
      <trkpt lat="-37.79316" lon="145.3888">
        <ele>207.44</ele>
      </trkpt>
      <trkpt lat="-37.7931" lon="145.38885">
        <ele>208.23</ele>
      </trkpt>
      <trkpt lat="-37.79253" lon="145.38881">
        <ele>209.72</ele>
      </trkpt>
      <trkpt lat="-37.79209" lon="145.38876">
        <ele>211.25</ele>
      </trkpt>
      <trkpt lat="-37.7919" lon="145.38875">
        <ele>211.0</ele>
      </trkpt>
      <trkpt lat="-37.7917" lon="145.3887">
        <ele>211.68</ele>
      </trkpt>
      <trkpt lat="-37.79155" lon="145.38868">
        <ele>213.79</ele>
      </trkpt>
      <trkpt lat="-37.79126" lon="145.38862">
        <ele>215.53</ele>
      </trkpt>
      <trkpt lat="-37.7912" lon="145.3886">
        <ele>214.88</ele>
      </trkpt>
      <trkpt lat="-37.79107" lon="145.38855">
        <ele>211.82</ele>
      </trkpt>
      <trkpt lat="-37.79091" lon="145.38849">
        <ele>206.06</ele>
      </trkpt>
      <trkpt lat="-37.79074" lon="145.38841">
        <ele>201.8</ele>
      </trkpt>
      <trkpt lat="-37.79066" lon="145.38836">
        <ele>199.59</ele>
      </trkpt>
      <trkpt lat="-37.79043" lon="145.38819">
        <ele>199.6</ele>
      </trkpt>
      <trkpt lat="-37.79031" lon="145.38808">
        <ele>200.09</ele>
      </trkpt>
      <trkpt lat="-37.79011" lon="145.38792">
        <ele>205.55</ele>
      </trkpt>
      <trkpt lat="-37.79007" lon="145.38788">
        <ele>206.85</ele>
      </trkpt>
      <trkpt lat="-37.79002" lon="145.38785">
        <ele>208.54</ele>
      </trkpt>
      <trkpt lat="-37.78995" lon="145.38778">
        <ele>208.47</ele>
      </trkpt>
      <trkpt lat="-37.78976" lon="145.38761">
        <ele>203.42</ele>
      </trkpt>
      <trkpt lat="-37.7895" lon="145.3874">
        <ele>196.63</ele>
      </trkpt>
      <trkpt lat="-37.78927" lon="145.38726">
        <ele>194.66</ele>
      </trkpt>
      <trkpt lat="-37.7891" lon="145.38715">
        <ele>192.99</ele>
      </trkpt>
      <trkpt lat="-37.78889" lon="145.38701">
        <ele>192.76</ele>
      </trkpt>
      <trkpt lat="-37.78874" lon="145.38691">
        <ele>192.18</ele>
      </trkpt>
      <trkpt lat="-37.78876" lon="145.38685">
        <ele>192.75</ele>
      </trkpt>
      <trkpt lat="-37.78879" lon="145.38678">
        <ele>193.47</ele>
      </trkpt>
      <trkpt lat="-37.78883" lon="145.38663">
        <ele>195.35</ele>
      </trkpt>
      <trkpt lat="-37.78885" lon="145.38656">
        <ele>196.86</ele>
      </trkpt>
      <trkpt lat="-37.78878" lon="145.38654">
        <ele>197.21</ele>
      </trkpt>
      <trkpt lat="-37.78874" lon="145.38648">
        <ele>198.73</ele>
      </trkpt>
      <trkpt lat="-37.78824" lon="145.38499">
        <ele>202.53</ele>
      </trkpt>
      <trkpt lat="-37.78809" lon="145.38457">
        <ele>205.24</ele>
      </trkpt>
      <trkpt lat="-37.78797" lon="145.38412">
        <ele>207.55</ele>
      </trkpt>
      <trkpt lat="-37.78793" lon="145.38398">
        <ele>204.39</ele>
      </trkpt>
      <trkpt lat="-37.78791" lon="145.38391">
        <ele>203.02</ele>
      </trkpt>
      <trkpt lat="-37.78791" lon="145.38391">
        <ele>203.02</ele>
      </trkpt>
      <trkpt lat="-37.78786" lon="145.38371">
        <ele>203.83</ele>
      </trkpt>
      <trkpt lat="-37.78771" lon="145.3832">
        <ele>208.6</ele>
      </trkpt>
      <trkpt lat="-37.78767" lon="145.38303">
        <ele>211.96</ele>
      </trkpt>
      <trkpt lat="-37.7876" lon="145.38253">
        <ele>214.0</ele>
      </trkpt>
      <trkpt lat="-37.78744" lon="145.3815">
        <ele>218.52</ele>
      </trkpt>
      <trkpt lat="-37.78716" lon="145.38095">
        <ele>217.28</ele>
      </trkpt>
      <trkpt lat="-37.78702" lon="145.38072">
        <ele>219.89</ele>
      </trkpt>
      <trkpt lat="-37.78701" lon="145.38067">
        <ele>220.31</ele>
      </trkpt>
      <trkpt lat="-37.787" lon="145.38063">
        <ele>220.68</ele>
      </trkpt>
      <trkpt lat="-37.787" lon="145.38057">
        <ele>220.94</ele>
      </trkpt>
      <trkpt lat="-37.78699" lon="145.3805">
        <ele>221.25</ele>
      </trkpt>
      <trkpt lat="-37.78699" lon="145.38043">
        <ele>221.33</ele>
      </trkpt>
      <trkpt lat="-37.78699" lon="145.38036">
        <ele>221.41</ele>
      </trkpt>
      <trkpt lat="-37.78697" lon="145.38031">
        <ele>221.7</ele>
      </trkpt>
      <trkpt lat="-37.78695" lon="145.38025">
        <ele>221.25</ele>
      </trkpt>
      <trkpt lat="-37.78693" lon="145.3802">
        <ele>220.0</ele>
      </trkpt>
      <trkpt lat="-37.78689" lon="145.38014">
        <ele>218.43</ele>
      </trkpt>
      <trkpt lat="-37.78695" lon="145.38">
        <ele>215.08</ele>
      </trkpt>
      <trkpt lat="-37.78701" lon="145.37984">
        <ele>213.47</ele>
      </trkpt>
      <trkpt lat="-37.78722" lon="145.37934">
        <ele>213.79</ele>
      </trkpt>
      <trkpt lat="-37.78724" lon="145.37928">
        <ele>213.07</ele>
      </trkpt>
      <trkpt lat="-37.78748" lon="145.37866">
        <ele>204.88</ele>
      </trkpt>
      <trkpt lat="-37.78755" lon="145.3785">
        <ele>202.62</ele>
      </trkpt>
      <trkpt lat="-37.78751" lon="145.3785">
        <ele>202.76</ele>
      </trkpt>
      <trkpt lat="-37.7875" lon="145.3785">
        <ele>202.8</ele>
      </trkpt>
      <trkpt lat="-37.78743" lon="145.37845">
        <ele>202.11</ele>
      </trkpt>
      <trkpt lat="-37.78743" lon="145.37845">
        <ele>202.11</ele>
      </trkpt>
      <trkpt lat="-37.78743" lon="145.37845">
        <ele>202.11</ele>
      </trkpt>
      <trkpt lat="-37.78743" lon="145.37845">
        <ele>202.11</ele>
      </trkpt>
      <trkpt lat="-37.78743" lon="145.37845">
        <ele>202.11</ele>
      </trkpt>
      <trkpt lat="-37.78718" lon="145.37822">
        <ele>200.23</ele>
      </trkpt>
      <trkpt lat="-37.78705" lon="145.37816">
        <ele>201.7</ele>
      </trkpt>
      <trkpt lat="-37.7869" lon="145.37819">
        <ele>203.53</ele>
      </trkpt>
      <trkpt lat="-37.78688" lon="145.37797">
        <ele>201.62</ele>
      </trkpt>
      <trkpt lat="-37.78686" lon="145.37787">
        <ele>200.97</ele>
      </trkpt>
      <trkpt lat="-37.78679" lon="145.37778">
        <ele>200.57</ele>
      </trkpt>
      <trkpt lat="-37.7867" lon="145.37768">
        <ele>200.4</ele>
      </trkpt>
      <trkpt lat="-37.78654" lon="145.37753">
        <ele>201.98</ele>
      </trkpt>
      <trkpt lat="-37.78651" lon="145.3775">
        <ele>202.26</ele>
      </trkpt>
      <trkpt lat="-37.78642" lon="145.37733">
        <ele>200.9</ele>
      </trkpt>
      <trkpt lat="-37.78619" lon="145.37679">
        <ele>199.0</ele>
      </trkpt>
      <trkpt lat="-37.78601" lon="145.37658">
        <ele>199.9</ele>
      </trkpt>
      <trkpt lat="-37.7858" lon="145.37642">
        <ele>198.75</ele>
      </trkpt>
      <trkpt lat="-37.7855" lon="145.37629">
        <ele>208.47</ele>
      </trkpt>
      <trkpt lat="-37.78538" lon="145.3755">
        <ele>209.51</ele>
      </trkpt>
      <trkpt lat="-37.78525" lon="145.37526">
        <ele>211.09</ele>
      </trkpt>
      <trkpt lat="-37.78508" lon="145.375">
        <ele>212.56</ele>
      </trkpt>
      <trkpt lat="-37.78505" lon="145.37483">
        <ele>212.49</ele>
      </trkpt>
      <trkpt lat="-37.78507" lon="145.37467">
        <ele>211.55</ele>
      </trkpt>
      <trkpt lat="-37.78523" lon="145.37397">
        <ele>208.22</ele>
      </trkpt>
      <trkpt lat="-37.78527" lon="145.37388">
        <ele>208.03</ele>
      </trkpt>
      <trkpt lat="-37.78537" lon="145.37373">
        <ele>208.71</ele>
      </trkpt>
      <trkpt lat="-37.78561" lon="145.37347">
        <ele>211.12</ele>
      </trkpt>
      <trkpt lat="-37.78562" lon="145.37344">
        <ele>211.15</ele>
      </trkpt>
      <trkpt lat="-37.78564" lon="145.37328">
        <ele>211.2</ele>
      </trkpt>
      <trkpt lat="-37.7856" lon="145.37294">
        <ele>209.65</ele>
      </trkpt>
      <trkpt lat="-37.78556" lon="145.37262">
        <ele>202.7</ele>
      </trkpt>
      <trkpt lat="-37.78555" lon="145.37253">
        <ele>199.24</ele>
      </trkpt>
      <trkpt lat="-37.78547" lon="145.37243">
        <ele>197.51</ele>
      </trkpt>
      <trkpt lat="-37.78535" lon="145.37239">
        <ele>197.65</ele>
      </trkpt>
      <trkpt lat="-37.78503" lon="145.37233">
        <ele>197.86</ele>
      </trkpt>
      <trkpt lat="-37.78469" lon="145.37235">
        <ele>197.87</ele>
      </trkpt>
      <trkpt lat="-37.78434" lon="145.37243">
        <ele>208.68</ele>
      </trkpt>
      <trkpt lat="-37.78422" lon="145.37242">
        <ele>209.76</ele>
      </trkpt>
      <trkpt lat="-37.78411" lon="145.37236">
        <ele>211.32</ele>
      </trkpt>
      <trkpt lat="-37.78396" lon="145.37212">
        <ele>212.97</ele>
      </trkpt>
      <trkpt lat="-37.78392" lon="145.37192">
        <ele>211.45</ele>
      </trkpt>
      <trkpt lat="-37.7839" lon="145.3717">
        <ele>209.98</ele>
      </trkpt>
      <trkpt lat="-37.78388" lon="145.37162">
        <ele>209.91</ele>
      </trkpt>
      <trkpt lat="-37.78386" lon="145.3715">
        <ele>209.52</ele>
      </trkpt>
      <trkpt lat="-37.78386" lon="145.37134">
        <ele>208.59</ele>
      </trkpt>
      <trkpt lat="-37.78388" lon="145.37104">
        <ele>206.43</ele>
      </trkpt>
      <trkpt lat="-37.78402" lon="145.37036">
        <ele>205.19</ele>
      </trkpt>
      <trkpt lat="-37.78406" lon="145.36993">
        <ele>207.92</ele>
      </trkpt>
      <trkpt lat="-37.78405" lon="145.36986">
        <ele>208.1</ele>
      </trkpt>
      <trkpt lat="-37.78404" lon="145.36969">
        <ele>208.22</ele>
      </trkpt>
      <trkpt lat="-37.78401" lon="145.36951">
        <ele>208.49</ele>
      </trkpt>
      <trkpt lat="-37.78394" lon="145.36936">
        <ele>209.4</ele>
      </trkpt>
      <trkpt lat="-37.78384" lon="145.3693">
        <ele>209.86</ele>
      </trkpt>
      <trkpt lat="-37.78379" lon="145.36919">
        <ele>208.55</ele>
      </trkpt>
      <trkpt lat="-37.78381" lon="145.36892">
        <ele>207.29</ele>
      </trkpt>
      <trkpt lat="-37.78379" lon="145.36877">
        <ele>206.35</ele>
      </trkpt>
      <trkpt lat="-37.78367" lon="145.3684">
        <ele>202.77</ele>
      </trkpt>
      <trkpt lat="-37.78361" lon="145.36799">
        <ele>198.03</ele>
      </trkpt>
      <trkpt lat="-37.78357" lon="145.36764">
        <ele>195.13</ele>
      </trkpt>
      <trkpt lat="-37.78361" lon="145.36749">
        <ele>196.02</ele>
      </trkpt>
      <trkpt lat="-37.78374" lon="145.36729">
        <ele>197.46</ele>
      </trkpt>
      <trkpt lat="-37.78394" lon="145.36705">
        <ele>197.78</ele>
      </trkpt>
      <trkpt lat="-37.78416" lon="145.36699">
        <ele>202.98</ele>
      </trkpt>
      <trkpt lat="-37.78418" lon="145.36688">
        <ele>201.53</ele>
      </trkpt>
      <trkpt lat="-37.78423" lon="145.36678">
        <ele>199.36</ele>
      </trkpt>
      <trkpt lat="-37.78421" lon="145.36666">
        <ele>195.96</ele>
      </trkpt>
      <trkpt lat="-37.78428" lon="145.36658">
        <ele>193.91</ele>
      </trkpt>
      <trkpt lat="-37.78428" lon="145.36646">
        <ele>190.46</ele>
      </trkpt>
      <trkpt lat="-37.78438" lon="145.36631">
        <ele>186.67</ele>
      </trkpt>
      <trkpt lat="-37.78473" lon="145.36494">
        <ele>167.06</ele>
      </trkpt>
      <trkpt lat="-37.78492" lon="145.36424">
        <ele>142.51</ele>
      </trkpt>
      <trkpt lat="-37.78528" lon="145.3627">
        <ele>116.7</ele>
      </trkpt>
      <trkpt lat="-37.78528" lon="145.3627">
        <ele>116.7</ele>
      </trkpt>
      <trkpt lat="-37.78532" lon="145.36163">
        <ele>103.91</ele>
      </trkpt>
      <trkpt lat="-37.78532" lon="145.36163">
        <ele>103.91</ele>
      </trkpt>
      <trkpt lat="-37.78532" lon="145.36165">
        <ele>103.96</ele>
      </trkpt>
      <trkpt lat="-37.78526" lon="145.36167">
        <ele>104.34</ele>
      </trkpt>
      <trkpt lat="-37.78504" lon="145.36167">
        <ele>108.34</ele>
      </trkpt>
      <trkpt lat="-37.78485" lon="145.36169">
        <ele>114.59</ele>
      </trkpt>
      <trkpt lat="-37.78461" lon="145.36173">
        <ele>118.59</ele>
      </trkpt>
      <trkpt lat="-37.78445" lon="145.36186">
        <ele>116.94</ele>
      </trkpt>
      <trkpt lat="-37.78426" lon="145.36196">
        <ele>111.2</ele>
      </trkpt>
      <trkpt lat="-37.78413" lon="145.36202">
        <ele>108.67</ele>
      </trkpt>
      <trkpt lat="-37.78395" lon="145.36201">
        <ele>108.35</ele>
      </trkpt>
      <trkpt lat="-37.78381" lon="145.362">
        <ele>108.31</ele>
      </trkpt>
      <trkpt lat="-37.78365" lon="145.36206">
        <ele>110.99</ele>
      </trkpt>
      <trkpt lat="-37.78347" lon="145.36228">
        <ele>120.19</ele>
      </trkpt>
      <trkpt lat="-37.78339" lon="145.36235">
        <ele>119.53</ele>
      </trkpt>
      <trkpt lat="-37.78321" lon="145.36237">
        <ele>120.16</ele>
      </trkpt>
      <trkpt lat="-37.78305" lon="145.36237">
        <ele>121.19</ele>
      </trkpt>
      <trkpt lat="-37.78254" lon="145.3624">
        <ele>113.22</ele>
      </trkpt>
      <trkpt lat="-37.78242" lon="145.36239">
        <ele>112.62</ele>
      </trkpt>
      <trkpt lat="-37.78231" lon="145.36244">
        <ele>112.53</ele>
      </trkpt>
      <trkpt lat="-37.78217" lon="145.36254">
        <ele>112.25</ele>
      </trkpt>
      <trkpt lat="-37.78211" lon="145.36257">
        <ele>111.64</ele>
      </trkpt>
      <trkpt lat="-37.78207" lon="145.36257">
        <ele>111.42</ele>
      </trkpt>
      <trkpt lat="-37.78194" lon="145.36249">
        <ele>110.91</ele>
      </trkpt>
      <trkpt lat="-37.78189" lon="145.36246">
        <ele>110.57</ele>
      </trkpt>
      <trkpt lat="-37.78181" lon="145.36246">
        <ele>110.37</ele>
      </trkpt>
      <trkpt lat="-37.78163" lon="145.36245">
        <ele>109.54</ele>
      </trkpt>
      <trkpt lat="-37.78155" lon="145.36246">
        <ele>108.5</ele>
      </trkpt>
      <trkpt lat="-37.7814" lon="145.36243">
        <ele>106.89</ele>
      </trkpt>
      <trkpt lat="-37.78133" lon="145.36243">
        <ele>105.85</ele>
      </trkpt>
      <trkpt lat="-37.78102" lon="145.3625">
        <ele>102.36</ele>
      </trkpt>
      <trkpt lat="-37.78092" lon="145.36251">
        <ele>100.68</ele>
      </trkpt>
      <trkpt lat="-37.78087" lon="145.36247">
        <ele>99.29</ele>
      </trkpt>
      <trkpt lat="-37.78083" lon="145.36241">
        <ele>98.05</ele>
      </trkpt>
      <trkpt lat="-37.78083" lon="145.36241">
        <ele>98.05</ele>
      </trkpt>
      <trkpt lat="-37.78083" lon="145.36241">
        <ele>98.05</ele>
      </trkpt>
      <trkpt lat="-37.78071" lon="145.36218">
        <ele>97.6</ele>
      </trkpt>
      <trkpt lat="-37.78065" lon="145.36206">
        <ele>99.52</ele>
      </trkpt>
      <trkpt lat="-37.78055" lon="145.36197">
        <ele>102.65</ele>
      </trkpt>
      <trkpt lat="-37.78038" lon="145.36193">
        <ele>103.59</ele>
      </trkpt>
      <trkpt lat="-37.78028" lon="145.36188">
        <ele>104.21</ele>
      </trkpt>
      <trkpt lat="-37.78012" lon="145.36175">
        <ele>101.06</ele>
      </trkpt>
      <trkpt lat="-37.78005" lon="145.36172">
        <ele>99.38</ele>
      </trkpt>
      <trkpt lat="-37.77995" lon="145.36172">
        <ele>99.06</ele>
      </trkpt>
      <trkpt lat="-37.77987" lon="145.36169">
        <ele>100.38</ele>
      </trkpt>
      <trkpt lat="-37.77973" lon="145.36157">
        <ele>101.16</ele>
      </trkpt>
      <trkpt lat="-37.77956" lon="145.36148">
        <ele>103.56</ele>
      </trkpt>
      <trkpt lat="-37.77949" lon="145.36139">
        <ele>106.35</ele>
      </trkpt>
      <trkpt lat="-37.77944" lon="145.36123">
        <ele>107.4</ele>
      </trkpt>
      <trkpt lat="-37.77943" lon="145.36106">
        <ele>105.91</ele>
      </trkpt>
      <trkpt lat="-37.7794" lon="145.3609">
        <ele>103.13</ele>
      </trkpt>
      <trkpt lat="-37.77936" lon="145.36081">
        <ele>103.09</ele>
      </trkpt>
      <trkpt lat="-37.7793" lon="145.36076">
        <ele>104.62</ele>
      </trkpt>
      <trkpt lat="-37.77925" lon="145.36077">
        <ele>105.38</ele>
      </trkpt>
      <trkpt lat="-37.77917" lon="145.36085">
        <ele>106.87</ele>
      </trkpt>
      <trkpt lat="-37.77908" lon="145.36103">
        <ele>105.85</ele>
      </trkpt>
      <trkpt lat="-37.77902" lon="145.3611">
        <ele>105.03</ele>
      </trkpt>
      <trkpt lat="-37.77885" lon="145.36125">
        <ele>104.43</ele>
      </trkpt>
      <trkpt lat="-37.77878" lon="145.36132">
        <ele>104.46</ele>
      </trkpt>
      <trkpt lat="-37.77869" lon="145.36131">
        <ele>104.2</ele>
      </trkpt>
      <trkpt lat="-37.77864" lon="145.3613">
        <ele>104.07</ele>
      </trkpt>
      <trkpt lat="-37.77857" lon="145.36121">
        <ele>104.0</ele>
      </trkpt>
      <trkpt lat="-37.77844" lon="145.36101">
        <ele>104.28</ele>
      </trkpt>
      <trkpt lat="-37.77832" lon="145.3609">
        <ele>103.96</ele>
      </trkpt>
      <trkpt lat="-37.77822" lon="145.36084">
        <ele>103.6</ele>
      </trkpt>
      <trkpt lat="-37.7783" lon="145.36057">
        <ele>104.71</ele>
      </trkpt>
      <trkpt lat="-37.77835" lon="145.36025">
        <ele>108.15</ele>
      </trkpt>
      <trkpt lat="-37.77836" lon="145.35994">
        <ele>108.98</ele>
      </trkpt>
      <trkpt lat="-37.77835" lon="145.3596">
        <ele>109.35</ele>
      </trkpt>
      <trkpt lat="-37.77831" lon="145.35927">
        <ele>109.31</ele>
      </trkpt>
      <trkpt lat="-37.77822" lon="145.35927">
        <ele>109.07</ele>
      </trkpt>
      <trkpt lat="-37.77808" lon="145.35922">
        <ele>108.84</ele>
      </trkpt>
      <trkpt lat="-37.77799" lon="145.35933">
        <ele>107.88</ele>
      </trkpt>
      <trkpt lat="-37.77788" lon="145.35936">
        <ele>107.1</ele>
      </trkpt>
      <trkpt lat="-37.77787" lon="145.35934">
        <ele>106.95</ele>
      </trkpt>
      <trkpt lat="-37.77791" lon="145.35949">
        <ele>107.23</ele>
      </trkpt>
      <trkpt lat="-37.77796" lon="145.35975">
        <ele>106.17</ele>
      </trkpt>
      <trkpt lat="-37.77791" lon="145.36004">
        <ele>107.9</ele>
      </trkpt>
      <trkpt lat="-37.77781" lon="145.36025">
        <ele>107.87</ele>
      </trkpt>
      <trkpt lat="-37.77776" lon="145.36055">
        <ele>103.22</ele>
      </trkpt>
      <trkpt lat="-37.77775" lon="145.36075">
        <ele>102.43</ele>
      </trkpt>
      <trkpt lat="-37.77771" lon="145.36081">
        <ele>102.35</ele>
      </trkpt>
      <trkpt lat="-37.77765" lon="145.36088">
        <ele>102.89</ele>
      </trkpt>
      <trkpt lat="-37.77759" lon="145.36092">
        <ele>103.4</ele>
      </trkpt>
      <trkpt lat="-37.77751" lon="145.36094">
        <ele>103.75</ele>
      </trkpt>
      <trkpt lat="-37.77734" lon="145.36094">
        <ele>104.48</ele>
      </trkpt>
      <trkpt lat="-37.7772" lon="145.36085">
        <ele>104.92</ele>
      </trkpt>
      <trkpt lat="-37.77712" lon="145.3608">
        <ele>104.51</ele>
      </trkpt>
      <trkpt lat="-37.77703" lon="145.36084">
        <ele>104.32</ele>
      </trkpt>
      <trkpt lat="-37.77693" lon="145.36089">
        <ele>104.14</ele>
      </trkpt>
      <trkpt lat="-37.77686" lon="145.36094">
        <ele>103.96</ele>
      </trkpt>
      <trkpt lat="-37.77676" lon="145.36096">
        <ele>103.49</ele>
      </trkpt>
      <trkpt lat="-37.77664" lon="145.36095">
        <ele>102.94</ele>
      </trkpt>
      <trkpt lat="-37.77652" lon="145.36096">
        <ele>102.71</ele>
      </trkpt>
      <trkpt lat="-37.77641" lon="145.36102">
        <ele>102.7</ele>
      </trkpt>
      <trkpt lat="-37.77632" lon="145.36113">
        <ele>103.83</ele>
      </trkpt>
      <trkpt lat="-37.77627" lon="145.36124">
        <ele>104.95</ele>
      </trkpt>
      <trkpt lat="-37.77626" lon="145.36132">
        <ele>105.49</ele>
      </trkpt>
      <trkpt lat="-37.77626" lon="145.36165">
        <ele>104.98</ele>
      </trkpt>
      <trkpt lat="-37.77622" lon="145.36168">
        <ele>105.09</ele>
      </trkpt>
      <trkpt lat="-37.77618" lon="145.36168">
        <ele>105.37</ele>
      </trkpt>
      <trkpt lat="-37.77612" lon="145.36167">
        <ele>105.9</ele>
      </trkpt>
      <trkpt lat="-37.77606" lon="145.36166">
        <ele>106.41</ele>
      </trkpt>
      <trkpt lat="-37.77588" lon="145.36157">
        <ele>107.78</ele>
      </trkpt>
      <trkpt lat="-37.77578" lon="145.36145">
        <ele>105.78</ele>
      </trkpt>
      <trkpt lat="-37.77576" lon="145.36135">
        <ele>104.46</ele>
      </trkpt>
      <trkpt lat="-37.77576" lon="145.36135">
        <ele>104.46</ele>
      </trkpt>
      <trkpt lat="-37.77576" lon="145.36135">
        <ele>104.46</ele>
      </trkpt>
      <trkpt lat="-37.77575" lon="145.3613">
        <ele>103.6</ele>
      </trkpt>
      <trkpt lat="-37.77572" lon="145.3611">
        <ele>101.26</ele>
      </trkpt>
      <trkpt lat="-37.77552" lon="145.361">
        <ele>100.0</ele>
      </trkpt>
      <trkpt lat="-37.77542" lon="145.36081">
        <ele>103.44</ele>
      </trkpt>
      <trkpt lat="-37.7753" lon="145.36077">
        <ele>103.49</ele>
      </trkpt>
      <trkpt lat="-37.77493" lon="145.36087">
        <ele>98.81</ele>
      </trkpt>
      <trkpt lat="-37.77459" lon="145.36088">
        <ele>97.23</ele>
      </trkpt>
      <trkpt lat="-37.77443" lon="145.36083">
        <ele>95.32</ele>
      </trkpt>
      <trkpt lat="-37.77425" lon="145.3606">
        <ele>97.69</ele>
      </trkpt>
      <trkpt lat="-37.77405" lon="145.36038">
        <ele>95.68</ele>
      </trkpt>
      <trkpt lat="-37.77403" lon="145.36008">
        <ele>95.54</ele>
      </trkpt>
      <trkpt lat="-37.77404" lon="145.36001">
        <ele>95.69</ele>
      </trkpt>
      <trkpt lat="-37.77406" lon="145.35984">
        <ele>99.38</ele>
      </trkpt>
      <trkpt lat="-37.77384" lon="145.35969">
        <ele>103.63</ele>
      </trkpt>
      <trkpt lat="-37.77376" lon="145.35977">
        <ele>104.01</ele>
      </trkpt>
      <trkpt lat="-37.77367" lon="145.35983">
        <ele>103.99</ele>
      </trkpt>
      <trkpt lat="-37.77345" lon="145.35993">
        <ele>104.39</ele>
      </trkpt>
      <trkpt lat="-37.77323" lon="145.36001">
        <ele>105.26</ele>
      </trkpt>
      <trkpt lat="-37.77306" lon="145.36004">
        <ele>105.55</ele>
      </trkpt>
      <trkpt lat="-37.77291" lon="145.36005">
        <ele>103.46</ele>
      </trkpt>
      <trkpt lat="-37.77273" lon="145.36">
        <ele>101.83</ele>
      </trkpt>
      <trkpt lat="-37.77204" lon="145.35963">
        <ele>103.31</ele>
      </trkpt>
      <trkpt lat="-37.77164" lon="145.35939">
        <ele>97.1</ele>
      </trkpt>
      <trkpt lat="-37.77127" lon="145.35921">
        <ele>97.79</ele>
      </trkpt>
      <trkpt lat="-37.77111" lon="145.35917">
        <ele>99.05</ele>
      </trkpt>
      <trkpt lat="-37.77097" lon="145.35912">
        <ele>101.61</ele>
      </trkpt>
      <trkpt lat="-37.77064" lon="145.35906">
        <ele>104.78</ele>
      </trkpt>
      <trkpt lat="-37.77051" lon="145.35904">
        <ele>105.32</ele>
      </trkpt>
      <trkpt lat="-37.77024" lon="145.35886">
        <ele>109.27</ele>
      </trkpt>
      <trkpt lat="-37.76998" lon="145.35867">
        <ele>107.01</ele>
      </trkpt>
      <trkpt lat="-37.7696" lon="145.3582">
        <ele>105.46</ele>
      </trkpt>
      <trkpt lat="-37.76923" lon="145.35768">
        <ele>102.9</ele>
      </trkpt>
      <trkpt lat="-37.76912" lon="145.35739">
        <ele>99.89</ele>
      </trkpt>
      <trkpt lat="-37.76907" lon="145.3572">
        <ele>100.04</ele>
      </trkpt>
      <trkpt lat="-37.76901" lon="145.35715">
        <ele>99.57</ele>
      </trkpt>
      <trkpt lat="-37.76883" lon="145.35686">
        <ele>99.2</ele>
      </trkpt>
      <trkpt lat="-37.76875" lon="145.35663">
        <ele>98.93</ele>
      </trkpt>
      <trkpt lat="-37.76873" lon="145.35656">
        <ele>98.49</ele>
      </trkpt>
      <trkpt lat="-37.76866" lon="145.35653">
        <ele>97.3</ele>
      </trkpt>
      <trkpt lat="-37.76861" lon="145.35638">
        <ele>96.12</ele>
      </trkpt>
      <trkpt lat="-37.76862" lon="145.35651">
        <ele>96.58</ele>
      </trkpt>
      <trkpt lat="-37.76863" lon="145.3566">
        <ele>97.05</ele>
      </trkpt>
      <trkpt lat="-37.76859" lon="145.35671">
        <ele>97.12</ele>
      </trkpt>
      <trkpt lat="-37.76853" lon="145.35649">
        <ele>95.7</ele>
      </trkpt>
      <trkpt lat="-37.76841" lon="145.35656">
        <ele>95.34</ele>
      </trkpt>
      <trkpt lat="-37.76831" lon="145.35655">
        <ele>95.23</ele>
      </trkpt>
      <trkpt lat="-37.76825" lon="145.3566">
        <ele>96.92</ele>
      </trkpt>
      <trkpt lat="-37.76824" lon="145.35669">
        <ele>97.9</ele>
      </trkpt>
      <trkpt lat="-37.76825" lon="145.35679">
        <ele>98.74</ele>
      </trkpt>
      <trkpt lat="-37.76824" lon="145.35693">
        <ele>100.2</ele>
      </trkpt>
      <trkpt lat="-37.76814" lon="145.35684">
        <ele>100.24</ele>
      </trkpt>
      <trkpt lat="-37.76798" lon="145.35699">
        <ele>100.03</ele>
      </trkpt>
      <trkpt lat="-37.76794" lon="145.35702">
        <ele>99.49</ele>
      </trkpt>
      <trkpt lat="-37.76792" lon="145.35693">
        <ele>99.1</ele>
      </trkpt>
      <trkpt lat="-37.76773" lon="145.35665">
        <ele>98.8</ele>
      </trkpt>
      <trkpt lat="-37.76736" lon="145.3564">
        <ele>99.41</ele>
      </trkpt>
      <trkpt lat="-37.76709" lon="145.35624">
        <ele>97.01</ele>
      </trkpt>
      <trkpt lat="-37.76689" lon="145.35618">
        <ele>95.55</ele>
      </trkpt>
      <trkpt lat="-37.76672" lon="145.35619">
        <ele>95.69</ele>
      </trkpt>
      <trkpt lat="-37.76674" lon="145.35628">
        <ele>95.61</ele>
      </trkpt>
      <trkpt lat="-37.76677" lon="145.35637">
        <ele>95.74</ele>
      </trkpt>
      <trkpt lat="-37.76678" lon="145.35646">
        <ele>95.82</ele>
      </trkpt>
      <trkpt lat="-37.76678" lon="145.35653">
        <ele>95.82</ele>
      </trkpt>
      <trkpt lat="-37.76677" lon="145.35659">
        <ele>95.74</ele>
      </trkpt>
      <trkpt lat="-37.76673" lon="145.35667">
        <ele>95.46</ele>
      </trkpt>
      <trkpt lat="-37.76666" lon="145.35686">
        <ele>94.99</ele>
      </trkpt>
      <trkpt lat="-37.76657" lon="145.35698">
        <ele>95.3</ele>
      </trkpt>
      <trkpt lat="-37.76651" lon="145.35702">
        <ele>95.7</ele>
      </trkpt>
      <trkpt lat="-37.76647" lon="145.35705">
        <ele>96.03</ele>
      </trkpt>
      <trkpt lat="-37.76634" lon="145.35708">
        <ele>96.55</ele>
      </trkpt>
      <trkpt lat="-37.76627" lon="145.35709">
        <ele>96.8</ele>
      </trkpt>
      <trkpt lat="-37.76619" lon="145.35703">
        <ele>96.14</ele>
      </trkpt>
      <trkpt lat="-37.76609" lon="145.35689">
        <ele>93.57</ele>
      </trkpt>
      <trkpt lat="-37.76596" lon="145.35682">
        <ele>90.89</ele>
      </trkpt>
      <trkpt lat="-37.76589" lon="145.35681">
        <ele>90.07</ele>
      </trkpt>
      <trkpt lat="-37.76587" lon="145.35684">
        <ele>91.06</ele>
      </trkpt>
      <trkpt lat="-37.76584" lon="145.35685">
        <ele>91.29</ele>
      </trkpt>
      <trkpt lat="-37.7658" lon="145.35692">
        <ele>93.6</ele>
      </trkpt>
      <trkpt lat="-37.76572" lon="145.35698">
        <ele>93.8</ele>
      </trkpt>
      <trkpt lat="-37.76571" lon="145.35699">
        <ele>93.79</ele>
      </trkpt>
      <trkpt lat="-37.7655" lon="145.357">
        <ele>91.36</ele>
      </trkpt>
      <trkpt lat="-37.7653" lon="145.35708">
        <ele>90.66</ele>
      </trkpt>
      <trkpt lat="-37.76519" lon="145.35708">
        <ele>91.41</ele>
      </trkpt>
      <trkpt lat="-37.76514" lon="145.35704">
        <ele>91.52</ele>
      </trkpt>
      <trkpt lat="-37.7651" lon="145.357">
        <ele>91.52</ele>
      </trkpt>
      <trkpt lat="-37.76499" lon="145.35696">
        <ele>92.31</ele>
      </trkpt>
      <trkpt lat="-37.76478" lon="145.35681">
        <ele>94.4</ele>
      </trkpt>
      <trkpt lat="-37.7646" lon="145.35673">
        <ele>95.78</ele>
      </trkpt>
      <trkpt lat="-37.76448" lon="145.35657">
        <ele>95.66</ele>
      </trkpt>
      <trkpt lat="-37.76444" lon="145.35627">
        <ele>92.78</ele>
      </trkpt>
      <trkpt lat="-37.7644" lon="145.35618">
        <ele>92.46</ele>
      </trkpt>
      <trkpt lat="-37.76427" lon="145.35586">
        <ele>90.76</ele>
      </trkpt>
      <trkpt lat="-37.76402" lon="145.35532">
        <ele>90.45</ele>
      </trkpt>
      <trkpt lat="-37.76387" lon="145.35516">
        <ele>92.0</ele>
      </trkpt>
      <trkpt lat="-37.76375" lon="145.355">
        <ele>93.0</ele>
      </trkpt>
      <trkpt lat="-37.76361" lon="145.35469">
        <ele>89.89</ele>
      </trkpt>
      <trkpt lat="-37.7634" lon="145.35429">
        <ele>94.19</ele>
      </trkpt>
      <trkpt lat="-37.76315" lon="145.35404">
        <ele>98.73</ele>
      </trkpt>
      <trkpt lat="-37.76305" lon="145.3539">
        <ele>99.1</ele>
      </trkpt>
      <trkpt lat="-37.76275" lon="145.35338">
        <ele>95.96</ele>
      </trkpt>
      <trkpt lat="-37.76259" lon="145.35315">
        <ele>95.49</ele>
      </trkpt>
      <trkpt lat="-37.76251" lon="145.35301">
        <ele>96.2</ele>
      </trkpt>
      <trkpt lat="-37.7625" lon="145.35287">
        <ele>97.34</ele>
      </trkpt>
      <trkpt lat="-37.76245" lon="145.35269">
        <ele>97.5</ele>
      </trkpt>
      <trkpt lat="-37.7622" lon="145.35228">
        <ele>96.06</ele>
      </trkpt>
      <trkpt lat="-37.76208" lon="145.35161">
        <ele>95.56</ele>
      </trkpt>
      <trkpt lat="-37.76203" lon="145.35116">
        <ele>96.4</ele>
      </trkpt>
      <trkpt lat="-37.76203" lon="145.35116">
        <ele>96.4</ele>
      </trkpt>
      <trkpt lat="-37.76197" lon="145.3506">
        <ele>94.44</ele>
      </trkpt>
      <trkpt lat="-37.76189" lon="145.35054">
        <ele>93.18</ele>
      </trkpt>
      <trkpt lat="-37.76173" lon="145.35058">
        <ele>91.11</ele>
      </trkpt>
      <trkpt lat="-37.76163" lon="145.35056">
        <ele>89.9</ele>
      </trkpt>
      <trkpt lat="-37.76151" lon="145.35057">
        <ele>89.51</ele>
      </trkpt>
      <trkpt lat="-37.76145" lon="145.35063">
        <ele>89.55</ele>
      </trkpt>
      <trkpt lat="-37.76139" lon="145.35064">
        <ele>89.31</ele>
      </trkpt>
      <trkpt lat="-37.76131" lon="145.35063">
        <ele>89.27</ele>
      </trkpt>
      <trkpt lat="-37.76127" lon="145.3506">
        <ele>89.16</ele>
      </trkpt>
      <trkpt lat="-37.76122" lon="145.35058">
        <ele>89.09</ele>
      </trkpt>
      <trkpt lat="-37.76122" lon="145.35058">
        <ele>89.09</ele>
      </trkpt>
      <trkpt lat="-37.76122" lon="145.35058">
        <ele>89.09</ele>
      </trkpt>
      <trkpt lat="-37.76106" lon="145.35053">
        <ele>89.48</ele>
      </trkpt>
      <trkpt lat="-37.76081" lon="145.35058">
        <ele>91.99</ele>
      </trkpt>
      <trkpt lat="-37.76066" lon="145.3507">
        <ele>91.78</ele>
      </trkpt>
      <trkpt lat="-37.76033" lon="145.35077">
        <ele>89.13</ele>
      </trkpt>
      <trkpt lat="-37.75993" lon="145.35058">
        <ele>96.01</ele>
      </trkpt>
      <trkpt lat="-37.75973" lon="145.35057">
        <ele>94.81</ele>
      </trkpt>
      <trkpt lat="-37.75947" lon="145.35076">
        <ele>92.42</ele>
      </trkpt>
      <trkpt lat="-37.75935" lon="145.35088">
        <ele>94.25</ele>
      </trkpt>
      <trkpt lat="-37.75923" lon="145.35086">
        <ele>95.52</ele>
      </trkpt>
      <trkpt lat="-37.75909" lon="145.35065">
        <ele>95.32</ele>
      </trkpt>
      <trkpt lat="-37.75901" lon="145.35066">
        <ele>96.02</ele>
      </trkpt>
      <trkpt lat="-37.75897" lon="145.35066">
        <ele>96.34</ele>
      </trkpt>
      <trkpt lat="-37.75896" lon="145.35034">
        <ele>94.68</ele>
      </trkpt>
      <trkpt lat="-37.75894" lon="145.35021">
        <ele>93.81</ele>
      </trkpt>
      <trkpt lat="-37.75891" lon="145.35007">
        <ele>92.64</ele>
      </trkpt>
      <trkpt lat="-37.75868" lon="145.34998">
        <ele>89.46</ele>
      </trkpt>
      <trkpt lat="-37.75852" lon="145.34994">
        <ele>89.61</ele>
      </trkpt>
      <trkpt lat="-37.75841" lon="145.3499">
        <ele>90.08</ele>
      </trkpt>
      <trkpt lat="-37.75819" lon="145.34989">
        <ele>90.75</ele>
      </trkpt>
      <trkpt lat="-37.75804" lon="145.34979">
        <ele>86.61</ele>
      </trkpt>
      <trkpt lat="-37.75788" lon="145.34977">
        <ele>90.58</ele>
      </trkpt>
      <trkpt lat="-37.75775" lon="145.34971">
        <ele>93.19</ele>
      </trkpt>
      <trkpt lat="-37.75772" lon="145.34969">
        <ele>93.37</ele>
      </trkpt>
      <trkpt lat="-37.75768" lon="145.34967">
        <ele>93.76</ele>
      </trkpt>
      <trkpt lat="-37.7575" lon="145.34968">
        <ele>96.15</ele>
      </trkpt>
      <trkpt lat="-37.75749" lon="145.3496">
        <ele>96.32</ele>
      </trkpt>
      <trkpt lat="-37.75745" lon="145.34938">
        <ele>96.51</ele>
      </trkpt>
      <trkpt lat="-37.7574" lon="145.34919">
        <ele>96.48</ele>
      </trkpt>
      <trkpt lat="-37.75738" lon="145.34907">
        <ele>96.22</ele>
      </trkpt>
      <trkpt lat="-37.75734" lon="145.34892">
        <ele>95.83</ele>
      </trkpt>
      <trkpt lat="-37.75721" lon="145.34839">
        <ele>92.2</ele>
      </trkpt>
      <trkpt lat="-37.75694" lon="145.34728">
        <ele>92.08</ele>
      </trkpt>
      <trkpt lat="-37.75691" lon="145.34717">
        <ele>92.76</ele>
      </trkpt>
      <trkpt lat="-37.75683" lon="145.34719">
        <ele>94.08</ele>
      </trkpt>
      <trkpt lat="-37.75676" lon="145.34719">
        <ele>95.28</ele>
      </trkpt>
      <trkpt lat="-37.75671" lon="145.34719">
        <ele>96.14</ele>
      </trkpt>
      <trkpt lat="-37.75665" lon="145.34713">
        <ele>96.65</ele>
      </trkpt>
      <trkpt lat="-37.75655" lon="145.34718">
        <ele>96.78</ele>
      </trkpt>
      <trkpt lat="-37.75638" lon="145.34735">
        <ele>96.75</ele>
      </trkpt>
      <trkpt lat="-37.75628" lon="145.34743">
        <ele>98.9</ele>
      </trkpt>
      <trkpt lat="-37.75626" lon="145.34745">
        <ele>99.34</ele>
      </trkpt>
      <trkpt lat="-37.75623" lon="145.34745">
        <ele>100.08</ele>
      </trkpt>
      <trkpt lat="-37.75619" lon="145.34742">
        <ele>101.09</ele>
      </trkpt>
      <trkpt lat="-37.75618" lon="145.3474">
        <ele>101.35</ele>
      </trkpt>
      <trkpt lat="-37.75617" lon="145.34739">
        <ele>101.6</ele>
      </trkpt>
      <trkpt lat="-37.75616" lon="145.34735">
        <ele>101.86</ele>
      </trkpt>
      <trkpt lat="-37.75616" lon="145.34731">
        <ele>101.89</ele>
      </trkpt>
      <trkpt lat="-37.75617" lon="145.34726">
        <ele>101.7</ele>
      </trkpt>
      <trkpt lat="-37.75617" lon="145.34726">
        <ele>101.7</ele>
      </trkpt>
    </trkseg>
  </trk>
</gpx>
