<?xml version="1.0" encoding="UTF-8"?>
<kml xmlns="http://www.opengis.net/kml/2.2">
  <Document>
    <name>Camping on licensed Crown water frontages - Victoria</name>
    <description><![CDATA[Map of access points for Camping on licensed Crown water frontages. Data accessed 05/12/2024 and does not include any sites added after this date.<br><br>Some Co-ordinates seem to be created using a different datum and can be incorrect by up to 100m. Please refer to the linked reference page for the exact location. <br><br>Data from https://www.forestsandreserves.vic.gov.au/land-management/managing-crown-land/camping-on-licensed-crown-water-frontages accessed 05/12/2024<br>]]></description>
    <Style id="icon-1899-0288D1-normal">
      <IconStyle>
        <color>ffd18802</color>
        <scale>1</scale>
        <Icon>
          <href>https://www.gstatic.com/mapspro/images/stock/503-wht-blank_maps.png</href>
        </Icon>
        <hotSpot x="32" xunits="pixels" y="64" yunits="insetPixels"/>
      </IconStyle>
      <LabelStyle>
        <scale>0</scale>
      </LabelStyle>
    </Style>
    <Style id="icon-1899-0288D1-highlight">
      <IconStyle>
        <color>ffd18802</color>
        <scale>1</scale>
        <Icon>
          <href>https://www.gstatic.com/mapspro/images/stock/503-wht-blank_maps.png</href>
        </Icon>
        <hotSpot x="32" xunits="pixels" y="64" yunits="insetPixels"/>
      </IconStyle>
      <LabelStyle>
        <scale>1</scale>
      </LabelStyle>
    </Style>
    <StyleMap id="icon-1899-0288D1">
      <Pair>
        <key>normal</key>
        <styleUrl>#icon-1899-0288D1-normal</styleUrl>
      </Pair>
      <Pair>
        <key>highlight</key>
        <styleUrl>#icon-1899-0288D1-highlight</styleUrl>
      </Pair>
    </StyleMap>
    <Folder>
      <name>Campsite Access Point </name>
      <Placemark>
        <name>Loddon River - Boort camping area 11</name>
        <description><![CDATA[URL: https://www.forestsandreserves.vic.gov.au/land-management/managing-crown-land/camping-on-licensed-crown-water-frontages/loddon-river-boort-camping-area-11<br>Location: 23 km north of Boort<br>Latitude: -36.003972<br>Longitude: 143.831917<br>Co-ordinates: -36.003972' 143.831917]]></description>
        <styleUrl>#icon-1899-0288D1</styleUrl>
        <ExtendedData>
          <Data name="URL">
            <value>https://www.forestsandreserves.vic.gov.au/land-management/managing-crown-land/camping-on-licensed-crown-water-frontages/loddon-river-boort-camping-area-11</value>
          </Data>
          <Data name="Location">
            <value>23 km north of Boort</value>
          </Data>
          <Data name="Latitude">
            <value>-36.003972</value>
          </Data>
          <Data name="Longitude">
            <value>143.831917</value>
          </Data>
          <Data name="Co-ordinates">
            <value><![CDATA[-36.003972' 143.831917]]></value>
          </Data>
        </ExtendedData>
        <Point>
          <coordinates>
            143.831917,-36.003972,0
          </coordinates>
        </Point>
      </Placemark>
      <Placemark>
        <name>Loddon River - Serpentine camping area 2</name>
        <description><![CDATA[URL: https://www.forestsandreserves.vic.gov.au/land-management/managing-crown-land/camping-on-licensed-crown-water-frontages/loddon-river-serpentine-camping-area-2<br>Location: 9 km south of Serpentine<br>Latitude: -36.484472<br>Longitude: 144.003306<br>Co-ordinates: -36.484472' 144.003306]]></description>
        <styleUrl>#icon-1899-0288D1</styleUrl>
        <ExtendedData>
          <Data name="URL">
            <value>https://www.forestsandreserves.vic.gov.au/land-management/managing-crown-land/camping-on-licensed-crown-water-frontages/loddon-river-serpentine-camping-area-2</value>
          </Data>
          <Data name="Location">
            <value>9 km south of Serpentine</value>
          </Data>
          <Data name="Latitude">
            <value>-36.484472</value>
          </Data>
          <Data name="Longitude">
            <value>144.003306</value>
          </Data>
          <Data name="Co-ordinates">
            <value><![CDATA[-36.484472' 144.003306]]></value>
          </Data>
        </ExtendedData>
        <Point>
          <coordinates>
            144.003306,-36.484472,0
          </coordinates>
        </Point>
      </Placemark>
      <Placemark>
        <name>Broken Creek - Numurkah camping area 3</name>
        <description><![CDATA[URL: https://www.forestsandreserves.vic.gov.au/land-management/managing-crown-land/camping-on-licensed-crown-water-frontages/Broken-Creek-Numurkah-Camping-Area-3<br>Location: 10.9 km south west of Numurkah<br>Latitude: -36.105575<br>Longitude: 145.393044<br>Co-ordinates: -36.105575' 145.393044]]></description>
        <styleUrl>#icon-1899-0288D1</styleUrl>
        <ExtendedData>
          <Data name="URL">
            <value>https://www.forestsandreserves.vic.gov.au/land-management/managing-crown-land/camping-on-licensed-crown-water-frontages/Broken-Creek-Numurkah-Camping-Area-3</value>
          </Data>
          <Data name="Location">
            <value>10.9 km south west of Numurkah</value>
          </Data>
          <Data name="Latitude">
            <value>-36.105575</value>
          </Data>
          <Data name="Longitude">
            <value>145.393044</value>
          </Data>
          <Data name="Co-ordinates">
            <value><![CDATA[-36.105575' 145.393044]]></value>
          </Data>
        </ExtendedData>
        <Point>
          <coordinates>
            145.393044,-36.105575,0
          </coordinates>
        </Point>
      </Placemark>
      <Placemark>
        <name>Murray River - Swan Hill camping area 4</name>
        <description><![CDATA[URL: https://www.forestsandreserves.vic.gov.au/land-management/managing-crown-land/camping-on-licensed-crown-water-frontages/Murray-River-Swan-Hill-Camping-Area-4<br>Location: 11 km north of Swan Hill<br>Latitude: -35.260549<br>Longitude: 143.58719<br>Co-ordinates: -35.260549' 143.58719]]></description>
        <styleUrl>#icon-1899-0288D1</styleUrl>
        <ExtendedData>
          <Data name="URL">
            <value>https://www.forestsandreserves.vic.gov.au/land-management/managing-crown-land/camping-on-licensed-crown-water-frontages/Murray-River-Swan-Hill-Camping-Area-4</value>
          </Data>
          <Data name="Location">
            <value>11 km north of Swan Hill</value>
          </Data>
          <Data name="Latitude">
            <value>-35.260549</value>
          </Data>
          <Data name="Longitude">
            <value>143.58719</value>
          </Data>
          <Data name="Co-ordinates">
            <value><![CDATA[-35.260549' 143.58719]]></value>
          </Data>
        </ExtendedData>
        <Point>
          <coordinates>
            143.58719,-35.260549,0
          </coordinates>
        </Point>
      </Placemark>
      <Placemark>
        <name>Glenelg River - Casterton camping area 1</name>
        <description><![CDATA[URL: https://www.forestsandreserves.vic.gov.au/land-management/managing-crown-land/camping-on-licensed-crown-water-frontages/Glenelg-River-Casterton-Camping-Area-1<br>Location: 5 km north of Casterton<br>Latitude: -37.553303<br>Longitude: 141.390861<br>Co-ordinates: -37.553303' 141.390861]]></description>
        <styleUrl>#icon-1899-0288D1</styleUrl>
        <ExtendedData>
          <Data name="URL">
            <value>https://www.forestsandreserves.vic.gov.au/land-management/managing-crown-land/camping-on-licensed-crown-water-frontages/Glenelg-River-Casterton-Camping-Area-1</value>
          </Data>
          <Data name="Location">
            <value>5 km north of Casterton</value>
          </Data>
          <Data name="Latitude">
            <value>-37.553303</value>
          </Data>
          <Data name="Longitude">
            <value>141.390861</value>
          </Data>
          <Data name="Co-ordinates">
            <value><![CDATA[-37.553303' 141.390861]]></value>
          </Data>
        </ExtendedData>
        <Point>
          <coordinates>
            141.390861,-37.553303,0
          </coordinates>
        </Point>
      </Placemark>
      <Placemark>
        <name>Glenelg River - Casterton camping area 4</name>
        <description><![CDATA[URL: https://www.forestsandreserves.vic.gov.au/land-management/managing-crown-land/camping-on-licensed-crown-water-frontages/glenelg-river-casterton-camping-area-4<br>Location: 1.6 km south of Casterton<br>Latitude: -37.600639<br>Longitude: 141.404972<br>Co-ordinates: -37.600639' 141.404972]]></description>
        <styleUrl>#icon-1899-0288D1</styleUrl>
        <ExtendedData>
          <Data name="URL">
            <value>https://www.forestsandreserves.vic.gov.au/land-management/managing-crown-land/camping-on-licensed-crown-water-frontages/glenelg-river-casterton-camping-area-4</value>
          </Data>
          <Data name="Location">
            <value>1.6 km south of Casterton</value>
          </Data>
          <Data name="Latitude">
            <value>-37.600639</value>
          </Data>
          <Data name="Longitude">
            <value>141.404972</value>
          </Data>
          <Data name="Co-ordinates">
            <value><![CDATA[-37.600639' 141.404972]]></value>
          </Data>
        </ExtendedData>
        <Point>
          <coordinates>
            141.404972,-37.600639,0
          </coordinates>
        </Point>
      </Placemark>
      <Placemark>
        <name>Kiewa River - Mount Beauty camping area 1</name>
        <description><![CDATA[URL: https://www.forestsandreserves.vic.gov.au/land-management/managing-crown-land/camping-on-licensed-crown-water-frontages/kiewa-river-mount-beauty-camping-area-1<br>Location: 2.6 km north of Tawonga<br>Latitude: -36.662<br>Longitude: 147.140667<br>Co-ordinates: -36.662' 147.140667]]></description>
        <styleUrl>#icon-1899-0288D1</styleUrl>
        <ExtendedData>
          <Data name="URL">
            <value>https://www.forestsandreserves.vic.gov.au/land-management/managing-crown-land/camping-on-licensed-crown-water-frontages/kiewa-river-mount-beauty-camping-area-1</value>
          </Data>
          <Data name="Location">
            <value>2.6 km north of Tawonga</value>
          </Data>
          <Data name="Latitude">
            <value>-36.662</value>
          </Data>
          <Data name="Longitude">
            <value>147.140667</value>
          </Data>
          <Data name="Co-ordinates">
            <value><![CDATA[-36.662' 147.140667]]></value>
          </Data>
        </ExtendedData>
        <Point>
          <coordinates>
            147.140667,-36.662,0
          </coordinates>
        </Point>
      </Placemark>
      <Placemark>
        <name>Loddon River - Kerang camping area 3</name>
        <description><![CDATA[URL: https://www.forestsandreserves.vic.gov.au/land-management/managing-crown-land/camping-on-licensed-crown-water-frontages/Loddon-River-Kerang-Camping-Area-3<br>Location: 8 km north of Kerang<br>Latitude: -35.670336<br>Longitude: 143.921129<br>Co-ordinates: -35.670336' 143.921129]]></description>
        <styleUrl>#icon-1899-0288D1</styleUrl>
        <ExtendedData>
          <Data name="URL">
            <value>https://www.forestsandreserves.vic.gov.au/land-management/managing-crown-land/camping-on-licensed-crown-water-frontages/Loddon-River-Kerang-Camping-Area-3</value>
          </Data>
          <Data name="Location">
            <value>8 km north of Kerang</value>
          </Data>
          <Data name="Latitude">
            <value>-35.670336</value>
          </Data>
          <Data name="Longitude">
            <value>143.921129</value>
          </Data>
          <Data name="Co-ordinates">
            <value><![CDATA[-35.670336' 143.921129]]></value>
          </Data>
        </ExtendedData>
        <Point>
          <coordinates>
            143.921129,-35.670336,0
          </coordinates>
        </Point>
      </Placemark>
      <Placemark>
        <name>Loddon River - Kerang camping area 6</name>
        <description><![CDATA[URL: https://www.forestsandreserves.vic.gov.au/land-management/managing-crown-land/camping-on-licensed-crown-water-frontages/loddon-river-kerang-camping-area-6<br>Location: 19 km south of Kerang<br>Latitude: -35.854722<br>Longitude: 143.891333<br>Co-ordinates: -35.854722' 143.891333]]></description>
        <styleUrl>#icon-1899-0288D1</styleUrl>
        <ExtendedData>
          <Data name="URL">
            <value>https://www.forestsandreserves.vic.gov.au/land-management/managing-crown-land/camping-on-licensed-crown-water-frontages/loddon-river-kerang-camping-area-6</value>
          </Data>
          <Data name="Location">
            <value>19 km south of Kerang</value>
          </Data>
          <Data name="Latitude">
            <value>-35.854722</value>
          </Data>
          <Data name="Longitude">
            <value>143.891333</value>
          </Data>
          <Data name="Co-ordinates">
            <value><![CDATA[-35.854722' 143.891333]]></value>
          </Data>
        </ExtendedData>
        <Point>
          <coordinates>
            143.891333,-35.854722,0
          </coordinates>
        </Point>
      </Placemark>
      <Placemark>
        <name>Loddon River - Murrabit camping area 1</name>
        <description><![CDATA[URL: https://www.forestsandreserves.vic.gov.au/land-management/managing-crown-land/camping-on-licensed-crown-water-frontages/loddon-river-murrabit-camping-area-1<br>Location: 28 km south-west of Murrabit<br>Latitude: -35.555639<br>Longitude: 143.856<br>Co-ordinates: -35.555639' 143.856]]></description>
        <styleUrl>#icon-1899-0288D1</styleUrl>
        <ExtendedData>
          <Data name="URL">
            <value>https://www.forestsandreserves.vic.gov.au/land-management/managing-crown-land/camping-on-licensed-crown-water-frontages/loddon-river-murrabit-camping-area-1</value>
          </Data>
          <Data name="Location">
            <value>28 km south-west of Murrabit</value>
          </Data>
          <Data name="Latitude">
            <value>-35.555639</value>
          </Data>
          <Data name="Longitude">
            <value>143.856</value>
          </Data>
          <Data name="Co-ordinates">
            <value><![CDATA[-35.555639' 143.856]]></value>
          </Data>
        </ExtendedData>
        <Point>
          <coordinates>
            143.856,-35.555639,0
          </coordinates>
        </Point>
      </Placemark>
      <Placemark>
        <name>Middle Creek - Moonambel camping area 2</name>
        <description><![CDATA[URL: https://www.forestsandreserves.vic.gov.au/land-management/managing-crown-land/camping-on-licensed-crown-water-frontages/Middle-Creek-Moonambel-Camping-Area-2<br>Location: 8 km south of Moonambel<br>Latitude: -37.029391<br>Longitude: 143.283646<br>Co-ordinates: -37.029391' 143.283646]]></description>
        <styleUrl>#icon-1899-0288D1</styleUrl>
        <ExtendedData>
          <Data name="URL">
            <value>https://www.forestsandreserves.vic.gov.au/land-management/managing-crown-land/camping-on-licensed-crown-water-frontages/Middle-Creek-Moonambel-Camping-Area-2</value>
          </Data>
          <Data name="Location">
            <value>8 km south of Moonambel</value>
          </Data>
          <Data name="Latitude">
            <value>-37.029391</value>
          </Data>
          <Data name="Longitude">
            <value>143.283646</value>
          </Data>
          <Data name="Co-ordinates">
            <value><![CDATA[-37.029391' 143.283646]]></value>
          </Data>
        </ExtendedData>
        <Point>
          <coordinates>
            143.283646,-37.029391,0
          </coordinates>
        </Point>
      </Placemark>
      <Placemark>
        <name>Murray River - Swan Hill camping area 1, 2 and 3</name>
        <description><![CDATA[URL: https://www.forestsandreserves.vic.gov.au/land-management/managing-crown-land/camping-on-licensed-crown-water-frontages/Murray-River-Swan-Hill-Camping-Area-1,-2-and-3<br>Location: 31 km east of Swan Hill<br>Latitude: -35.433391<br>Longitude: 143.800963<br>Co-ordinates: -35.433391' 143.800963]]></description>
        <styleUrl>#icon-1899-0288D1</styleUrl>
        <ExtendedData>
          <Data name="URL">
            <value>https://www.forestsandreserves.vic.gov.au/land-management/managing-crown-land/camping-on-licensed-crown-water-frontages/Murray-River-Swan-Hill-Camping-Area-1,-2-and-3</value>
          </Data>
          <Data name="Location">
            <value>31 km east of Swan Hill</value>
          </Data>
          <Data name="Latitude">
            <value>-35.433391</value>
          </Data>
          <Data name="Longitude">
            <value>143.800963</value>
          </Data>
          <Data name="Co-ordinates">
            <value><![CDATA[-35.433391' 143.800963]]></value>
          </Data>
        </ExtendedData>
        <Point>
          <coordinates>
            143.800963,-35.433391,0
          </coordinates>
        </Point>
      </Placemark>
      <Placemark>
        <name>Murray River - Swan Hill camping area 5</name>
        <description><![CDATA[URL: https://www.forestsandreserves.vic.gov.au/land-management/managing-crown-land/camping-on-licensed-crown-water-frontages/Murray-River-Swan-Hill-Camping-Area-5<br>Location: 14 km north of Swan Hill<br>Latitude: -35.236078<br>Longitude: 143.555257<br>Co-ordinates: -35.236078' 143.555257]]></description>
        <styleUrl>#icon-1899-0288D1</styleUrl>
        <ExtendedData>
          <Data name="URL">
            <value>https://www.forestsandreserves.vic.gov.au/land-management/managing-crown-land/camping-on-licensed-crown-water-frontages/Murray-River-Swan-Hill-Camping-Area-5</value>
          </Data>
          <Data name="Location">
            <value>14 km north of Swan Hill</value>
          </Data>
          <Data name="Latitude">
            <value>-35.236078</value>
          </Data>
          <Data name="Longitude">
            <value>143.555257</value>
          </Data>
          <Data name="Co-ordinates">
            <value><![CDATA[-35.236078' 143.555257]]></value>
          </Data>
        </ExtendedData>
        <Point>
          <coordinates>
            143.555257,-35.236078,0
          </coordinates>
        </Point>
      </Placemark>
      <Placemark>
        <name>Murray River - Swan Hill camping area 8 and 9</name>
        <description><![CDATA[URL: https://www.forestsandreserves.vic.gov.au/land-management/managing-crown-land/camping-on-licensed-crown-water-frontages/Murray-River-Swan-Hill-Camping-Area-8-and-9<br>Location: 17 km north of Swan Hill<br>Latitude: -35.221987<br>Longitude: 143.482396<br>Co-ordinates: -35.221987' 143.482396]]></description>
        <styleUrl>#icon-1899-0288D1</styleUrl>
        <ExtendedData>
          <Data name="URL">
            <value>https://www.forestsandreserves.vic.gov.au/land-management/managing-crown-land/camping-on-licensed-crown-water-frontages/Murray-River-Swan-Hill-Camping-Area-8-and-9</value>
          </Data>
          <Data name="Location">
            <value>17 km north of Swan Hill</value>
          </Data>
          <Data name="Latitude">
            <value>-35.221987</value>
          </Data>
          <Data name="Longitude">
            <value>143.482396</value>
          </Data>
          <Data name="Co-ordinates">
            <value><![CDATA[-35.221987' 143.482396]]></value>
          </Data>
        </ExtendedData>
        <Point>
          <coordinates>
            143.482396,-35.221987,0
          </coordinates>
        </Point>
      </Placemark>
      <Placemark>
        <name>Wannon River - Dunkeld camping area 5</name>
        <description><![CDATA[URL: https://www.forestsandreserves.vic.gov.au/land-management/managing-crown-land/camping-on-licensed-crown-water-frontages/wannon-river-dunkeld-camping-area-5<br>Location: 3 km north of Dunkeld<br>Latitude: -37.629566<br>Longitude: 142.333694<br>Co-ordinates: -37.629566' 142.333694]]></description>
        <styleUrl>#icon-1899-0288D1</styleUrl>
        <ExtendedData>
          <Data name="URL">
            <value>https://www.forestsandreserves.vic.gov.au/land-management/managing-crown-land/camping-on-licensed-crown-water-frontages/wannon-river-dunkeld-camping-area-5</value>
          </Data>
          <Data name="Location">
            <value>3 km north of Dunkeld</value>
          </Data>
          <Data name="Latitude">
            <value>-37.629566</value>
          </Data>
          <Data name="Longitude">
            <value>142.333694</value>
          </Data>
          <Data name="Co-ordinates">
            <value><![CDATA[-37.629566' 142.333694]]></value>
          </Data>
        </ExtendedData>
        <Point>
          <coordinates>
            142.333694,-37.629566,0
          </coordinates>
        </Point>
      </Placemark>
      <Placemark>
        <name>Wannon River - Sandford camping area 1</name>
        <description><![CDATA[URL: https://www.forestsandreserves.vic.gov.au/land-management/managing-crown-land/camping-on-licensed-crown-water-frontages/wannon-river-sandford-camping-area-1<br>Location: 2 km south of Sandford<br>Latitude: -37.623861<br>Longitude: 141.456<br>Co-ordinates: -37.623861' 141.456]]></description>
        <styleUrl>#icon-1899-0288D1</styleUrl>
        <ExtendedData>
          <Data name="URL">
            <value>https://www.forestsandreserves.vic.gov.au/land-management/managing-crown-land/camping-on-licensed-crown-water-frontages/wannon-river-sandford-camping-area-1</value>
          </Data>
          <Data name="Location">
            <value>2 km south of Sandford</value>
          </Data>
          <Data name="Latitude">
            <value>-37.623861</value>
          </Data>
          <Data name="Longitude">
            <value>141.456</value>
          </Data>
          <Data name="Co-ordinates">
            <value><![CDATA[-37.623861' 141.456]]></value>
          </Data>
        </ExtendedData>
        <Point>
          <coordinates>
            141.456,-37.623861,0
          </coordinates>
        </Point>
      </Placemark>
      <Placemark>
        <name>Wannon River - Sandford camping area 3</name>
        <description><![CDATA[URL: https://www.forestsandreserves.vic.gov.au/land-management/managing-crown-land/camping-on-licensed-crown-water-frontages/Wannon-River-Sandford-Camping-Area-3<br>Location: 10 km east of Sandford<br>Latitude: -37.601721<br>Longitude: 141.52779<br>Co-ordinates: -37.601721' 141.52779]]></description>
        <styleUrl>#icon-1899-0288D1</styleUrl>
        <ExtendedData>
          <Data name="URL">
            <value>https://www.forestsandreserves.vic.gov.au/land-management/managing-crown-land/camping-on-licensed-crown-water-frontages/Wannon-River-Sandford-Camping-Area-3</value>
          </Data>
          <Data name="Location">
            <value>10 km east of Sandford</value>
          </Data>
          <Data name="Latitude">
            <value>-37.601721</value>
          </Data>
          <Data name="Longitude">
            <value>141.52779</value>
          </Data>
          <Data name="Co-ordinates">
            <value><![CDATA[-37.601721' 141.52779]]></value>
          </Data>
        </ExtendedData>
        <Point>
          <coordinates>
            141.52779,-37.601721,0
          </coordinates>
        </Point>
      </Placemark>
      <Placemark>
        <name>Watchingorra Creek - Mitta Mitta camping area 2</name>
        <description><![CDATA[URL: https://www.forestsandreserves.vic.gov.au/land-management/managing-crown-land/camping-on-licensed-crown-water-frontages/Watchingorra-Creek-Mitta-Mitta-Camping-Area-2<br>Location: 20 km north of Mitta Mitta<br>Latitude: -36.440017<br>Longitude: 147.433421<br>Co-ordinates: -36.440017' 147.433421]]></description>
        <styleUrl>#icon-1899-0288D1</styleUrl>
        <ExtendedData>
          <Data name="URL">
            <value>https://www.forestsandreserves.vic.gov.au/land-management/managing-crown-land/camping-on-licensed-crown-water-frontages/Watchingorra-Creek-Mitta-Mitta-Camping-Area-2</value>
          </Data>
          <Data name="Location">
            <value>20 km north of Mitta Mitta</value>
          </Data>
          <Data name="Latitude">
            <value>-36.440017</value>
          </Data>
          <Data name="Longitude">
            <value>147.433421</value>
          </Data>
          <Data name="Co-ordinates">
            <value><![CDATA[-36.440017' 147.433421]]></value>
          </Data>
        </ExtendedData>
        <Point>
          <coordinates>
            147.433421,-36.440017,0
          </coordinates>
        </Point>
      </Placemark>
      <Placemark>
        <name>Wimmera River - Longerenong camping area 10</name>
        <description><![CDATA[URL: https://www.forestsandreserves.vic.gov.au/land-management/managing-crown-land/camping-on-licensed-crown-water-frontages/Wimmera-River-Longerenong-Camping-Area-10<br>Location: 18 km south-east of Longerenong<br>Latitude: -36.704177<br>Longitude: 142.423025<br>Co-ordinates: -36.704177' 142.423025]]></description>
        <styleUrl>#icon-1899-0288D1</styleUrl>
        <ExtendedData>
          <Data name="URL">
            <value>https://www.forestsandreserves.vic.gov.au/land-management/managing-crown-land/camping-on-licensed-crown-water-frontages/Wimmera-River-Longerenong-Camping-Area-10</value>
          </Data>
          <Data name="Location">
            <value>18 km south-east of Longerenong</value>
          </Data>
          <Data name="Latitude">
            <value>-36.704177</value>
          </Data>
          <Data name="Longitude">
            <value>142.423025</value>
          </Data>
          <Data name="Co-ordinates">
            <value><![CDATA[-36.704177' 142.423025]]></value>
          </Data>
        </ExtendedData>
        <Point>
          <coordinates>
            142.423025,-36.704177,0
          </coordinates>
        </Point>
      </Placemark>
      <Placemark>
        <name>Yarriambiack Creek  - Kellalac camping area 3</name>
        <description><![CDATA[URL: https://www.forestsandreserves.vic.gov.au/land-management/managing-crown-land/camping-on-licensed-crown-water-frontages/Yarriambiack-Creek-Kellalac-Camping-Area-3<br>Location: 8 km south of Kellalac<br>Latitude: -36.463065<br>Longitude: 142.398352<br>Co-ordinates: -36.463065' 142.398352]]></description>
        <styleUrl>#icon-1899-0288D1</styleUrl>
        <ExtendedData>
          <Data name="URL">
            <value>https://www.forestsandreserves.vic.gov.au/land-management/managing-crown-land/camping-on-licensed-crown-water-frontages/Yarriambiack-Creek-Kellalac-Camping-Area-3</value>
          </Data>
          <Data name="Location">
            <value>8 km south of Kellalac</value>
          </Data>
          <Data name="Latitude">
            <value>-36.463065</value>
          </Data>
          <Data name="Longitude">
            <value>142.398352</value>
          </Data>
          <Data name="Co-ordinates">
            <value><![CDATA[-36.463065' 142.398352]]></value>
          </Data>
        </ExtendedData>
        <Point>
          <coordinates>
            142.398352,-36.463065,0
          </coordinates>
        </Point>
      </Placemark>
      <Placemark>
        <name>Yarriambiack Creek  - Warracknabeal camping area 1</name>
        <description><![CDATA[URL: https://www.forestsandreserves.vic.gov.au/land-management/managing-crown-land/camping-on-licensed-crown-water-frontages/Yarriambiack-Creek-Warracknabeal-Camping-Area-1<br>Location: 15 km south of Warracknabeal<br>Latitude: -36.365272<br>Longitude: 142.403<br>Co-ordinates: -36.365272' 142.403]]></description>
        <styleUrl>#icon-1899-0288D1</styleUrl>
        <ExtendedData>
          <Data name="URL">
            <value>https://www.forestsandreserves.vic.gov.au/land-management/managing-crown-land/camping-on-licensed-crown-water-frontages/Yarriambiack-Creek-Warracknabeal-Camping-Area-1</value>
          </Data>
          <Data name="Location">
            <value>15 km south of Warracknabeal</value>
          </Data>
          <Data name="Latitude">
            <value>-36.365272</value>
          </Data>
          <Data name="Longitude">
            <value>142.403</value>
          </Data>
          <Data name="Co-ordinates">
            <value><![CDATA[-36.365272' 142.403]]></value>
          </Data>
        </ExtendedData>
        <Point>
          <coordinates>
            142.403,-36.365272,0
          </coordinates>
        </Point>
      </Placemark>
      <Placemark>
        <name>Broken Creek - Numurkah camping area 2</name>
        <description><![CDATA[URL: https://www.forestsandreserves.vic.gov.au/land-management/managing-crown-land/camping-on-licensed-crown-water-frontages/Broken-Creek-Numurkah-Camping-Area-2<br>Location: 7.4 km south west of Numurkah<br>Latitude: -36.108984<br>Longitude: 145.389453<br>Co-ordinates: -36.108984' 145.389453]]></description>
        <styleUrl>#icon-1899-0288D1</styleUrl>
        <ExtendedData>
          <Data name="URL">
            <value>https://www.forestsandreserves.vic.gov.au/land-management/managing-crown-land/camping-on-licensed-crown-water-frontages/Broken-Creek-Numurkah-Camping-Area-2</value>
          </Data>
          <Data name="Location">
            <value>7.4 km south west of Numurkah</value>
          </Data>
          <Data name="Latitude">
            <value>-36.108984</value>
          </Data>
          <Data name="Longitude">
            <value>145.389453</value>
          </Data>
          <Data name="Co-ordinates">
            <value><![CDATA[-36.108984' 145.389453]]></value>
          </Data>
        </ExtendedData>
        <Point>
          <coordinates>
            145.389453,-36.108984,0
          </coordinates>
        </Point>
      </Placemark>
      <Placemark>
        <name>Broken Creek - Tungamah camping area 1</name>
        <description><![CDATA[URL: https://www.forestsandreserves.vic.gov.au/land-management/managing-crown-land/camping-on-licensed-crown-water-frontages/Broken-Creek-Tungamah-Camping-Area-1<br>Location: 14 km south of Tungamah<br>Latitude: -36.243555<br>Longitude: 145.827779<br>Co-ordinates: -36.243555' 145.827779]]></description>
        <styleUrl>#icon-1899-0288D1</styleUrl>
        <ExtendedData>
          <Data name="URL">
            <value>https://www.forestsandreserves.vic.gov.au/land-management/managing-crown-land/camping-on-licensed-crown-water-frontages/Broken-Creek-Tungamah-Camping-Area-1</value>
          </Data>
          <Data name="Location">
            <value>14 km south of Tungamah</value>
          </Data>
          <Data name="Latitude">
            <value>-36.243555</value>
          </Data>
          <Data name="Longitude">
            <value>145.827779</value>
          </Data>
          <Data name="Co-ordinates">
            <value><![CDATA[-36.243555' 145.827779]]></value>
          </Data>
        </ExtendedData>
        <Point>
          <coordinates>
            145.827779,-36.243555,0
          </coordinates>
        </Point>
      </Placemark>
      <Placemark>
        <name>Buffalo Creek - Myrtleford camping area 4</name>
        <description><![CDATA[URL: https://www.forestsandreserves.vic.gov.au/land-management/managing-crown-land/camping-on-licensed-crown-water-frontages/Buffalo-Creek-Myrtleford-camping-area-4<br>Location: 11 km south of Myrtleford<br>Latitude: -36.623602<br>Longitude: 146.751449<br>Co-ordinates: -36.623602' 146.751449]]></description>
        <styleUrl>#icon-1899-0288D1</styleUrl>
        <ExtendedData>
          <Data name="URL">
            <value>https://www.forestsandreserves.vic.gov.au/land-management/managing-crown-land/camping-on-licensed-crown-water-frontages/Buffalo-Creek-Myrtleford-camping-area-4</value>
          </Data>
          <Data name="Location">
            <value>11 km south of Myrtleford</value>
          </Data>
          <Data name="Latitude">
            <value>-36.623602</value>
          </Data>
          <Data name="Longitude">
            <value>146.751449</value>
          </Data>
          <Data name="Co-ordinates">
            <value><![CDATA[-36.623602' 146.751449]]></value>
          </Data>
        </ExtendedData>
        <Point>
          <coordinates>
            146.751449,-36.623602,0
          </coordinates>
        </Point>
      </Placemark>
      <Placemark>
        <name>Bullabul Creek - Bullabul camping area 1 and 2</name>
        <description><![CDATA[URL: https://www.forestsandreserves.vic.gov.au/land-management/managing-crown-land/camping-on-licensed-crown-water-frontages/bullabul-creek-bullabul-camping-area-1-and-2<br>Location: 5.6 km south of Bridgewater on Loddon<br>Latitude: -36.615778<br>Longitude: 143.892139<br>Co-ordinates: -36.615778' 143.892139]]></description>
        <styleUrl>#icon-1899-0288D1</styleUrl>
        <ExtendedData>
          <Data name="URL">
            <value>https://www.forestsandreserves.vic.gov.au/land-management/managing-crown-land/camping-on-licensed-crown-water-frontages/bullabul-creek-bullabul-camping-area-1-and-2</value>
          </Data>
          <Data name="Location">
            <value>5.6 km south of Bridgewater on Loddon</value>
          </Data>
          <Data name="Latitude">
            <value>-36.615778</value>
          </Data>
          <Data name="Longitude">
            <value>143.892139</value>
          </Data>
          <Data name="Co-ordinates">
            <value><![CDATA[-36.615778' 143.892139]]></value>
          </Data>
        </ExtendedData>
        <Point>
          <coordinates>
            143.892139,-36.615778,0
          </coordinates>
        </Point>
      </Placemark>
      <Placemark>
        <name>Campaspe River  - Echuca camping area 1</name>
        <description><![CDATA[URL: https://www.forestsandreserves.vic.gov.au/land-management/managing-crown-land/camping-on-licensed-crown-water-frontages/Campaspe-River-Echuca-camping-area-1<br>Location: 6 km south of Echuca<br>Latitude: -36.16362<br>Longitude: 144.738233<br>Co-ordinates: -36.16362' 144.738233]]></description>
        <styleUrl>#icon-1899-0288D1</styleUrl>
        <ExtendedData>
          <Data name="URL">
            <value>https://www.forestsandreserves.vic.gov.au/land-management/managing-crown-land/camping-on-licensed-crown-water-frontages/Campaspe-River-Echuca-camping-area-1</value>
          </Data>
          <Data name="Location">
            <value>6 km south of Echuca</value>
          </Data>
          <Data name="Latitude">
            <value>-36.16362</value>
          </Data>
          <Data name="Longitude">
            <value>144.738233</value>
          </Data>
          <Data name="Co-ordinates">
            <value><![CDATA[-36.16362' 144.738233]]></value>
          </Data>
        </ExtendedData>
        <Point>
          <coordinates>
            144.738233,-36.16362,0
          </coordinates>
        </Point>
      </Placemark>
      <Placemark>
        <name>Goulburn River - Murchison camping area 2</name>
        <description><![CDATA[URL: https://www.forestsandreserves.vic.gov.au/land-management/managing-crown-land/camping-on-licensed-crown-water-frontages/goulburn-river-murchison-camping-area-2<br>Location: 1.5 km east of Murchison<br>Latitude: -36.62025<br>Longitude: 145.232278<br>Co-ordinates: -36.62025' 145.232278]]></description>
        <styleUrl>#icon-1899-0288D1</styleUrl>
        <ExtendedData>
          <Data name="URL">
            <value>https://www.forestsandreserves.vic.gov.au/land-management/managing-crown-land/camping-on-licensed-crown-water-frontages/goulburn-river-murchison-camping-area-2</value>
          </Data>
          <Data name="Location">
            <value>1.5 km east of Murchison</value>
          </Data>
          <Data name="Latitude">
            <value>-36.62025</value>
          </Data>
          <Data name="Longitude">
            <value>145.232278</value>
          </Data>
          <Data name="Co-ordinates">
            <value><![CDATA[-36.62025' 145.232278]]></value>
          </Data>
        </ExtendedData>
        <Point>
          <coordinates>
            145.232278,-36.62025,0
          </coordinates>
        </Point>
      </Placemark>
      <Placemark>
        <name>Goulburn River - Thornton camping area 1</name>
        <description><![CDATA[URL: https://www.forestsandreserves.vic.gov.au/land-management/managing-crown-land/camping-on-licensed-crown-water-frontages/Goulburn-River-Thornton-Camping-Area-1<br>Location: 2.5 km east of Thornton<br>Latitude: -37.251722<br>Longitude: 145.821659<br>Co-ordinates: -37.251722' 145.821659]]></description>
        <styleUrl>#icon-1899-0288D1</styleUrl>
        <ExtendedData>
          <Data name="URL">
            <value>https://www.forestsandreserves.vic.gov.au/land-management/managing-crown-land/camping-on-licensed-crown-water-frontages/Goulburn-River-Thornton-Camping-Area-1</value>
          </Data>
          <Data name="Location">
            <value>2.5 km east of Thornton</value>
          </Data>
          <Data name="Latitude">
            <value>-37.251722</value>
          </Data>
          <Data name="Longitude">
            <value>145.821659</value>
          </Data>
          <Data name="Co-ordinates">
            <value><![CDATA[-37.251722' 145.821659]]></value>
          </Data>
        </ExtendedData>
        <Point>
          <coordinates>
            145.821659,-37.251722,0
          </coordinates>
        </Point>
      </Placemark>
      <Placemark>
        <name>Gunbower Creek - Torrumbarry camping area 1</name>
        <description><![CDATA[URL: https://www.forestsandreserves.vic.gov.au/land-management/managing-crown-land/camping-on-licensed-crown-water-frontages/Gunbower-Creek-Torrumbarry-Camping-Area-1<br>Location: 8 km north-west of Torrumbarry<br>Latitude: -35.988477<br>Longitude: 144.491614<br>Co-ordinates: -35.988477' 144.491614]]></description>
        <styleUrl>#icon-1899-0288D1</styleUrl>
        <ExtendedData>
          <Data name="URL">
            <value>https://www.forestsandreserves.vic.gov.au/land-management/managing-crown-land/camping-on-licensed-crown-water-frontages/Gunbower-Creek-Torrumbarry-Camping-Area-1</value>
          </Data>
          <Data name="Location">
            <value>8 km north-west of Torrumbarry</value>
          </Data>
          <Data name="Latitude">
            <value>-35.988477</value>
          </Data>
          <Data name="Longitude">
            <value>144.491614</value>
          </Data>
          <Data name="Co-ordinates">
            <value><![CDATA[-35.988477' 144.491614]]></value>
          </Data>
        </ExtendedData>
        <Point>
          <coordinates>
            144.491614,-35.988477,0
          </coordinates>
        </Point>
      </Placemark>
      <Placemark>
        <name>Gunbower Creek - Wee Wee Rup camping area 1</name>
        <description><![CDATA[URL: https://www.forestsandreserves.vic.gov.au/land-management/managing-crown-land/camping-on-licensed-crown-water-frontages/Gunbower-Creek-Wee-Wee-Rup-Camping-Area-1<br>Location: 4.7 km east of Wee Wee Rup<br>Latitude: -35.856485<br>Longitude: 144.314965<br>Co-ordinates: -35.856485' 144.314965]]></description>
        <styleUrl>#icon-1899-0288D1</styleUrl>
        <ExtendedData>
          <Data name="URL">
            <value>https://www.forestsandreserves.vic.gov.au/land-management/managing-crown-land/camping-on-licensed-crown-water-frontages/Gunbower-Creek-Wee-Wee-Rup-Camping-Area-1</value>
          </Data>
          <Data name="Location">
            <value>4.7 km east of Wee Wee Rup</value>
          </Data>
          <Data name="Latitude">
            <value>-35.856485</value>
          </Data>
          <Data name="Longitude">
            <value>144.314965</value>
          </Data>
          <Data name="Co-ordinates">
            <value><![CDATA[-35.856485' 144.314965]]></value>
          </Data>
        </ExtendedData>
        <Point>
          <coordinates>
            144.314965,-35.856485,0
          </coordinates>
        </Point>
      </Placemark>
      <Placemark>
        <name>La Trobe River - Glengarry camping area 2</name>
        <description><![CDATA[URL: https://www.forestsandreserves.vic.gov.au/land-management/managing-crown-land/camping-on-licensed-crown-water-frontages/La-Trobe-River-Glengarry-Camping-Area-2<br>Location: 5 km south of Glengarry<br>Latitude: -38.167787<br>Longitude: 146.562037<br>Co-ordinates: -38.167787' 146.562037]]></description>
        <styleUrl>#icon-1899-0288D1</styleUrl>
        <ExtendedData>
          <Data name="URL">
            <value>https://www.forestsandreserves.vic.gov.au/land-management/managing-crown-land/camping-on-licensed-crown-water-frontages/La-Trobe-River-Glengarry-Camping-Area-2</value>
          </Data>
          <Data name="Location">
            <value>5 km south of Glengarry</value>
          </Data>
          <Data name="Latitude">
            <value>-38.167787</value>
          </Data>
          <Data name="Longitude">
            <value>146.562037</value>
          </Data>
          <Data name="Co-ordinates">
            <value><![CDATA[-38.167787' 146.562037]]></value>
          </Data>
        </ExtendedData>
        <Point>
          <coordinates>
            146.562037,-38.167787,0
          </coordinates>
        </Point>
      </Placemark>
      <Placemark>
        <name>Livingstone Creek - Omeo camping area 2, 3 and 4</name>
        <description><![CDATA[URL: https://www.forestsandreserves.vic.gov.au/land-management/managing-crown-land/camping-on-licensed-crown-water-frontages/Livingstone-Creek-Omeo-Camping-Area-2,-3-and-4<br>Location: 13 km south of Omeo<br>Latitude: -37.188733<br>Longitude: 147.53098<br>Co-ordinates: -37.188733' 147.53098]]></description>
        <styleUrl>#icon-1899-0288D1</styleUrl>
        <ExtendedData>
          <Data name="URL">
            <value>https://www.forestsandreserves.vic.gov.au/land-management/managing-crown-land/camping-on-licensed-crown-water-frontages/Livingstone-Creek-Omeo-Camping-Area-2,-3-and-4</value>
          </Data>
          <Data name="Location">
            <value>13 km south of Omeo</value>
          </Data>
          <Data name="Latitude">
            <value>-37.188733</value>
          </Data>
          <Data name="Longitude">
            <value>147.53098</value>
          </Data>
          <Data name="Co-ordinates">
            <value><![CDATA[-37.188733' 147.53098]]></value>
          </Data>
        </ExtendedData>
        <Point>
          <coordinates>
            147.53098,-37.188733,0
          </coordinates>
        </Point>
      </Placemark>
      <Placemark>
        <name>Loddon River - Bridgewater camping area 1</name>
        <description><![CDATA[URL: https://www.forestsandreserves.vic.gov.au/land-management/managing-crown-land/camping-on-licensed-crown-water-frontages/loddon-river-bridgewater-camping-area-1<br>Location: 13 km north of Bridgewater<br>Latitude: -36.500361<br>Longitude: 143.985<br>Co-ordinates: -36.500361' 143.985]]></description>
        <styleUrl>#icon-1899-0288D1</styleUrl>
        <ExtendedData>
          <Data name="URL">
            <value>https://www.forestsandreserves.vic.gov.au/land-management/managing-crown-land/camping-on-licensed-crown-water-frontages/loddon-river-bridgewater-camping-area-1</value>
          </Data>
          <Data name="Location">
            <value>13 km north of Bridgewater</value>
          </Data>
          <Data name="Latitude">
            <value>-36.500361</value>
          </Data>
          <Data name="Longitude">
            <value>143.985</value>
          </Data>
          <Data name="Co-ordinates">
            <value><![CDATA[-36.500361' 143.985]]></value>
          </Data>
        </ExtendedData>
        <Point>
          <coordinates>
            143.985,-36.500361,0
          </coordinates>
        </Point>
      </Placemark>
      <Placemark>
        <name>Mitta Mitta River - Eskdale camping area 3</name>
        <description><![CDATA[URL: https://www.forestsandreserves.vic.gov.au/land-management/managing-crown-land/camping-on-licensed-crown-water-frontages/Mitta-Mitta-River-Eskdale-Camping-Area-3<br>Location: 2 km north-west of Eskdale<br>Latitude: -36.450609<br>Longitude: 147.258278<br>Co-ordinates: -36.450609' 147.258278]]></description>
        <styleUrl>#icon-1899-0288D1</styleUrl>
        <ExtendedData>
          <Data name="URL">
            <value>https://www.forestsandreserves.vic.gov.au/land-management/managing-crown-land/camping-on-licensed-crown-water-frontages/Mitta-Mitta-River-Eskdale-Camping-Area-3</value>
          </Data>
          <Data name="Location">
            <value>2 km north-west of Eskdale</value>
          </Data>
          <Data name="Latitude">
            <value>-36.450609</value>
          </Data>
          <Data name="Longitude">
            <value>147.258278</value>
          </Data>
          <Data name="Co-ordinates">
            <value><![CDATA[-36.450609' 147.258278]]></value>
          </Data>
        </ExtendedData>
        <Point>
          <coordinates>
            147.258278,-36.450609,0
          </coordinates>
        </Point>
      </Placemark>
      <Placemark>
        <name>Mitta Mitta River - Neilson Rd camping area 1</name>
        <description><![CDATA[URL: https://www.forestsandreserves.vic.gov.au/land-management/managing-crown-land/camping-on-licensed-crown-water-frontages/mitta-mitta-river-neilson-road-camping-area-1<br>Location: 6 km north of Mitta Mitta<br>Latitude: -36.486361<br>Longitude: 147.353694<br>Co-ordinates: -36.486361' 147.353694]]></description>
        <styleUrl>#icon-1899-0288D1</styleUrl>
        <ExtendedData>
          <Data name="URL">
            <value>https://www.forestsandreserves.vic.gov.au/land-management/managing-crown-land/camping-on-licensed-crown-water-frontages/mitta-mitta-river-neilson-road-camping-area-1</value>
          </Data>
          <Data name="Location">
            <value>6 km north of Mitta Mitta</value>
          </Data>
          <Data name="Latitude">
            <value>-36.486361</value>
          </Data>
          <Data name="Longitude">
            <value>147.353694</value>
          </Data>
          <Data name="Co-ordinates">
            <value><![CDATA[-36.486361' 147.353694]]></value>
          </Data>
        </ExtendedData>
        <Point>
          <coordinates>
            147.353694,-36.486361,0
          </coordinates>
        </Point>
      </Placemark>
      <Placemark>
        <name>Mitta Mitta River - Tallangatta camping area 1</name>
        <description><![CDATA[URL: https://www.forestsandreserves.vic.gov.au/land-management/managing-crown-land/camping-on-licensed-crown-water-frontages/mitta-mitta-river-tallangatta-camping-area-1<br>Location: 20 km south of Tallangatta<br>Latitude: -36.395083<br>Longitude: 147.270083<br>Co-ordinates: -36.395083' 147.270083]]></description>
        <styleUrl>#icon-1899-0288D1</styleUrl>
        <ExtendedData>
          <Data name="URL">
            <value>https://www.forestsandreserves.vic.gov.au/land-management/managing-crown-land/camping-on-licensed-crown-water-frontages/mitta-mitta-river-tallangatta-camping-area-1</value>
          </Data>
          <Data name="Location">
            <value>20 km south of Tallangatta</value>
          </Data>
          <Data name="Latitude">
            <value>-36.395083</value>
          </Data>
          <Data name="Longitude">
            <value>147.270083</value>
          </Data>
          <Data name="Co-ordinates">
            <value><![CDATA[-36.395083' 147.270083]]></value>
          </Data>
        </ExtendedData>
        <Point>
          <coordinates>
            147.270083,-36.395083,0
          </coordinates>
        </Point>
      </Placemark>
      <Placemark>
        <name>Mitta Mitta River - Tallangatta camping area 2</name>
        <description><![CDATA[URL: https://www.forestsandreserves.vic.gov.au/land-management/managing-crown-land/camping-on-licensed-crown-water-frontages/mitta-mitta-river-tallangatta-camping-area-2<br>Location: 8 km south of Tallangatta<br>Latitude: -36.271722<br>Longitude: 147.237222<br>Co-ordinates: -36.271722' 147.237222]]></description>
        <styleUrl>#icon-1899-0288D1</styleUrl>
        <ExtendedData>
          <Data name="URL">
            <value>https://www.forestsandreserves.vic.gov.au/land-management/managing-crown-land/camping-on-licensed-crown-water-frontages/mitta-mitta-river-tallangatta-camping-area-2</value>
          </Data>
          <Data name="Location">
            <value>8 km south of Tallangatta</value>
          </Data>
          <Data name="Latitude">
            <value>-36.271722</value>
          </Data>
          <Data name="Longitude">
            <value>147.237222</value>
          </Data>
          <Data name="Co-ordinates">
            <value><![CDATA[-36.271722' 147.237222]]></value>
          </Data>
        </ExtendedData>
        <Point>
          <coordinates>
            147.237222,-36.271722,0
          </coordinates>
        </Point>
      </Placemark>
      <Placemark>
        <name>Mitta Mitta River - Mitta Mitta North Road camping area 1</name>
        <description><![CDATA[URL: https://www.forestsandreserves.vic.gov.au/land-management/managing-crown-land/camping-on-licensed-crown-water-frontages/mitta-mitta-river-mitta-north-road-camping-area-1<br>Location: 3.8 km north of Mitta Mitta<br>Latitude: -36.501167<br>Longitude: 147.364083<br>Co-ordinates: -36.501167' 147.364083]]></description>
        <styleUrl>#icon-1899-0288D1</styleUrl>
        <ExtendedData>
          <Data name="URL">
            <value>https://www.forestsandreserves.vic.gov.au/land-management/managing-crown-land/camping-on-licensed-crown-water-frontages/mitta-mitta-river-mitta-north-road-camping-area-1</value>
          </Data>
          <Data name="Location">
            <value>3.8 km north of Mitta Mitta</value>
          </Data>
          <Data name="Latitude">
            <value>-36.501167</value>
          </Data>
          <Data name="Longitude">
            <value>147.364083</value>
          </Data>
          <Data name="Co-ordinates">
            <value><![CDATA[-36.501167' 147.364083]]></value>
          </Data>
        </ExtendedData>
        <Point>
          <coordinates>
            147.364083,-36.501167,0
          </coordinates>
        </Point>
      </Placemark>
      <Placemark>
        <name>Murray River - Biggara camping area 1</name>
        <description><![CDATA[URL: https://www.forestsandreserves.vic.gov.au/land-management/managing-crown-land/camping-on-licensed-crown-water-frontages/Murray-River-Biggara-Camping-Area-1<br>Location: 13 km south-east of Biggara<br>Latitude: -36.323095<br>Longitude: 148.052798<br>Co-ordinates: -36.323095' 148.052798]]></description>
        <styleUrl>#icon-1899-0288D1</styleUrl>
        <ExtendedData>
          <Data name="URL">
            <value>https://www.forestsandreserves.vic.gov.au/land-management/managing-crown-land/camping-on-licensed-crown-water-frontages/Murray-River-Biggara-Camping-Area-1</value>
          </Data>
          <Data name="Location">
            <value>13 km south-east of Biggara</value>
          </Data>
          <Data name="Latitude">
            <value>-36.323095</value>
          </Data>
          <Data name="Longitude">
            <value>148.052798</value>
          </Data>
          <Data name="Co-ordinates">
            <value><![CDATA[-36.323095' 148.052798]]></value>
          </Data>
        </ExtendedData>
        <Point>
          <coordinates>
            148.052798,-36.323095,0
          </coordinates>
        </Point>
      </Placemark>
      <Placemark>
        <name>Murray River - Corowa camping area 1</name>
        <description><![CDATA[URL: https://www.forestsandreserves.vic.gov.au/land-management/managing-crown-land/camping-on-licensed-crown-water-frontages/murray-river-corowa-camping-area-1<br>Location: 5.4 km east of Brimin<br>Latitude: -36.03525<br>Longitude: 146.285944<br>Co-ordinates: -36.03525' 146.285944]]></description>
        <styleUrl>#icon-1899-0288D1</styleUrl>
        <ExtendedData>
          <Data name="URL">
            <value>https://www.forestsandreserves.vic.gov.au/land-management/managing-crown-land/camping-on-licensed-crown-water-frontages/murray-river-corowa-camping-area-1</value>
          </Data>
          <Data name="Location">
            <value>5.4 km east of Brimin</value>
          </Data>
          <Data name="Latitude">
            <value>-36.03525</value>
          </Data>
          <Data name="Longitude">
            <value>146.285944</value>
          </Data>
          <Data name="Co-ordinates">
            <value><![CDATA[-36.03525' 146.285944]]></value>
          </Data>
        </ExtendedData>
        <Point>
          <coordinates>
            146.285944,-36.03525,0
          </coordinates>
        </Point>
      </Placemark>
      <Placemark>
        <name>Murray River - Murrabit camping area 1</name>
        <description><![CDATA[URL: https://www.forestsandreserves.vic.gov.au/land-management/managing-crown-land/camping-on-licensed-crown-water-frontages/Murray-River-Murrabit-Camping-Area-1<br>Location: 5 km north-west of Murrabit<br>Latitude: -35.502548<br>Longitude: 143.931768<br>Co-ordinates: -35.502548' 143.931768]]></description>
        <styleUrl>#icon-1899-0288D1</styleUrl>
        <ExtendedData>
          <Data name="URL">
            <value>https://www.forestsandreserves.vic.gov.au/land-management/managing-crown-land/camping-on-licensed-crown-water-frontages/Murray-River-Murrabit-Camping-Area-1</value>
          </Data>
          <Data name="Location">
            <value>5 km north-west of Murrabit</value>
          </Data>
          <Data name="Latitude">
            <value>-35.502548</value>
          </Data>
          <Data name="Longitude">
            <value>143.931768</value>
          </Data>
          <Data name="Co-ordinates">
            <value><![CDATA[-35.502548' 143.931768]]></value>
          </Data>
        </ExtendedData>
        <Point>
          <coordinates>
            143.931768,-35.502548,0
          </coordinates>
        </Point>
      </Placemark>
      <Placemark>
        <name>Murray River - Murrabit camping area 2</name>
        <description><![CDATA[URL: https://www.forestsandreserves.vic.gov.au/land-management/managing-crown-land/camping-on-licensed-crown-water-frontages/Murray-River-Murrabit-Camping-Area-2<br>Location: 12 km north-west of Murrabit<br>Latitude: -35.48619<br>Longitude: 143.885928<br>Co-ordinates: -35.48619' 143.885928]]></description>
        <styleUrl>#icon-1899-0288D1</styleUrl>
        <ExtendedData>
          <Data name="URL">
            <value>https://www.forestsandreserves.vic.gov.au/land-management/managing-crown-land/camping-on-licensed-crown-water-frontages/Murray-River-Murrabit-Camping-Area-2</value>
          </Data>
          <Data name="Location">
            <value>12 km north-west of Murrabit</value>
          </Data>
          <Data name="Latitude">
            <value>-35.48619</value>
          </Data>
          <Data name="Longitude">
            <value>143.885928</value>
          </Data>
          <Data name="Co-ordinates">
            <value><![CDATA[-35.48619' 143.885928]]></value>
          </Data>
        </ExtendedData>
        <Point>
          <coordinates>
            143.885928,-35.48619,0
          </coordinates>
        </Point>
      </Placemark>
      <Placemark>
        <name>Murray River - Nyah camping area 1</name>
        <description><![CDATA[URL: https://www.forestsandreserves.vic.gov.au/land-management/managing-crown-land/camping-on-licensed-crown-water-frontages/Murray-River-Nyah-camping-area-1<br>Location: 11 km east of Nyah West<br>Latitude: -35.198389<br>Longitude: 143.415635<br>Co-ordinates: -35.198389' 143.415635]]></description>
        <styleUrl>#icon-1899-0288D1</styleUrl>
        <ExtendedData>
          <Data name="URL">
            <value>https://www.forestsandreserves.vic.gov.au/land-management/managing-crown-land/camping-on-licensed-crown-water-frontages/Murray-River-Nyah-camping-area-1</value>
          </Data>
          <Data name="Location">
            <value>11 km east of Nyah West</value>
          </Data>
          <Data name="Latitude">
            <value>-35.198389</value>
          </Data>
          <Data name="Longitude">
            <value>143.415635</value>
          </Data>
          <Data name="Co-ordinates">
            <value><![CDATA[-35.198389' 143.415635]]></value>
          </Data>
        </ExtendedData>
        <Point>
          <coordinates>
            143.415635,-35.198389,0
          </coordinates>
        </Point>
      </Placemark>
      <Placemark>
        <name>Murray River - Piangil camping area 1, 2 and 3</name>
        <description><![CDATA[URL: https://www.forestsandreserves.vic.gov.au/land-management/managing-crown-land/camping-on-licensed-crown-water-frontages/Murray-River-Piangil-Camping-Area-1,-2-and-3<br>Location: 5 km south of Piangil<br>Latitude: -35.079569<br>Longitude: 143.336173<br>Co-ordinates: -35.079569' 143.336173]]></description>
        <styleUrl>#icon-1899-0288D1</styleUrl>
        <ExtendedData>
          <Data name="URL">
            <value>https://www.forestsandreserves.vic.gov.au/land-management/managing-crown-land/camping-on-licensed-crown-water-frontages/Murray-River-Piangil-Camping-Area-1,-2-and-3</value>
          </Data>
          <Data name="Location">
            <value>5 km south of Piangil</value>
          </Data>
          <Data name="Latitude">
            <value>-35.079569</value>
          </Data>
          <Data name="Longitude">
            <value>143.336173</value>
          </Data>
          <Data name="Co-ordinates">
            <value><![CDATA[-35.079569' 143.336173]]></value>
          </Data>
        </ExtendedData>
        <Point>
          <coordinates>
            143.336173,-35.079569,0
          </coordinates>
        </Point>
      </Placemark>
      <Placemark>
        <name>Murray River - Piangil camping area 4</name>
        <description><![CDATA[URL: https://www.forestsandreserves.vic.gov.au/land-management/managing-crown-land/camping-on-licensed-crown-water-frontages/Murray-River-Piangil-Camping-Area-4<br>Location: 6 km south of Piangil<br>Latitude: -35.086077<br>Longitude: 143.338901<br>Co-ordinates: -35.086077' 143.338901]]></description>
        <styleUrl>#icon-1899-0288D1</styleUrl>
        <ExtendedData>
          <Data name="URL">
            <value>https://www.forestsandreserves.vic.gov.au/land-management/managing-crown-land/camping-on-licensed-crown-water-frontages/Murray-River-Piangil-Camping-Area-4</value>
          </Data>
          <Data name="Location">
            <value>6 km south of Piangil</value>
          </Data>
          <Data name="Latitude">
            <value>-35.086077</value>
          </Data>
          <Data name="Longitude">
            <value>143.338901</value>
          </Data>
          <Data name="Co-ordinates">
            <value><![CDATA[-35.086077' 143.338901]]></value>
          </Data>
        </ExtendedData>
        <Point>
          <coordinates>
            143.338901,-35.086077,0
          </coordinates>
        </Point>
      </Placemark>
      <Placemark>
        <name>Murray River - Piangil camping area 6</name>
        <description><![CDATA[URL: https://www.forestsandreserves.vic.gov.au/land-management/managing-crown-land/camping-on-licensed-crown-water-frontages/Murray-River-Piangil-Camping-Area-6<br>Location: 7 km south of Piangil<br>Latitude: -35.094402<br>Longitude: 143.342169<br>Co-ordinates: -35.094402' 143.342169]]></description>
        <styleUrl>#icon-1899-0288D1</styleUrl>
        <ExtendedData>
          <Data name="URL">
            <value>https://www.forestsandreserves.vic.gov.au/land-management/managing-crown-land/camping-on-licensed-crown-water-frontages/Murray-River-Piangil-Camping-Area-6</value>
          </Data>
          <Data name="Location">
            <value>7 km south of Piangil</value>
          </Data>
          <Data name="Latitude">
            <value>-35.094402</value>
          </Data>
          <Data name="Longitude">
            <value>143.342169</value>
          </Data>
          <Data name="Co-ordinates">
            <value><![CDATA[-35.094402' 143.342169]]></value>
          </Data>
        </ExtendedData>
        <Point>
          <coordinates>
            143.342169,-35.094402,0
          </coordinates>
        </Point>
      </Placemark>
      <Placemark>
        <name>Ovens River - Gapsted camping area 1</name>
        <description><![CDATA[URL: https://www.forestsandreserves.vic.gov.au/land-management/managing-crown-land/camping-on-licensed-crown-water-frontages/Ovens-River-Gapsted-Camping-Area-1<br>Location: 4 km south west of Gapsted<br>Latitude: -36.53315<br>Longitude: 146.668991<br>Co-ordinates: -36.53315' 146.668991]]></description>
        <styleUrl>#icon-1899-0288D1</styleUrl>
        <ExtendedData>
          <Data name="URL">
            <value>https://www.forestsandreserves.vic.gov.au/land-management/managing-crown-land/camping-on-licensed-crown-water-frontages/Ovens-River-Gapsted-Camping-Area-1</value>
          </Data>
          <Data name="Location">
            <value>4 km south west of Gapsted</value>
          </Data>
          <Data name="Latitude">
            <value>-36.53315</value>
          </Data>
          <Data name="Longitude">
            <value>146.668991</value>
          </Data>
          <Data name="Co-ordinates">
            <value><![CDATA[-36.53315' 146.668991]]></value>
          </Data>
        </ExtendedData>
        <Point>
          <coordinates>
            146.668991,-36.53315,0
          </coordinates>
        </Point>
      </Placemark>
      <Placemark>
        <name>Seven Creeks - Shepparton camping area 1</name>
        <description><![CDATA[URL: https://www.forestsandreserves.vic.gov.au/land-management/managing-crown-land/camping-on-licensed-crown-water-frontages/Seven-Creeks-Shepparton-Camping-Area-1<br>Location: 17 km south of Shepparton<br>Latitude: -36.496539<br>Longitude: 145.411833<br>Co-ordinates: -36.496539' 145.411833]]></description>
        <styleUrl>#icon-1899-0288D1</styleUrl>
        <ExtendedData>
          <Data name="URL">
            <value>https://www.forestsandreserves.vic.gov.au/land-management/managing-crown-land/camping-on-licensed-crown-water-frontages/Seven-Creeks-Shepparton-Camping-Area-1</value>
          </Data>
          <Data name="Location">
            <value>17 km south of Shepparton</value>
          </Data>
          <Data name="Latitude">
            <value>-36.496539</value>
          </Data>
          <Data name="Longitude">
            <value>145.411833</value>
          </Data>
          <Data name="Co-ordinates">
            <value><![CDATA[-36.496539' 145.411833]]></value>
          </Data>
        </ExtendedData>
        <Point>
          <coordinates>
            145.411833,-36.496539,0
          </coordinates>
        </Point>
      </Placemark>
      <Placemark>
        <name>Seven Creeks - Strathbogie North camping area 1</name>
        <description><![CDATA[URL: https://www.forestsandreserves.vic.gov.au/land-management/managing-crown-land/camping-on-licensed-crown-water-frontages/Seven-Creeks-Strathbogie-North-Camping-Area-1<br>Location: 11 km north-east of Strathbogie<br>Latitude: -36.810119<br>Longitude: 145.819279<br>Co-ordinates: -36.810119' 145.819279]]></description>
        <styleUrl>#icon-1899-0288D1</styleUrl>
        <ExtendedData>
          <Data name="URL">
            <value>https://www.forestsandreserves.vic.gov.au/land-management/managing-crown-land/camping-on-licensed-crown-water-frontages/Seven-Creeks-Strathbogie-North-Camping-Area-1</value>
          </Data>
          <Data name="Location">
            <value>11 km north-east of Strathbogie</value>
          </Data>
          <Data name="Latitude">
            <value>-36.810119</value>
          </Data>
          <Data name="Longitude">
            <value>145.819279</value>
          </Data>
          <Data name="Co-ordinates">
            <value><![CDATA[-36.810119' 145.819279]]></value>
          </Data>
        </ExtendedData>
        <Point>
          <coordinates>
            145.819279,-36.810119,0
          </coordinates>
        </Point>
      </Placemark>
      <Placemark>
        <name>Tarwin River - Tarwin camping area 1</name>
        <description><![CDATA[URL: https://www.forestsandreserves.vic.gov.au/land-management/managing-crown-land/camping-on-licensed-crown-water-frontages/Tarwin-River-Tarwin-Camping-Area-1<br>Location: 9 km south of Tarwin<br>Latitude: -38.67384<br>Longitude: 145.926787<br>Co-ordinates: -38.67384' 145.926787]]></description>
        <styleUrl>#icon-1899-0288D1</styleUrl>
        <ExtendedData>
          <Data name="URL">
            <value>https://www.forestsandreserves.vic.gov.au/land-management/managing-crown-land/camping-on-licensed-crown-water-frontages/Tarwin-River-Tarwin-Camping-Area-1</value>
          </Data>
          <Data name="Location">
            <value>9 km south of Tarwin</value>
          </Data>
          <Data name="Latitude">
            <value>-38.67384</value>
          </Data>
          <Data name="Longitude">
            <value>145.926787</value>
          </Data>
          <Data name="Co-ordinates">
            <value><![CDATA[-38.67384' 145.926787]]></value>
          </Data>
        </ExtendedData>
        <Point>
          <coordinates>
            145.926787,-38.67384,0
          </coordinates>
        </Point>
      </Placemark>
      <Placemark>
        <name>Wannon River - Casterton camping area 3</name>
        <description><![CDATA[URL: https://www.forestsandreserves.vic.gov.au/land-management/managing-crown-land/camping-on-licensed-crown-water-frontages/wannon-river-casterton-camping-area-3<br>Location: 4 km southeast of Casterton<br>Latitude: -37.597944<br>Longitude: 141.4395<br>Co-ordinates: -37.597944' 141.4395]]></description>
        <styleUrl>#icon-1899-0288D1</styleUrl>
        <ExtendedData>
          <Data name="URL">
            <value>https://www.forestsandreserves.vic.gov.au/land-management/managing-crown-land/camping-on-licensed-crown-water-frontages/wannon-river-casterton-camping-area-3</value>
          </Data>
          <Data name="Location">
            <value>4 km southeast of Casterton</value>
          </Data>
          <Data name="Latitude">
            <value>-37.597944</value>
          </Data>
          <Data name="Longitude">
            <value>141.4395</value>
          </Data>
          <Data name="Co-ordinates">
            <value><![CDATA[-37.597944' 141.4395]]></value>
          </Data>
        </ExtendedData>
        <Point>
          <coordinates>
            141.4395,-37.597944,0
          </coordinates>
        </Point>
      </Placemark>
      <Placemark>
        <name>Wannon River - Sandford camping area 2</name>
        <description><![CDATA[URL: https://www.forestsandreserves.vic.gov.au/land-management/managing-crown-land/camping-on-licensed-crown-water-frontages/Wannon-River-Sandford-Camping-Area-2<br>Location: 5 km south-east of Sandford<br>Latitude: -37.644574<br>Longitude: 141.472404<br>Co-ordinates: -37.644574' 141.472404]]></description>
        <styleUrl>#icon-1899-0288D1</styleUrl>
        <ExtendedData>
          <Data name="URL">
            <value>https://www.forestsandreserves.vic.gov.au/land-management/managing-crown-land/camping-on-licensed-crown-water-frontages/Wannon-River-Sandford-Camping-Area-2</value>
          </Data>
          <Data name="Location">
            <value>5 km south-east of Sandford</value>
          </Data>
          <Data name="Latitude">
            <value>-37.644574</value>
          </Data>
          <Data name="Longitude">
            <value>141.472404</value>
          </Data>
          <Data name="Co-ordinates">
            <value><![CDATA[-37.644574' 141.472404]]></value>
          </Data>
        </ExtendedData>
        <Point>
          <coordinates>
            141.472404,-37.644574,0
          </coordinates>
        </Point>
      </Placemark>
      <Placemark>
        <name>Yarriambiack Creek  - Kellalac camping area 2</name>
        <description><![CDATA[URL: https://www.forestsandreserves.vic.gov.au/land-management/managing-crown-land/camping-on-licensed-crown-water-frontages/Yarriambiack-Creek-Kellalac-Camping-Area-2<br>Location: 4 km south of Kellalac<br>Latitude: -36.368834<br>Longitude: 142.400514<br>Co-ordinates: -36.368834' 142.400514]]></description>
        <styleUrl>#icon-1899-0288D1</styleUrl>
        <ExtendedData>
          <Data name="URL">
            <value>https://www.forestsandreserves.vic.gov.au/land-management/managing-crown-land/camping-on-licensed-crown-water-frontages/Yarriambiack-Creek-Kellalac-Camping-Area-2</value>
          </Data>
          <Data name="Location">
            <value>4 km south of Kellalac</value>
          </Data>
          <Data name="Latitude">
            <value>-36.368834</value>
          </Data>
          <Data name="Longitude">
            <value>142.400514</value>
          </Data>
          <Data name="Co-ordinates">
            <value><![CDATA[-36.368834' 142.400514]]></value>
          </Data>
        </ExtendedData>
        <Point>
          <coordinates>
            142.400514,-36.368834,0
          </coordinates>
        </Point>
      </Placemark>
      <Placemark>
        <name>Yarriambiack Creek  - Murtoa camping area 5</name>
        <description><![CDATA[URL: https://www.forestsandreserves.vic.gov.au/land-management/managing-crown-land/camping-on-licensed-crown-water-frontages/Yarriambiack-Creek-Murtoa-camping-area-5<br>Location: 10 km north west of Murtoa<br>Latitude: -36.552414<br>Longitude: 142.384463<br>Co-ordinates: -36.552414' 142.384463]]></description>
        <styleUrl>#icon-1899-0288D1</styleUrl>
        <ExtendedData>
          <Data name="URL">
            <value>https://www.forestsandreserves.vic.gov.au/land-management/managing-crown-land/camping-on-licensed-crown-water-frontages/Yarriambiack-Creek-Murtoa-camping-area-5</value>
          </Data>
          <Data name="Location">
            <value>10 km north west of Murtoa</value>
          </Data>
          <Data name="Latitude">
            <value>-36.552414</value>
          </Data>
          <Data name="Longitude">
            <value>142.384463</value>
          </Data>
          <Data name="Co-ordinates">
            <value><![CDATA[-36.552414' 142.384463]]></value>
          </Data>
        </ExtendedData>
        <Point>
          <coordinates>
            142.384463,-36.552414,0
          </coordinates>
        </Point>
      </Placemark>
      <Placemark>
        <name>Yarriambiack Creek  - Murtoa camping area 6 and 7</name>
        <description><![CDATA[URL: https://www.forestsandreserves.vic.gov.au/land-management/managing-crown-land/camping-on-licensed-crown-water-frontages/Yarriambiack-Creek-Murtoa-Camping-Area-6-and-7<br>Location: 14 km north west of Murtoa<br>Latitude: -36.573687<br>Longitude: 142.389647<br>Co-ordinates: -36.573687' 142.389647]]></description>
        <styleUrl>#icon-1899-0288D1</styleUrl>
        <ExtendedData>
          <Data name="URL">
            <value>https://www.forestsandreserves.vic.gov.au/land-management/managing-crown-land/camping-on-licensed-crown-water-frontages/Yarriambiack-Creek-Murtoa-Camping-Area-6-and-7</value>
          </Data>
          <Data name="Location">
            <value>14 km north west of Murtoa</value>
          </Data>
          <Data name="Latitude">
            <value>-36.573687</value>
          </Data>
          <Data name="Longitude">
            <value>142.389647</value>
          </Data>
          <Data name="Co-ordinates">
            <value><![CDATA[-36.573687' 142.389647]]></value>
          </Data>
        </ExtendedData>
        <Point>
          <coordinates>
            142.389647,-36.573687,0
          </coordinates>
        </Point>
      </Placemark>
      <Placemark>
        <name>Broken Creek - Tungamah camping area 2</name>
        <description><![CDATA[URL: https://www.forestsandreserves.vic.gov.au/land-management/managing-crown-land/camping-on-licensed-crown-water-frontages/Broken-Creek-Tungamah-Camping-Area-2<br>Location: 24 km south of Tungamah<br>Latitude: -36.283019<br>Longitude: 145.838087<br>Co-ordinates: -36.283019' 145.838087]]></description>
        <styleUrl>#icon-1899-0288D1</styleUrl>
        <ExtendedData>
          <Data name="URL">
            <value>https://www.forestsandreserves.vic.gov.au/land-management/managing-crown-land/camping-on-licensed-crown-water-frontages/Broken-Creek-Tungamah-Camping-Area-2</value>
          </Data>
          <Data name="Location">
            <value>24 km south of Tungamah</value>
          </Data>
          <Data name="Latitude">
            <value>-36.283019</value>
          </Data>
          <Data name="Longitude">
            <value>145.838087</value>
          </Data>
          <Data name="Co-ordinates">
            <value><![CDATA[-36.283019' 145.838087]]></value>
          </Data>
        </ExtendedData>
        <Point>
          <coordinates>
            145.838087,-36.283019,0
          </coordinates>
        </Point>
      </Placemark>
      <Placemark>
        <name>Bullabul Creek -Bridgewater on Loddon camping area 1, 2 and 3</name>
        <description><![CDATA[URL: https://www.forestsandreserves.vic.gov.au/land-management/managing-crown-land/camping-on-licensed-crown-water-frontages/Bullabul-Creek-Bridgewater-on-Loddon-Camping-area-1,-2-and-3<br>Location: 3.5 km north of Bridgewater on Loddon<br>Latitude: -36.570833<br>Longitude: 143.935611<br>Co-ordinates: -36.570833' 143.935611]]></description>
        <styleUrl>#icon-1899-0288D1</styleUrl>
        <ExtendedData>
          <Data name="URL">
            <value>https://www.forestsandreserves.vic.gov.au/land-management/managing-crown-land/camping-on-licensed-crown-water-frontages/Bullabul-Creek-Bridgewater-on-Loddon-Camping-area-1,-2-and-3</value>
          </Data>
          <Data name="Location">
            <value>3.5 km north of Bridgewater on Loddon</value>
          </Data>
          <Data name="Latitude">
            <value>-36.570833</value>
          </Data>
          <Data name="Longitude">
            <value>143.935611</value>
          </Data>
          <Data name="Co-ordinates">
            <value><![CDATA[-36.570833' 143.935611]]></value>
          </Data>
        </ExtendedData>
        <Point>
          <coordinates>
            143.935611,-36.570833,0
          </coordinates>
        </Point>
      </Placemark>
      <Placemark>
        <name>Forest Creek - Axedale camping area 5</name>
        <description><![CDATA[URL: https://www.forestsandreserves.vic.gov.au/land-management/managing-crown-land/camping-on-licensed-crown-water-frontages/Forest-Creek-Axedale-Camping-Area-1<br>Location: 11 km east of Axedale<br>Latitude: -36.763609<br>Longitude: 144.577788<br>Co-ordinates: -36.763609' 144.577788]]></description>
        <styleUrl>#icon-1899-0288D1</styleUrl>
        <ExtendedData>
          <Data name="URL">
            <value>https://www.forestsandreserves.vic.gov.au/land-management/managing-crown-land/camping-on-licensed-crown-water-frontages/Forest-Creek-Axedale-Camping-Area-1</value>
          </Data>
          <Data name="Location">
            <value>11 km east of Axedale</value>
          </Data>
          <Data name="Latitude">
            <value>-36.763609</value>
          </Data>
          <Data name="Longitude">
            <value>144.577788</value>
          </Data>
          <Data name="Co-ordinates">
            <value><![CDATA[-36.763609' 144.577788]]></value>
          </Data>
        </ExtendedData>
        <Point>
          <coordinates>
            144.577788,-36.763609,0
          </coordinates>
        </Point>
      </Placemark>
      <Placemark>
        <name>Glenelg River - Balmoral camping area 3</name>
        <description><![CDATA[URL: https://www.forestsandreserves.vic.gov.au/land-management/managing-crown-land/camping-on-licensed-crown-water-frontages/Glenelg-river-balmoral-camping-area-3<br>Location: 14 km north of Balmoral<br>Latitude: -37.150222<br>Longitude: 141.931139<br>Co-ordinates: -37.150222' 141.931139]]></description>
        <styleUrl>#icon-1899-0288D1</styleUrl>
        <ExtendedData>
          <Data name="URL">
            <value>https://www.forestsandreserves.vic.gov.au/land-management/managing-crown-land/camping-on-licensed-crown-water-frontages/Glenelg-river-balmoral-camping-area-3</value>
          </Data>
          <Data name="Location">
            <value>14 km north of Balmoral</value>
          </Data>
          <Data name="Latitude">
            <value>-37.150222</value>
          </Data>
          <Data name="Longitude">
            <value>141.931139</value>
          </Data>
          <Data name="Co-ordinates">
            <value><![CDATA[-37.150222' 141.931139]]></value>
          </Data>
        </ExtendedData>
        <Point>
          <coordinates>
            141.931139,-37.150222,0
          </coordinates>
        </Point>
      </Placemark>
      <Placemark>
        <name>Glenelg River - Dartmoor camping area 3</name>
        <description><![CDATA[URL: https://www.forestsandreserves.vic.gov.au/land-management/managing-crown-land/camping-on-licensed-crown-water-frontages/glenelg-river-dartmoor-camping-area-3<br>Location: 10 km north of Dartmoor<br>Latitude: -37.838306<br>Longitude: 141.266806<br>Co-ordinates: -37.838306' 141.266806]]></description>
        <styleUrl>#icon-1899-0288D1</styleUrl>
        <ExtendedData>
          <Data name="URL">
            <value>https://www.forestsandreserves.vic.gov.au/land-management/managing-crown-land/camping-on-licensed-crown-water-frontages/glenelg-river-dartmoor-camping-area-3</value>
          </Data>
          <Data name="Location">
            <value>10 km north of Dartmoor</value>
          </Data>
          <Data name="Latitude">
            <value>-37.838306</value>
          </Data>
          <Data name="Longitude">
            <value>141.266806</value>
          </Data>
          <Data name="Co-ordinates">
            <value><![CDATA[-37.838306' 141.266806]]></value>
          </Data>
        </ExtendedData>
        <Point>
          <coordinates>
            141.266806,-37.838306,0
          </coordinates>
        </Point>
      </Placemark>
      <Placemark>
        <name>Glenelg River - Dartmoor camping area 4 and 5</name>
        <description><![CDATA[URL: https://www.forestsandreserves.vic.gov.au/land-management/managing-crown-land/camping-on-licensed-crown-water-frontages/glenelg-river-dartmoor-camping-area-4-and-5<br>Location: 1 km east of Dartmoor<br>Latitude: -37.927806<br>Longitude: 141.284667<br>Co-ordinates: -37.927806' 141.284667]]></description>
        <styleUrl>#icon-1899-0288D1</styleUrl>
        <ExtendedData>
          <Data name="URL">
            <value>https://www.forestsandreserves.vic.gov.au/land-management/managing-crown-land/camping-on-licensed-crown-water-frontages/glenelg-river-dartmoor-camping-area-4-and-5</value>
          </Data>
          <Data name="Location">
            <value>1 km east of Dartmoor</value>
          </Data>
          <Data name="Latitude">
            <value>-37.927806</value>
          </Data>
          <Data name="Longitude">
            <value>141.284667</value>
          </Data>
          <Data name="Co-ordinates">
            <value><![CDATA[-37.927806' 141.284667]]></value>
          </Data>
        </ExtendedData>
        <Point>
          <coordinates>
            141.284667,-37.927806,0
          </coordinates>
        </Point>
      </Placemark>
      <Placemark>
        <name>Glenelg River - Dergholm camping area 1</name>
        <description><![CDATA[URL: https://www.forestsandreserves.vic.gov.au/land-management/managing-crown-land/camping-on-licensed-crown-water-frontages/Glenelg-River-Dergholm-Camping-Area-1<br>Location: 2.5 km east of Dergholm<br>Latitude: -37.367507<br>Longitude: 141.239688<br>Co-ordinates: -37.367507' 141.239688]]></description>
        <styleUrl>#icon-1899-0288D1</styleUrl>
        <ExtendedData>
          <Data name="URL">
            <value>https://www.forestsandreserves.vic.gov.au/land-management/managing-crown-land/camping-on-licensed-crown-water-frontages/Glenelg-River-Dergholm-Camping-Area-1</value>
          </Data>
          <Data name="Location">
            <value>2.5 km east of Dergholm</value>
          </Data>
          <Data name="Latitude">
            <value>-37.367507</value>
          </Data>
          <Data name="Longitude">
            <value>141.239688</value>
          </Data>
          <Data name="Co-ordinates">
            <value><![CDATA[-37.367507' 141.239688]]></value>
          </Data>
        </ExtendedData>
        <Point>
          <coordinates>
            141.239688,-37.367507,0
          </coordinates>
        </Point>
      </Placemark>
      <Placemark>
        <name>Goulburn River - Echuca camping area 1</name>
        <description><![CDATA[URL: https://www.forestsandreserves.vic.gov.au/land-management/managing-crown-land/camping-on-licensed-crown-water-frontages/Goulburn-River-Echuca-Camping-Area-1<br>Location: 14 km east of Echuca<br>Latitude: -36.091626<br>Longitude: 144.868289<br>Co-ordinates: -36.091626' 144.868289]]></description>
        <styleUrl>#icon-1899-0288D1</styleUrl>
        <ExtendedData>
          <Data name="URL">
            <value>https://www.forestsandreserves.vic.gov.au/land-management/managing-crown-land/camping-on-licensed-crown-water-frontages/Goulburn-River-Echuca-Camping-Area-1</value>
          </Data>
          <Data name="Location">
            <value>14 km east of Echuca</value>
          </Data>
          <Data name="Latitude">
            <value>-36.091626</value>
          </Data>
          <Data name="Longitude">
            <value>144.868289</value>
          </Data>
          <Data name="Co-ordinates">
            <value><![CDATA[-36.091626' 144.868289]]></value>
          </Data>
        </ExtendedData>
        <Point>
          <coordinates>
            144.868289,-36.091626,0
          </coordinates>
        </Point>
      </Placemark>
      <Placemark>
        <name>Goulburn River - Kerrisdale camping area 1</name>
        <description><![CDATA[URL: https://www.forestsandreserves.vic.gov.au/land-management/managing-crown-land/camping-on-licensed-crown-water-frontages/goulburn-river-kerrisdale-camping-area-1<br>Location: 20 km from Seymour and Yea<br>Latitude: -37.179028<br>Longitude: 145.326889<br>Co-ordinates: -37.179028' 145.326889]]></description>
        <styleUrl>#icon-1899-0288D1</styleUrl>
        <ExtendedData>
          <Data name="URL">
            <value>https://www.forestsandreserves.vic.gov.au/land-management/managing-crown-land/camping-on-licensed-crown-water-frontages/goulburn-river-kerrisdale-camping-area-1</value>
          </Data>
          <Data name="Location">
            <value>20 km from Seymour and Yea</value>
          </Data>
          <Data name="Latitude">
            <value>-37.179028</value>
          </Data>
          <Data name="Longitude">
            <value>145.326889</value>
          </Data>
          <Data name="Co-ordinates">
            <value><![CDATA[-37.179028' 145.326889]]></value>
          </Data>
        </ExtendedData>
        <Point>
          <coordinates>
            145.326889,-37.179028,0
          </coordinates>
        </Point>
      </Placemark>
      <Placemark>
        <name>Goulburn River - Molesworth camping area 1</name>
        <description><![CDATA[URL: https://www.forestsandreserves.vic.gov.au/land-management/managing-crown-land/camping-on-licensed-crown-water-frontages/goulburn-river-molesworth-camping-area-1<br>Location: Between Moleswoth and Ghin Ghin<br>Latitude: -37.153583<br>Longitude: 145.488083<br>Co-ordinates: -37.153583' 145.488083]]></description>
        <styleUrl>#icon-1899-0288D1</styleUrl>
        <ExtendedData>
          <Data name="URL">
            <value>https://www.forestsandreserves.vic.gov.au/land-management/managing-crown-land/camping-on-licensed-crown-water-frontages/goulburn-river-molesworth-camping-area-1</value>
          </Data>
          <Data name="Location">
            <value>Between Moleswoth and Ghin Ghin</value>
          </Data>
          <Data name="Latitude">
            <value>-37.153583</value>
          </Data>
          <Data name="Longitude">
            <value>145.488083</value>
          </Data>
          <Data name="Co-ordinates">
            <value><![CDATA[-37.153583' 145.488083]]></value>
          </Data>
        </ExtendedData>
        <Point>
          <coordinates>
            145.488083,-37.153583,0
          </coordinates>
        </Point>
      </Placemark>
      <Placemark>
        <name>Goulburn River - Molesworth camping area 2a and 2b</name>
        <description><![CDATA[URL: https://www.forestsandreserves.vic.gov.au/land-management/managing-crown-land/camping-on-licensed-crown-water-frontages/goulburn-river-molesworth-camping-area-2<br>Location: Between Moleswoth and Ghin Ghin<br>Latitude: -37.153778<br>Longitude: 145.480694<br>Co-ordinates: -37.153778' 145.480694]]></description>
        <styleUrl>#icon-1899-0288D1</styleUrl>
        <ExtendedData>
          <Data name="URL">
            <value>https://www.forestsandreserves.vic.gov.au/land-management/managing-crown-land/camping-on-licensed-crown-water-frontages/goulburn-river-molesworth-camping-area-2</value>
          </Data>
          <Data name="Location">
            <value>Between Moleswoth and Ghin Ghin</value>
          </Data>
          <Data name="Latitude">
            <value>-37.153778</value>
          </Data>
          <Data name="Longitude">
            <value>145.480694</value>
          </Data>
          <Data name="Co-ordinates">
            <value><![CDATA[-37.153778' 145.480694]]></value>
          </Data>
        </ExtendedData>
        <Point>
          <coordinates>
            145.480694,-37.153778,0
          </coordinates>
        </Point>
      </Placemark>
      <Placemark>
        <name>Goulburn River - Murchison camping area 1</name>
        <description><![CDATA[URL: https://www.forestsandreserves.vic.gov.au/land-management/managing-crown-land/camping-on-licensed-crown-water-frontages/goulburn-river-murchison-camping-area-1<br>Location: 7 km south of Murchison<br>Latitude: -36.678306<br>Longitude: 145.21125<br>Co-ordinates: -36.678306' 145.21125]]></description>
        <styleUrl>#icon-1899-0288D1</styleUrl>
        <ExtendedData>
          <Data name="URL">
            <value>https://www.forestsandreserves.vic.gov.au/land-management/managing-crown-land/camping-on-licensed-crown-water-frontages/goulburn-river-murchison-camping-area-1</value>
          </Data>
          <Data name="Location">
            <value>7 km south of Murchison</value>
          </Data>
          <Data name="Latitude">
            <value>-36.678306</value>
          </Data>
          <Data name="Longitude">
            <value>145.21125</value>
          </Data>
          <Data name="Co-ordinates">
            <value><![CDATA[-36.678306' 145.21125]]></value>
          </Data>
        </ExtendedData>
        <Point>
          <coordinates>
            145.21125,-36.678306,0
          </coordinates>
        </Point>
      </Placemark>
      <Placemark>
        <name>Goulburn River - Murchison camping area 4</name>
        <description><![CDATA[URL: https://www.forestsandreserves.vic.gov.au/land-management/managing-crown-land/camping-on-licensed-crown-water-frontages/goulburn-river-murchison-camping-area-4<br>Location: 7 km east of Murchison<br>Latitude: -36.585083<br>Longitude: 145.284806<br>Co-ordinates: -36.585083' 145.284806]]></description>
        <styleUrl>#icon-1899-0288D1</styleUrl>
        <ExtendedData>
          <Data name="URL">
            <value>https://www.forestsandreserves.vic.gov.au/land-management/managing-crown-land/camping-on-licensed-crown-water-frontages/goulburn-river-murchison-camping-area-4</value>
          </Data>
          <Data name="Location">
            <value>7 km east of Murchison</value>
          </Data>
          <Data name="Latitude">
            <value>-36.585083</value>
          </Data>
          <Data name="Longitude">
            <value>145.284806</value>
          </Data>
          <Data name="Co-ordinates">
            <value><![CDATA[-36.585083' 145.284806]]></value>
          </Data>
        </ExtendedData>
        <Point>
          <coordinates>
            145.284806,-36.585083,0
          </coordinates>
        </Point>
      </Placemark>
      <Placemark>
        <name>Goulburn River - Murchison camping area 5</name>
        <description><![CDATA[URL: https://www.forestsandreserves.vic.gov.au/land-management/managing-crown-land/camping-on-licensed-crown-water-frontages/goulburn-river-murchison-camping-area-5<br>Location: 4 km south of Murchison<br>Latitude: -36.643389<br>Longitude: 145.216528<br>Co-ordinates: -36.643389' 145.216528]]></description>
        <styleUrl>#icon-1899-0288D1</styleUrl>
        <ExtendedData>
          <Data name="URL">
            <value>https://www.forestsandreserves.vic.gov.au/land-management/managing-crown-land/camping-on-licensed-crown-water-frontages/goulburn-river-murchison-camping-area-5</value>
          </Data>
          <Data name="Location">
            <value>4 km south of Murchison</value>
          </Data>
          <Data name="Latitude">
            <value>-36.643389</value>
          </Data>
          <Data name="Longitude">
            <value>145.216528</value>
          </Data>
          <Data name="Co-ordinates">
            <value><![CDATA[-36.643389' 145.216528]]></value>
          </Data>
        </ExtendedData>
        <Point>
          <coordinates>
            145.216528,-36.643389,0
          </coordinates>
        </Point>
      </Placemark>
      <Placemark>
        <name>Goulburn River - Murchison camping area 6</name>
        <description><![CDATA[URL: https://www.forestsandreserves.vic.gov.au/land-management/managing-crown-land/camping-on-licensed-crown-water-frontages/goulburn-river-murchison-camping-area-6<br>Location: 2 km south of Murchison<br>Latitude: -36.633139<br>Longitude: 145.224944<br>Co-ordinates: -36.633139' 145.224944]]></description>
        <styleUrl>#icon-1899-0288D1</styleUrl>
        <ExtendedData>
          <Data name="URL">
            <value>https://www.forestsandreserves.vic.gov.au/land-management/managing-crown-land/camping-on-licensed-crown-water-frontages/goulburn-river-murchison-camping-area-6</value>
          </Data>
          <Data name="Location">
            <value>2 km south of Murchison</value>
          </Data>
          <Data name="Latitude">
            <value>-36.633139</value>
          </Data>
          <Data name="Longitude">
            <value>145.224944</value>
          </Data>
          <Data name="Co-ordinates">
            <value><![CDATA[-36.633139' 145.224944]]></value>
          </Data>
        </ExtendedData>
        <Point>
          <coordinates>
            145.224944,-36.633139,0
          </coordinates>
        </Point>
      </Placemark>
      <Placemark>
        <name>Goulburn River - Tallarook camping area 1</name>
        <description><![CDATA[URL: https://www.forestsandreserves.vic.gov.au/land-management/managing-crown-land/camping-on-licensed-crown-water-frontages/goulburn-river-tallarook-camping-area-1<br>Location: 7 km south-east of Seymour<br>Latitude: -37.080306<br>Longitude: 145.164639<br>Co-ordinates: -37.080306' 145.164639]]></description>
        <styleUrl>#icon-1899-0288D1</styleUrl>
        <ExtendedData>
          <Data name="URL">
            <value>https://www.forestsandreserves.vic.gov.au/land-management/managing-crown-land/camping-on-licensed-crown-water-frontages/goulburn-river-tallarook-camping-area-1</value>
          </Data>
          <Data name="Location">
            <value>7 km south-east of Seymour</value>
          </Data>
          <Data name="Latitude">
            <value>-37.080306</value>
          </Data>
          <Data name="Longitude">
            <value>145.164639</value>
          </Data>
          <Data name="Co-ordinates">
            <value><![CDATA[-37.080306' 145.164639]]></value>
          </Data>
        </ExtendedData>
        <Point>
          <coordinates>
            145.164639,-37.080306,0
          </coordinates>
        </Point>
      </Placemark>
      <Placemark>
        <name>Gunbower Creek - Cohuna camping area 2 and 3</name>
        <description><![CDATA[URL: https://www.forestsandreserves.vic.gov.au/land-management/managing-crown-land/camping-on-licensed-crown-water-frontages/Gunbower-Creek-Cohuna-Camping-area-2-and-3<br>Location: 7.5 km north of Cohuna<br>Latitude: -35.758083<br>Longitude: 144.204694<br>Co-ordinates: -35.758083' 144.204694]]></description>
        <styleUrl>#icon-1899-0288D1</styleUrl>
        <ExtendedData>
          <Data name="URL">
            <value>https://www.forestsandreserves.vic.gov.au/land-management/managing-crown-land/camping-on-licensed-crown-water-frontages/Gunbower-Creek-Cohuna-Camping-area-2-and-3</value>
          </Data>
          <Data name="Location">
            <value>7.5 km north of Cohuna</value>
          </Data>
          <Data name="Latitude">
            <value>-35.758083</value>
          </Data>
          <Data name="Longitude">
            <value>144.204694</value>
          </Data>
          <Data name="Co-ordinates">
            <value><![CDATA[-35.758083' 144.204694]]></value>
          </Data>
        </ExtendedData>
        <Point>
          <coordinates>
            144.204694,-35.758083,0
          </coordinates>
        </Point>
      </Placemark>
      <Placemark>
        <name>Gunbower Creek - Cohuna camping area 4</name>
        <description><![CDATA[URL: https://www.forestsandreserves.vic.gov.au/land-management/managing-crown-land/camping-on-licensed-crown-water-frontages/Gunbower-Creek-Cohuna-Camping-Area-4<br>Location: 12 km south-east of Cohuna<br>Latitude: -35.85621<br>Longitude: 144.314045<br>Co-ordinates: -35.85621' 144.314045]]></description>
        <styleUrl>#icon-1899-0288D1</styleUrl>
        <ExtendedData>
          <Data name="URL">
            <value>https://www.forestsandreserves.vic.gov.au/land-management/managing-crown-land/camping-on-licensed-crown-water-frontages/Gunbower-Creek-Cohuna-Camping-Area-4</value>
          </Data>
          <Data name="Location">
            <value>12 km south-east of Cohuna</value>
          </Data>
          <Data name="Latitude">
            <value>-35.85621</value>
          </Data>
          <Data name="Longitude">
            <value>144.314045</value>
          </Data>
          <Data name="Co-ordinates">
            <value><![CDATA[-35.85621' 144.314045]]></value>
          </Data>
        </ExtendedData>
        <Point>
          <coordinates>
            144.314045,-35.85621,0
          </coordinates>
        </Point>
      </Placemark>
      <Placemark>
        <name>Gunbower Creek - Patho camping area 1</name>
        <description><![CDATA[URL: https://www.forestsandreserves.vic.gov.au/land-management/managing-crown-land/camping-on-licensed-crown-water-frontages/Gunbower-Creek-Patho-Camping-Area-1<br>Location: 8 km south-east of Gunbower<br>Latitude: -35.998748<br>Longitude: 144.428649<br>Co-ordinates: -35.998748' 144.428649]]></description>
        <styleUrl>#icon-1899-0288D1</styleUrl>
        <ExtendedData>
          <Data name="URL">
            <value>https://www.forestsandreserves.vic.gov.au/land-management/managing-crown-land/camping-on-licensed-crown-water-frontages/Gunbower-Creek-Patho-Camping-Area-1</value>
          </Data>
          <Data name="Location">
            <value>8 km south-east of Gunbower</value>
          </Data>
          <Data name="Latitude">
            <value>-35.998748</value>
          </Data>
          <Data name="Longitude">
            <value>144.428649</value>
          </Data>
          <Data name="Co-ordinates">
            <value><![CDATA[-35.998748' 144.428649]]></value>
          </Data>
        </ExtendedData>
        <Point>
          <coordinates>
            144.428649,-35.998748,0
          </coordinates>
        </Point>
      </Placemark>
      <Placemark>
        <name>Kiewa River - Gundowring camping area 3, 4 and 5</name>
        <description><![CDATA[URL: https://www.forestsandreserves.vic.gov.au/land-management/managing-crown-land/camping-on-licensed-crown-water-frontages/kiewa-river-gundowring-camping-areas-3,-4-and-5<br>Location: 30 km south east of Yackandandah<br>Latitude: -36.425444<br>Longitude: 147.045444<br>Co-ordinates: -36.425444' 147.045444]]></description>
        <styleUrl>#icon-1899-0288D1</styleUrl>
        <ExtendedData>
          <Data name="URL">
            <value>https://www.forestsandreserves.vic.gov.au/land-management/managing-crown-land/camping-on-licensed-crown-water-frontages/kiewa-river-gundowring-camping-areas-3,-4-and-5</value>
          </Data>
          <Data name="Location">
            <value>30 km south east of Yackandandah</value>
          </Data>
          <Data name="Latitude">
            <value>-36.425444</value>
          </Data>
          <Data name="Longitude">
            <value>147.045444</value>
          </Data>
          <Data name="Co-ordinates">
            <value><![CDATA[-36.425444' 147.045444]]></value>
          </Data>
        </ExtendedData>
        <Point>
          <coordinates>
            147.045444,-36.425444,0
          </coordinates>
        </Point>
      </Placemark>
      <Placemark>
        <name>Kiewa River - Kergunyah camping area 1</name>
        <description><![CDATA[URL: https://www.forestsandreserves.vic.gov.au/land-management/managing-crown-land/camping-on-licensed-crown-water-frontages/kiewa-river-kergunyah-camping-area-1<br>Location: 300 m east of Kergunyah<br>Latitude: -36.3285<br>Longitude: 147.032306<br>Co-ordinates: -36.3285' 147.032306]]></description>
        <styleUrl>#icon-1899-0288D1</styleUrl>
        <ExtendedData>
          <Data name="URL">
            <value>https://www.forestsandreserves.vic.gov.au/land-management/managing-crown-land/camping-on-licensed-crown-water-frontages/kiewa-river-kergunyah-camping-area-1</value>
          </Data>
          <Data name="Location">
            <value>300 m east of Kergunyah</value>
          </Data>
          <Data name="Latitude">
            <value>-36.3285</value>
          </Data>
          <Data name="Longitude">
            <value>147.032306</value>
          </Data>
          <Data name="Co-ordinates">
            <value><![CDATA[-36.3285' 147.032306]]></value>
          </Data>
        </ExtendedData>
        <Point>
          <coordinates>
            147.032306,-36.3285,0
          </coordinates>
        </Point>
      </Placemark>
      <Placemark>
        <name>Kiewa River -  Tawonga camping area 1</name>
        <description><![CDATA[URL: https://www.forestsandreserves.vic.gov.au/land-management/managing-crown-land/camping-on-licensed-crown-water-frontages/kiewa-river-tawonga-camping-area-1<br>Location: 15 km north of Mt Beauty<br>Latitude: -36.635444<br>Longitude: 147.116917<br>Co-ordinates: -36.635444' 147.116917]]></description>
        <styleUrl>#icon-1899-0288D1</styleUrl>
        <ExtendedData>
          <Data name="URL">
            <value>https://www.forestsandreserves.vic.gov.au/land-management/managing-crown-land/camping-on-licensed-crown-water-frontages/kiewa-river-tawonga-camping-area-1</value>
          </Data>
          <Data name="Location">
            <value>15 km north of Mt Beauty</value>
          </Data>
          <Data name="Latitude">
            <value>-36.635444</value>
          </Data>
          <Data name="Longitude">
            <value>147.116917</value>
          </Data>
          <Data name="Co-ordinates">
            <value><![CDATA[-36.635444' 147.116917]]></value>
          </Data>
        </ExtendedData>
        <Point>
          <coordinates>
            147.116917,-36.635444,0
          </coordinates>
        </Point>
      </Placemark>
      <Placemark>
        <name>King River - Whitfield camping area 1</name>
        <description><![CDATA[URL: https://www.forestsandreserves.vic.gov.au/land-management/managing-crown-land/camping-on-licensed-crown-water-frontages/king-river-whitfield-camping-area-1<br>Location: 4.5 km north of Whitfield<br>Latitude: -36.724639<br>Longitude: 146.418528<br>Co-ordinates: -36.724639' 146.418528]]></description>
        <styleUrl>#icon-1899-0288D1</styleUrl>
        <ExtendedData>
          <Data name="URL">
            <value>https://www.forestsandreserves.vic.gov.au/land-management/managing-crown-land/camping-on-licensed-crown-water-frontages/king-river-whitfield-camping-area-1</value>
          </Data>
          <Data name="Location">
            <value>4.5 km north of Whitfield</value>
          </Data>
          <Data name="Latitude">
            <value>-36.724639</value>
          </Data>
          <Data name="Longitude">
            <value>146.418528</value>
          </Data>
          <Data name="Co-ordinates">
            <value><![CDATA[-36.724639' 146.418528]]></value>
          </Data>
        </ExtendedData>
        <Point>
          <coordinates>
            146.418528,-36.724639,0
          </coordinates>
        </Point>
      </Placemark>
      <Placemark>
        <name>Livingstone Creek - Omeo camping area 13</name>
        <description><![CDATA[URL: https://www.forestsandreserves.vic.gov.au/land-management/managing-crown-land/camping-on-licensed-crown-water-frontages/Livingstone-Creek-Omeo-Camping-Area-13<br>Location: 21 km south-west of Omeo<br>Latitude: -37.236186<br>Longitude: 147.479354<br>Co-ordinates: -37.236186' 147.479354]]></description>
        <styleUrl>#icon-1899-0288D1</styleUrl>
        <ExtendedData>
          <Data name="URL">
            <value>https://www.forestsandreserves.vic.gov.au/land-management/managing-crown-land/camping-on-licensed-crown-water-frontages/Livingstone-Creek-Omeo-Camping-Area-13</value>
          </Data>
          <Data name="Location">
            <value>21 km south-west of Omeo</value>
          </Data>
          <Data name="Latitude">
            <value>-37.236186</value>
          </Data>
          <Data name="Longitude">
            <value>147.479354</value>
          </Data>
          <Data name="Co-ordinates">
            <value><![CDATA[-37.236186' 147.479354]]></value>
          </Data>
        </ExtendedData>
        <Point>
          <coordinates>
            147.479354,-37.236186,0
          </coordinates>
        </Point>
      </Placemark>
      <Placemark>
        <name>Livingstone Creek - Omeo camping area 7</name>
        <description><![CDATA[URL: https://www.forestsandreserves.vic.gov.au/land-management/managing-crown-land/camping-on-licensed-crown-water-frontages/Livingstone-Creek-Omeo-Camping-Area-7<br>Location: 6 km north of Omeo<br>Latitude: -37.046551<br>Longitude: 147.599753<br>Co-ordinates: -37.046551' 147.599753]]></description>
        <styleUrl>#icon-1899-0288D1</styleUrl>
        <ExtendedData>
          <Data name="URL">
            <value>https://www.forestsandreserves.vic.gov.au/land-management/managing-crown-land/camping-on-licensed-crown-water-frontages/Livingstone-Creek-Omeo-Camping-Area-7</value>
          </Data>
          <Data name="Location">
            <value>6 km north of Omeo</value>
          </Data>
          <Data name="Latitude">
            <value>-37.046551</value>
          </Data>
          <Data name="Longitude">
            <value>147.599753</value>
          </Data>
          <Data name="Co-ordinates">
            <value><![CDATA[-37.046551' 147.599753]]></value>
          </Data>
        </ExtendedData>
        <Point>
          <coordinates>
            147.599753,-37.046551,0
          </coordinates>
        </Point>
      </Placemark>
      <Placemark>
        <name>Loddon River - Boort camping area 10</name>
        <description><![CDATA[URL: https://www.forestsandreserves.vic.gov.au/land-management/managing-crown-land/camping-on-licensed-crown-water-frontages/loddon-river-boort-camping-area-10<br>Location: 23 km north of Boort<br>Latitude: -35.989806<br>Longitude: 143.842028<br>Co-ordinates: -35.989806' 143.842028]]></description>
        <styleUrl>#icon-1899-0288D1</styleUrl>
        <ExtendedData>
          <Data name="URL">
            <value>https://www.forestsandreserves.vic.gov.au/land-management/managing-crown-land/camping-on-licensed-crown-water-frontages/loddon-river-boort-camping-area-10</value>
          </Data>
          <Data name="Location">
            <value>23 km north of Boort</value>
          </Data>
          <Data name="Latitude">
            <value>-35.989806</value>
          </Data>
          <Data name="Longitude">
            <value>143.842028</value>
          </Data>
          <Data name="Co-ordinates">
            <value><![CDATA[-35.989806' 143.842028]]></value>
          </Data>
        </ExtendedData>
        <Point>
          <coordinates>
            143.842028,-35.989806,0
          </coordinates>
        </Point>
      </Placemark>
      <Placemark>
        <name>Loddon River - Boort camping area 3</name>
        <description><![CDATA[URL: https://www.forestsandreserves.vic.gov.au/land-management/managing-crown-land/camping-on-licensed-crown-water-frontages/loddon-river-boort-camping-area-3<br>Location: 13 km east of Boort<br>Latitude: -36.116556<br>Longitude: 143.840306<br>Co-ordinates: -36.116556' 143.840306]]></description>
        <styleUrl>#icon-1899-0288D1</styleUrl>
        <ExtendedData>
          <Data name="URL">
            <value>https://www.forestsandreserves.vic.gov.au/land-management/managing-crown-land/camping-on-licensed-crown-water-frontages/loddon-river-boort-camping-area-3</value>
          </Data>
          <Data name="Location">
            <value>13 km east of Boort</value>
          </Data>
          <Data name="Latitude">
            <value>-36.116556</value>
          </Data>
          <Data name="Longitude">
            <value>143.840306</value>
          </Data>
          <Data name="Co-ordinates">
            <value><![CDATA[-36.116556' 143.840306]]></value>
          </Data>
        </ExtendedData>
        <Point>
          <coordinates>
            143.840306,-36.116556,0
          </coordinates>
        </Point>
      </Placemark>
      <Placemark>
        <name>Loddon River - Boort camping area 5</name>
        <description><![CDATA[URL: https://www.forestsandreserves.vic.gov.au/land-management/managing-crown-land/camping-on-licensed-crown-water-frontages/loddon-river-boort-camping-area-5<br>Location: 25 km west of Boort<br>Latitude: -35.934944<br>Longitude: 143.862639<br>Co-ordinates: -35.934944' 143.862639]]></description>
        <styleUrl>#icon-1899-0288D1</styleUrl>
        <ExtendedData>
          <Data name="URL">
            <value>https://www.forestsandreserves.vic.gov.au/land-management/managing-crown-land/camping-on-licensed-crown-water-frontages/loddon-river-boort-camping-area-5</value>
          </Data>
          <Data name="Location">
            <value>25 km west of Boort</value>
          </Data>
          <Data name="Latitude">
            <value>-35.934944</value>
          </Data>
          <Data name="Longitude">
            <value>143.862639</value>
          </Data>
          <Data name="Co-ordinates">
            <value><![CDATA[-35.934944' 143.862639]]></value>
          </Data>
        </ExtendedData>
        <Point>
          <coordinates>
            143.862639,-35.934944,0
          </coordinates>
        </Point>
      </Placemark>
      <Placemark>
        <name>Loddon River - Boort camping area 6</name>
        <description><![CDATA[URL: https://www.forestsandreserves.vic.gov.au/land-management/managing-crown-land/camping-on-licensed-crown-water-frontages/loddon-river-boort-camping-area-6<br>Location: 25 km west of Boort<br>Latitude: -35.943889<br>Longitude: 143.864111<br>Co-ordinates: -35.943889' 143.864111]]></description>
        <styleUrl>#icon-1899-0288D1</styleUrl>
        <ExtendedData>
          <Data name="URL">
            <value>https://www.forestsandreserves.vic.gov.au/land-management/managing-crown-land/camping-on-licensed-crown-water-frontages/loddon-river-boort-camping-area-6</value>
          </Data>
          <Data name="Location">
            <value>25 km west of Boort</value>
          </Data>
          <Data name="Latitude">
            <value>-35.943889</value>
          </Data>
          <Data name="Longitude">
            <value>143.864111</value>
          </Data>
          <Data name="Co-ordinates">
            <value><![CDATA[-35.943889' 143.864111]]></value>
          </Data>
        </ExtendedData>
        <Point>
          <coordinates>
            143.864111,-35.943889,0
          </coordinates>
        </Point>
      </Placemark>
      <Placemark>
        <name>Loddon River - Boort camping area 7</name>
        <description><![CDATA[URL: https://www.forestsandreserves.vic.gov.au/land-management/managing-crown-land/camping-on-licensed-crown-water-frontages/loddon-river-boort-camping-area-7<br>Location: 24 km north of Boort<br>Latitude: -36.003694<br>Longitude: 143.832444<br>Co-ordinates: -36.003694' 143.832444]]></description>
        <styleUrl>#icon-1899-0288D1</styleUrl>
        <ExtendedData>
          <Data name="URL">
            <value>https://www.forestsandreserves.vic.gov.au/land-management/managing-crown-land/camping-on-licensed-crown-water-frontages/loddon-river-boort-camping-area-7</value>
          </Data>
          <Data name="Location">
            <value>24 km north of Boort</value>
          </Data>
          <Data name="Latitude">
            <value>-36.003694</value>
          </Data>
          <Data name="Longitude">
            <value>143.832444</value>
          </Data>
          <Data name="Co-ordinates">
            <value><![CDATA[-36.003694' 143.832444]]></value>
          </Data>
        </ExtendedData>
        <Point>
          <coordinates>
            143.832444,-36.003694,0
          </coordinates>
        </Point>
      </Placemark>
      <Placemark>
        <name>Loddon River - Boort camping area 8</name>
        <description><![CDATA[URL: https://www.forestsandreserves.vic.gov.au/land-management/managing-crown-land/camping-on-licensed-crown-water-frontages/loddon-river-boort-camping-area-8<br>Location: 23 km north of Boort<br>Latitude: -36.003389<br>Longitude: 143.825889<br>Co-ordinates: -36.003389' 143.825889]]></description>
        <styleUrl>#icon-1899-0288D1</styleUrl>
        <ExtendedData>
          <Data name="URL">
            <value>https://www.forestsandreserves.vic.gov.au/land-management/managing-crown-land/camping-on-licensed-crown-water-frontages/loddon-river-boort-camping-area-8</value>
          </Data>
          <Data name="Location">
            <value>23 km north of Boort</value>
          </Data>
          <Data name="Latitude">
            <value>-36.003389</value>
          </Data>
          <Data name="Longitude">
            <value>143.825889</value>
          </Data>
          <Data name="Co-ordinates">
            <value><![CDATA[-36.003389' 143.825889]]></value>
          </Data>
        </ExtendedData>
        <Point>
          <coordinates>
            143.825889,-36.003389,0
          </coordinates>
        </Point>
      </Placemark>
      <Placemark>
        <name>Loddon River - Bridgewater camping area 2</name>
        <description><![CDATA[URL: https://www.forestsandreserves.vic.gov.au/land-management/managing-crown-land/camping-on-licensed-crown-water-frontages/loddon-river-bridgewater-camping-area-2<br>Location: 1.3 km north of Bridgewater<br>Latitude: -36.590167<br>Longitude: 143.951056<br>Co-ordinates: -36.590167' 143.951056]]></description>
        <styleUrl>#icon-1899-0288D1</styleUrl>
        <ExtendedData>
          <Data name="URL">
            <value>https://www.forestsandreserves.vic.gov.au/land-management/managing-crown-land/camping-on-licensed-crown-water-frontages/loddon-river-bridgewater-camping-area-2</value>
          </Data>
          <Data name="Location">
            <value>1.3 km north of Bridgewater</value>
          </Data>
          <Data name="Latitude">
            <value>-36.590167</value>
          </Data>
          <Data name="Longitude">
            <value>143.951056</value>
          </Data>
          <Data name="Co-ordinates">
            <value><![CDATA[-36.590167' 143.951056]]></value>
          </Data>
        </ExtendedData>
        <Point>
          <coordinates>
            143.951056,-36.590167,0
          </coordinates>
        </Point>
      </Placemark>
      <Placemark>
        <name>Loddon River - Bridgewater camping area 3</name>
        <description><![CDATA[URL: https://www.forestsandreserves.vic.gov.au/land-management/managing-crown-land/camping-on-licensed-crown-water-frontages/loddon-river-bridgewater-camping-area-3<br>Location: 7 km south of Bridgewater<br>Latitude: -36.66225<br>Longitude: 143.926556<br>Co-ordinates: -36.66225' 143.926556]]></description>
        <styleUrl>#icon-1899-0288D1</styleUrl>
        <ExtendedData>
          <Data name="URL">
            <value>https://www.forestsandreserves.vic.gov.au/land-management/managing-crown-land/camping-on-licensed-crown-water-frontages/loddon-river-bridgewater-camping-area-3</value>
          </Data>
          <Data name="Location">
            <value>7 km south of Bridgewater</value>
          </Data>
          <Data name="Latitude">
            <value>-36.66225</value>
          </Data>
          <Data name="Longitude">
            <value>143.926556</value>
          </Data>
          <Data name="Co-ordinates">
            <value><![CDATA[-36.66225' 143.926556]]></value>
          </Data>
        </ExtendedData>
        <Point>
          <coordinates>
            143.926556,-36.66225,0
          </coordinates>
        </Point>
      </Placemark>
      <Placemark>
        <name>Loddon River - Kerang camping area 2</name>
        <description><![CDATA[URL: https://www.forestsandreserves.vic.gov.au/land-management/managing-crown-land/camping-on-licensed-crown-water-frontages/loddon-river-kerang-camping-area-2<br>Location: 24 km south of Kerang<br>Latitude: -35.661361<br>Longitude: 143.912028<br>Co-ordinates: -35.661361' 143.912028]]></description>
        <styleUrl>#icon-1899-0288D1</styleUrl>
        <ExtendedData>
          <Data name="URL">
            <value>https://www.forestsandreserves.vic.gov.au/land-management/managing-crown-land/camping-on-licensed-crown-water-frontages/loddon-river-kerang-camping-area-2</value>
          </Data>
          <Data name="Location">
            <value>24 km south of Kerang</value>
          </Data>
          <Data name="Latitude">
            <value>-35.661361</value>
          </Data>
          <Data name="Longitude">
            <value>143.912028</value>
          </Data>
          <Data name="Co-ordinates">
            <value><![CDATA[-35.661361' 143.912028]]></value>
          </Data>
        </ExtendedData>
        <Point>
          <coordinates>
            143.912028,-35.661361,0
          </coordinates>
        </Point>
      </Placemark>
      <Placemark>
        <name>Loddon River - Kerang camping area 4</name>
        <description><![CDATA[URL: https://www.forestsandreserves.vic.gov.au/land-management/managing-crown-land/camping-on-licensed-crown-water-frontages/loddon-river-kerang-camping-area-4<br>Location: 9 km north of Kerang<br>Latitude: -35.899861<br>Longitude: 143.870583<br>Co-ordinates: -35.899861' 143.870583]]></description>
        <styleUrl>#icon-1899-0288D1</styleUrl>
        <ExtendedData>
          <Data name="URL">
            <value>https://www.forestsandreserves.vic.gov.au/land-management/managing-crown-land/camping-on-licensed-crown-water-frontages/loddon-river-kerang-camping-area-4</value>
          </Data>
          <Data name="Location">
            <value>9 km north of Kerang</value>
          </Data>
          <Data name="Latitude">
            <value>-35.899861</value>
          </Data>
          <Data name="Longitude">
            <value>143.870583</value>
          </Data>
          <Data name="Co-ordinates">
            <value><![CDATA[-35.899861' 143.870583]]></value>
          </Data>
        </ExtendedData>
        <Point>
          <coordinates>
            143.870583,-35.899861,0
          </coordinates>
        </Point>
      </Placemark>
      <Placemark>
        <name>Loddon River - Kerang camping area 5</name>
        <description><![CDATA[URL: https://www.forestsandreserves.vic.gov.au/land-management/managing-crown-land/camping-on-licensed-crown-water-frontages/loddon-river-kerang-camping-area-5<br>Location: 24 km south of Kerang<br>Latitude: -35.899861<br>Longitude: 143.870583<br>Co-ordinates: -35.899861' 143.870583]]></description>
        <styleUrl>#icon-1899-0288D1</styleUrl>
        <ExtendedData>
          <Data name="URL">
            <value>https://www.forestsandreserves.vic.gov.au/land-management/managing-crown-land/camping-on-licensed-crown-water-frontages/loddon-river-kerang-camping-area-5</value>
          </Data>
          <Data name="Location">
            <value>24 km south of Kerang</value>
          </Data>
          <Data name="Latitude">
            <value>-35.899861</value>
          </Data>
          <Data name="Longitude">
            <value>143.870583</value>
          </Data>
          <Data name="Co-ordinates">
            <value><![CDATA[-35.899861' 143.870583]]></value>
          </Data>
        </ExtendedData>
        <Point>
          <coordinates>
            143.870583,-35.899861,0
          </coordinates>
        </Point>
      </Placemark>
      <Placemark>
        <name>Loddon River - Kerang camping area 7</name>
        <description><![CDATA[URL: https://www.forestsandreserves.vic.gov.au/land-management/managing-crown-land/camping-on-licensed-crown-water-frontages/Loddon-River-Kerang-Camping-area-7<br>Location: 19 km south of Kerang<br>Latitude: -35.858111<br>Longitude: 143.890472<br>Co-ordinates: -35.858111' 143.890472]]></description>
        <styleUrl>#icon-1899-0288D1</styleUrl>
        <ExtendedData>
          <Data name="URL">
            <value>https://www.forestsandreserves.vic.gov.au/land-management/managing-crown-land/camping-on-licensed-crown-water-frontages/Loddon-River-Kerang-Camping-area-7</value>
          </Data>
          <Data name="Location">
            <value>19 km south of Kerang</value>
          </Data>
          <Data name="Latitude">
            <value>-35.858111</value>
          </Data>
          <Data name="Longitude">
            <value>143.890472</value>
          </Data>
          <Data name="Co-ordinates">
            <value><![CDATA[-35.858111' 143.890472]]></value>
          </Data>
        </ExtendedData>
        <Point>
          <coordinates>
            143.890472,-35.858111,0
          </coordinates>
        </Point>
      </Placemark>
      <Placemark>
        <name>Loddon River - Laanecoorie camping area 1</name>
        <description><![CDATA[URL: https://www.forestsandreserves.vic.gov.au/land-management/managing-crown-land/camping-on-licensed-crown-water-frontages/loddon-river-laanecoorie-camping-area-1<br>Location: 300 m north east of Laanecoorie<br>Latitude: -36.825722<br>Longitude: 143.904861<br>Co-ordinates: -36.825722' 143.904861]]></description>
        <styleUrl>#icon-1899-0288D1</styleUrl>
        <ExtendedData>
          <Data name="URL">
            <value>https://www.forestsandreserves.vic.gov.au/land-management/managing-crown-land/camping-on-licensed-crown-water-frontages/loddon-river-laanecoorie-camping-area-1</value>
          </Data>
          <Data name="Location">
            <value>300 m north east of Laanecoorie</value>
          </Data>
          <Data name="Latitude">
            <value>-36.825722</value>
          </Data>
          <Data name="Longitude">
            <value>143.904861</value>
          </Data>
          <Data name="Co-ordinates">
            <value><![CDATA[-36.825722' 143.904861]]></value>
          </Data>
        </ExtendedData>
        <Point>
          <coordinates>
            143.904861,-36.825722,0
          </coordinates>
        </Point>
      </Placemark>
      <Placemark>
        <name>Loddon River - Serpentine camping area 1</name>
        <description><![CDATA[URL: https://www.forestsandreserves.vic.gov.au/land-management/managing-crown-land/camping-on-licensed-crown-water-frontages/loddon-river-serpentine-camping-area-1<br>Location: 4 km south of Serpentine<br>Latitude: -36.445583<br>Longitude: 143.967111<br>Co-ordinates: -36.445583' 143.967111]]></description>
        <styleUrl>#icon-1899-0288D1</styleUrl>
        <ExtendedData>
          <Data name="URL">
            <value>https://www.forestsandreserves.vic.gov.au/land-management/managing-crown-land/camping-on-licensed-crown-water-frontages/loddon-river-serpentine-camping-area-1</value>
          </Data>
          <Data name="Location">
            <value>4 km south of Serpentine</value>
          </Data>
          <Data name="Latitude">
            <value>-36.445583</value>
          </Data>
          <Data name="Longitude">
            <value>143.967111</value>
          </Data>
          <Data name="Co-ordinates">
            <value><![CDATA[-36.445583' 143.967111]]></value>
          </Data>
        </ExtendedData>
        <Point>
          <coordinates>
            143.967111,-36.445583,0
          </coordinates>
        </Point>
      </Placemark>
      <Placemark>
        <name>Loddon River -Boort camping area 9</name>
        <description><![CDATA[URL: https://www.forestsandreserves.vic.gov.au/land-management/managing-crown-land/camping-on-licensed-crown-water-frontages/loddon-river-boort-camping-area-9<br>Location: 23 km north of Boort<br>Latitude: -35.989806<br>Longitude: 143.842056<br>Co-ordinates: -35.989806' 143.842056]]></description>
        <styleUrl>#icon-1899-0288D1</styleUrl>
        <ExtendedData>
          <Data name="URL">
            <value>https://www.forestsandreserves.vic.gov.au/land-management/managing-crown-land/camping-on-licensed-crown-water-frontages/loddon-river-boort-camping-area-9</value>
          </Data>
          <Data name="Location">
            <value>23 km north of Boort</value>
          </Data>
          <Data name="Latitude">
            <value>-35.989806</value>
          </Data>
          <Data name="Longitude">
            <value>143.842056</value>
          </Data>
          <Data name="Co-ordinates">
            <value><![CDATA[-35.989806' 143.842056]]></value>
          </Data>
        </ExtendedData>
        <Point>
          <coordinates>
            143.842056,-35.989806,0
          </coordinates>
        </Point>
      </Placemark>
      <Placemark>
        <name>Middle Creek - Yinnar camping area 1 and 3</name>
        <description><![CDATA[URL: https://www.forestsandreserves.vic.gov.au/land-management/managing-crown-land/camping-on-licensed-crown-water-frontages/Middle-Creek-Yinnar-camping-area-1-and-3<br>Location: 2 km north of Yinnar<br>Latitude: -38.314571<br>Longitude: 146.332726<br>Co-ordinates: -38.314571' 146.332726]]></description>
        <styleUrl>#icon-1899-0288D1</styleUrl>
        <ExtendedData>
          <Data name="URL">
            <value>https://www.forestsandreserves.vic.gov.au/land-management/managing-crown-land/camping-on-licensed-crown-water-frontages/Middle-Creek-Yinnar-camping-area-1-and-3</value>
          </Data>
          <Data name="Location">
            <value>2 km north of Yinnar</value>
          </Data>
          <Data name="Latitude">
            <value>-38.314571</value>
          </Data>
          <Data name="Longitude">
            <value>146.332726</value>
          </Data>
          <Data name="Co-ordinates">
            <value><![CDATA[-38.314571' 146.332726]]></value>
          </Data>
        </ExtendedData>
        <Point>
          <coordinates>
            146.332726,-38.314571,0
          </coordinates>
        </Point>
      </Placemark>
      <Placemark>
        <name>Mitta Mitta River - Tallandoon camping area 1a and 1b</name>
        <description><![CDATA[URL: https://www.forestsandreserves.vic.gov.au/land-management/managing-crown-land/camping-on-licensed-crown-water-frontages/mitta-mitta-river-tallandoon-camping-area-1<br>Location: 6.8 km north-east of Tallandoon<br>Latitude: -36.402194<br>Longitude: 147.265556<br>Co-ordinates: -36.402194' 147.265556]]></description>
        <styleUrl>#icon-1899-0288D1</styleUrl>
        <ExtendedData>
          <Data name="URL">
            <value>https://www.forestsandreserves.vic.gov.au/land-management/managing-crown-land/camping-on-licensed-crown-water-frontages/mitta-mitta-river-tallandoon-camping-area-1</value>
          </Data>
          <Data name="Location">
            <value>6.8 km north-east of Tallandoon</value>
          </Data>
          <Data name="Latitude">
            <value>-36.402194</value>
          </Data>
          <Data name="Longitude">
            <value>147.265556</value>
          </Data>
          <Data name="Co-ordinates">
            <value><![CDATA[-36.402194' 147.265556]]></value>
          </Data>
        </ExtendedData>
        <Point>
          <coordinates>
            147.265556,-36.402194,0
          </coordinates>
        </Point>
      </Placemark>
      <Placemark>
        <name>Mitta Mitta River - Tallandoon camping area 3</name>
        <description><![CDATA[URL: https://www.forestsandreserves.vic.gov.au/land-management/managing-crown-land/camping-on-licensed-crown-water-frontages/mitta-mitta-river-tallandoon-camping-area-3<br>Location: 4.3 km north-east of Tallandoon<br>Latitude: -36.407306<br>Longitude: 147.231833<br>Co-ordinates: -36.407306' 147.231833]]></description>
        <styleUrl>#icon-1899-0288D1</styleUrl>
        <ExtendedData>
          <Data name="URL">
            <value>https://www.forestsandreserves.vic.gov.au/land-management/managing-crown-land/camping-on-licensed-crown-water-frontages/mitta-mitta-river-tallandoon-camping-area-3</value>
          </Data>
          <Data name="Location">
            <value>4.3 km north-east of Tallandoon</value>
          </Data>
          <Data name="Latitude">
            <value>-36.407306</value>
          </Data>
          <Data name="Longitude">
            <value>147.231833</value>
          </Data>
          <Data name="Co-ordinates">
            <value><![CDATA[-36.407306' 147.231833]]></value>
          </Data>
        </ExtendedData>
        <Point>
          <coordinates>
            147.231833,-36.407306,0
          </coordinates>
        </Point>
      </Placemark>
      <Placemark>
        <name>Murray River - Swan Hill camping area 6 and 7</name>
        <description><![CDATA[URL: https://www.forestsandreserves.vic.gov.au/land-management/managing-crown-land/camping-on-licensed-crown-water-frontages/Murray-River-Swan-Hill-Camping-Area-6-and-7<br>Location: 8 km east of Swan Hill<br>Latitude: -35.34918<br>Longitude: 143.581917<br>Co-ordinates: -35.34918' 143.581917]]></description>
        <styleUrl>#icon-1899-0288D1</styleUrl>
        <ExtendedData>
          <Data name="URL">
            <value>https://www.forestsandreserves.vic.gov.au/land-management/managing-crown-land/camping-on-licensed-crown-water-frontages/Murray-River-Swan-Hill-Camping-Area-6-and-7</value>
          </Data>
          <Data name="Location">
            <value>8 km east of Swan Hill</value>
          </Data>
          <Data name="Latitude">
            <value>-35.34918</value>
          </Data>
          <Data name="Longitude">
            <value>143.581917</value>
          </Data>
          <Data name="Co-ordinates">
            <value><![CDATA[-35.34918' 143.581917]]></value>
          </Data>
        </ExtendedData>
        <Point>
          <coordinates>
            143.581917,-35.34918,0
          </coordinates>
        </Point>
      </Placemark>
      <Placemark>
        <name>Neilborough Creek - Raywood camping area 2</name>
        <description><![CDATA[URL: https://www.forestsandreserves.vic.gov.au/land-management/managing-crown-land/camping-on-licensed-crown-water-frontages/Neilborough-Creek-Raywood-Camping-Area-2<br>Location: 4 km north-west of Raywood<br>Latitude: -36.512113<br>Longitude: 144.230616<br>Co-ordinates: -36.512113' 144.230616]]></description>
        <styleUrl>#icon-1899-0288D1</styleUrl>
        <ExtendedData>
          <Data name="URL">
            <value>https://www.forestsandreserves.vic.gov.au/land-management/managing-crown-land/camping-on-licensed-crown-water-frontages/Neilborough-Creek-Raywood-Camping-Area-2</value>
          </Data>
          <Data name="Location">
            <value>4 km north-west of Raywood</value>
          </Data>
          <Data name="Latitude">
            <value>-36.512113</value>
          </Data>
          <Data name="Longitude">
            <value>144.230616</value>
          </Data>
          <Data name="Co-ordinates">
            <value><![CDATA[-36.512113' 144.230616]]></value>
          </Data>
        </ExtendedData>
        <Point>
          <coordinates>
            144.230616,-36.512113,0
          </coordinates>
        </Point>
      </Placemark>
      <Placemark>
        <name>Ovens River - Ovens camping areas 1 and 2</name>
        <description><![CDATA[URL: https://www.forestsandreserves.vic.gov.au/land-management/managing-crown-land/camping-on-licensed-crown-water-frontages/ovens-river-ovens-camping-area-1-and-2<br>Location: Between Myrtleford and Ovens<br>Latitude: -36.595028<br>Longitude: 146.759278<br>Co-ordinates: -36.595028' 146.759278]]></description>
        <styleUrl>#icon-1899-0288D1</styleUrl>
        <ExtendedData>
          <Data name="URL">
            <value>https://www.forestsandreserves.vic.gov.au/land-management/managing-crown-land/camping-on-licensed-crown-water-frontages/ovens-river-ovens-camping-area-1-and-2</value>
          </Data>
          <Data name="Location">
            <value>Between Myrtleford and Ovens</value>
          </Data>
          <Data name="Latitude">
            <value>-36.595028</value>
          </Data>
          <Data name="Longitude">
            <value>146.759278</value>
          </Data>
          <Data name="Co-ordinates">
            <value><![CDATA[-36.595028' 146.759278]]></value>
          </Data>
        </ExtendedData>
        <Point>
          <coordinates>
            146.759278,-36.595028,0
          </coordinates>
        </Point>
      </Placemark>
      <Placemark>
        <name>Ovens River - Wangaratta camping area 1</name>
        <description><![CDATA[URL: https://www.forestsandreserves.vic.gov.au/land-management/managing-crown-land/camping-on-licensed-crown-water-frontages/ovens-river-wangaratta-camping-area-1<br>Location: North of Wangaratta<br>Latitude: -36.335389<br>Longitude: 146.317833<br>Co-ordinates: -36.335389' 146.317833]]></description>
        <styleUrl>#icon-1899-0288D1</styleUrl>
        <ExtendedData>
          <Data name="URL">
            <value>https://www.forestsandreserves.vic.gov.au/land-management/managing-crown-land/camping-on-licensed-crown-water-frontages/ovens-river-wangaratta-camping-area-1</value>
          </Data>
          <Data name="Location">
            <value>North of Wangaratta</value>
          </Data>
          <Data name="Latitude">
            <value>-36.335389</value>
          </Data>
          <Data name="Longitude">
            <value>146.317833</value>
          </Data>
          <Data name="Co-ordinates">
            <value><![CDATA[-36.335389' 146.317833]]></value>
          </Data>
        </ExtendedData>
        <Point>
          <coordinates>
            146.317833,-36.335389,0
          </coordinates>
        </Point>
      </Placemark>
      <Placemark>
        <name>Ovens River - Wangaratta camping area 4</name>
        <description><![CDATA[URL: https://www.forestsandreserves.vic.gov.au/land-management/managing-crown-land/camping-on-licensed-crown-water-frontages/ovens-river-wangaratta-camping-area-4<br>Location: East of Wangaratta<br>Latitude: -36.359639<br>Longitude: 146.342917<br>Co-ordinates: -36.359639' 146.342917]]></description>
        <styleUrl>#icon-1899-0288D1</styleUrl>
        <ExtendedData>
          <Data name="URL">
            <value>https://www.forestsandreserves.vic.gov.au/land-management/managing-crown-land/camping-on-licensed-crown-water-frontages/ovens-river-wangaratta-camping-area-4</value>
          </Data>
          <Data name="Location">
            <value>East of Wangaratta</value>
          </Data>
          <Data name="Latitude">
            <value>-36.359639</value>
          </Data>
          <Data name="Longitude">
            <value>146.342917</value>
          </Data>
          <Data name="Co-ordinates">
            <value><![CDATA[-36.359639' 146.342917]]></value>
          </Data>
        </ExtendedData>
        <Point>
          <coordinates>
            146.342917,-36.359639,0
          </coordinates>
        </Point>
      </Placemark>
      <Placemark>
        <name>Ovens River - Wangaratta camping area 2</name>
        <description><![CDATA[URL: https://www.forestsandreserves.vic.gov.au/land-management/managing-crown-land/camping-on-licensed-crown-water-frontages/ovens-river-wangaratta-camping-area-2<br>Location: Approximately 3 km west of Wangaratta<br>Latitude: -36.35525<br>Longitude: 146.345639<br>Co-ordinates: -36.35525' 146.345639]]></description>
        <styleUrl>#icon-1899-0288D1</styleUrl>
        <ExtendedData>
          <Data name="URL">
            <value>https://www.forestsandreserves.vic.gov.au/land-management/managing-crown-land/camping-on-licensed-crown-water-frontages/ovens-river-wangaratta-camping-area-2</value>
          </Data>
          <Data name="Location">
            <value>Approximately 3 km west of Wangaratta</value>
          </Data>
          <Data name="Latitude">
            <value>-36.35525</value>
          </Data>
          <Data name="Longitude">
            <value>146.345639</value>
          </Data>
          <Data name="Co-ordinates">
            <value><![CDATA[-36.35525' 146.345639]]></value>
          </Data>
        </ExtendedData>
        <Point>
          <coordinates>
            146.345639,-36.35525,0
          </coordinates>
        </Point>
      </Placemark>
      <Placemark>
        <name>Ovens River - Wangaratta camping area 3</name>
        <description><![CDATA[URL: https://www.forestsandreserves.vic.gov.au/land-management/managing-crown-land/camping-on-licensed-crown-water-frontages/ovens-river-wangaratta-camping-area-3<br>Location: East of Wangaratta<br>Latitude: -36.366<br>Longitude: 146.3515<br>Co-ordinates: -36.366' 146.3515]]></description>
        <styleUrl>#icon-1899-0288D1</styleUrl>
        <ExtendedData>
          <Data name="URL">
            <value>https://www.forestsandreserves.vic.gov.au/land-management/managing-crown-land/camping-on-licensed-crown-water-frontages/ovens-river-wangaratta-camping-area-3</value>
          </Data>
          <Data name="Location">
            <value>East of Wangaratta</value>
          </Data>
          <Data name="Latitude">
            <value>-36.366</value>
          </Data>
          <Data name="Longitude">
            <value>146.3515</value>
          </Data>
          <Data name="Co-ordinates">
            <value><![CDATA[-36.366' 146.3515]]></value>
          </Data>
        </ExtendedData>
        <Point>
          <coordinates>
            146.3515,-36.366,0
          </coordinates>
        </Point>
      </Placemark>
      <Placemark>
        <name>Richardson River - Banyena camping area 3</name>
        <description><![CDATA[URL: https://www.forestsandreserves.vic.gov.au/land-management/managing-crown-land/camping-on-licensed-crown-water-frontages/Richardson-river-banyena-camping-area-3<br>Location: 11.5 km north east of Banyena<br>Latitude: -36.504917<br>Longitude: 142.88175<br>Co-ordinates: -36.504917' 142.88175]]></description>
        <styleUrl>#icon-1899-0288D1</styleUrl>
        <ExtendedData>
          <Data name="URL">
            <value>https://www.forestsandreserves.vic.gov.au/land-management/managing-crown-land/camping-on-licensed-crown-water-frontages/Richardson-river-banyena-camping-area-3</value>
          </Data>
          <Data name="Location">
            <value>11.5 km north east of Banyena</value>
          </Data>
          <Data name="Latitude">
            <value>-36.504917</value>
          </Data>
          <Data name="Longitude">
            <value>142.88175</value>
          </Data>
          <Data name="Co-ordinates">
            <value><![CDATA[-36.504917' 142.88175]]></value>
          </Data>
        </ExtendedData>
        <Point>
          <coordinates>
            142.88175,-36.504917,0
          </coordinates>
        </Point>
      </Placemark>
      <Placemark>
        <name>Richardson River - Marnoo West camping area 1</name>
        <description><![CDATA[URL: https://www.forestsandreserves.vic.gov.au/land-management/managing-crown-land/camping-on-licensed-crown-water-frontages/richardson-river-marnoo-west-camping-area-1<br>Location: 4.5 km south east of Marnoo West<br>Latitude: -36.761417<br>Longitude: 142.806694<br>Co-ordinates: -36.761417' 142.806694]]></description>
        <styleUrl>#icon-1899-0288D1</styleUrl>
        <ExtendedData>
          <Data name="URL">
            <value>https://www.forestsandreserves.vic.gov.au/land-management/managing-crown-land/camping-on-licensed-crown-water-frontages/richardson-river-marnoo-west-camping-area-1</value>
          </Data>
          <Data name="Location">
            <value>4.5 km south east of Marnoo West</value>
          </Data>
          <Data name="Latitude">
            <value>-36.761417</value>
          </Data>
          <Data name="Longitude">
            <value>142.806694</value>
          </Data>
          <Data name="Co-ordinates">
            <value><![CDATA[-36.761417' 142.806694]]></value>
          </Data>
        </ExtendedData>
        <Point>
          <coordinates>
            142.806694,-36.761417,0
          </coordinates>
        </Point>
      </Placemark>
      <Placemark>
        <name>Richardson River - Rupanyup camping area 1</name>
        <description><![CDATA[URL: https://www.forestsandreserves.vic.gov.au/land-management/managing-crown-land/camping-on-licensed-crown-water-frontages/richardson-river-rupanyup-camping-area-1<br>Location: 29 km north east of Rupanyup<br>Latitude: -36.534389<br>Longitude: 142.833694<br>Co-ordinates: -36.534389' 142.833694]]></description>
        <styleUrl>#icon-1899-0288D1</styleUrl>
        <ExtendedData>
          <Data name="URL">
            <value>https://www.forestsandreserves.vic.gov.au/land-management/managing-crown-land/camping-on-licensed-crown-water-frontages/richardson-river-rupanyup-camping-area-1</value>
          </Data>
          <Data name="Location">
            <value>29 km north east of Rupanyup</value>
          </Data>
          <Data name="Latitude">
            <value>-36.534389</value>
          </Data>
          <Data name="Longitude">
            <value>142.833694</value>
          </Data>
          <Data name="Co-ordinates">
            <value><![CDATA[-36.534389' 142.833694]]></value>
          </Data>
        </ExtendedData>
        <Point>
          <coordinates>
            142.833694,-36.534389,0
          </coordinates>
        </Point>
      </Placemark>
      <Placemark>
        <name>Richardson River - Rupanyup camping area 2</name>
        <description><![CDATA[URL: https://www.forestsandreserves.vic.gov.au/land-management/managing-crown-land/camping-on-licensed-crown-water-frontages/richardson-river-rupanyup-camping-area-2<br>Location: 23 km south east of Rupanyup<br>Latitude: -36.73525<br>Longitude: 142.743472<br>Co-ordinates: -36.73525' 142.743472]]></description>
        <styleUrl>#icon-1899-0288D1</styleUrl>
        <ExtendedData>
          <Data name="URL">
            <value>https://www.forestsandreserves.vic.gov.au/land-management/managing-crown-land/camping-on-licensed-crown-water-frontages/richardson-river-rupanyup-camping-area-2</value>
          </Data>
          <Data name="Location">
            <value>23 km south east of Rupanyup</value>
          </Data>
          <Data name="Latitude">
            <value>-36.73525</value>
          </Data>
          <Data name="Longitude">
            <value>142.743472</value>
          </Data>
          <Data name="Co-ordinates">
            <value><![CDATA[-36.73525' 142.743472]]></value>
          </Data>
        </ExtendedData>
        <Point>
          <coordinates>
            142.743472,-36.73525,0
          </coordinates>
        </Point>
      </Placemark>
      <Placemark>
        <name>Serpentine Creek -Fernihurst camping area 1 and 2</name>
        <description><![CDATA[URL: https://www.forestsandreserves.vic.gov.au/land-management/managing-crown-land/camping-on-licensed-crown-water-frontages/serpentine-creek-fernihurst-camping-area-1<br>Location: 20 km north of Serpentine<br>Latitude: -36.240389<br>Longitude: 143.935528<br>Co-ordinates: -36.240389' 143.935528]]></description>
        <styleUrl>#icon-1899-0288D1</styleUrl>
        <ExtendedData>
          <Data name="URL">
            <value>https://www.forestsandreserves.vic.gov.au/land-management/managing-crown-land/camping-on-licensed-crown-water-frontages/serpentine-creek-fernihurst-camping-area-1</value>
          </Data>
          <Data name="Location">
            <value>20 km north of Serpentine</value>
          </Data>
          <Data name="Latitude">
            <value>-36.240389</value>
          </Data>
          <Data name="Longitude">
            <value>143.935528</value>
          </Data>
          <Data name="Co-ordinates">
            <value><![CDATA[-36.240389' 143.935528]]></value>
          </Data>
        </ExtendedData>
        <Point>
          <coordinates>
            143.935528,-36.240389,0
          </coordinates>
        </Point>
      </Placemark>
      <Placemark>
        <name>Wannon River - Dunkeld camping area 1 and 2</name>
        <description><![CDATA[URL: https://www.forestsandreserves.vic.gov.au/land-management/managing-crown-land/camping-on-licensed-crown-water-frontages/wannon-river-dunkeld-camping-area-1-and-2<br>Location: 8.5 km north west of Dunkeld<br>Latitude: -37.614472<br>Longitude: 142.256556<br>Co-ordinates: -37.614472' 142.256556]]></description>
        <styleUrl>#icon-1899-0288D1</styleUrl>
        <ExtendedData>
          <Data name="URL">
            <value>https://www.forestsandreserves.vic.gov.au/land-management/managing-crown-land/camping-on-licensed-crown-water-frontages/wannon-river-dunkeld-camping-area-1-and-2</value>
          </Data>
          <Data name="Location">
            <value>8.5 km north west of Dunkeld</value>
          </Data>
          <Data name="Latitude">
            <value>-37.614472</value>
          </Data>
          <Data name="Longitude">
            <value>142.256556</value>
          </Data>
          <Data name="Co-ordinates">
            <value><![CDATA[-37.614472' 142.256556]]></value>
          </Data>
        </ExtendedData>
        <Point>
          <coordinates>
            142.256556,-37.614472,0
          </coordinates>
        </Point>
      </Placemark>
      <Placemark>
        <name>Wimmera River - Crowlands camping area 5</name>
        <description><![CDATA[URL: https://www.forestsandreserves.vic.gov.au/land-management/managing-crown-land/camping-on-licensed-crown-water-frontages/wimmera-river-crowlands-camping-area-5<br>Location: Within Crowlands township<br>Latitude: -37.152444<br>Longitude: 143.106417<br>Co-ordinates: -37.152444' 143.106417]]></description>
        <styleUrl>#icon-1899-0288D1</styleUrl>
        <ExtendedData>
          <Data name="URL">
            <value>https://www.forestsandreserves.vic.gov.au/land-management/managing-crown-land/camping-on-licensed-crown-water-frontages/wimmera-river-crowlands-camping-area-5</value>
          </Data>
          <Data name="Location">
            <value>Within Crowlands township</value>
          </Data>
          <Data name="Latitude">
            <value>-37.152444</value>
          </Data>
          <Data name="Longitude">
            <value>143.106417</value>
          </Data>
          <Data name="Co-ordinates">
            <value><![CDATA[-37.152444' 143.106417]]></value>
          </Data>
        </ExtendedData>
        <Point>
          <coordinates>
            143.106417,-37.152444,0
          </coordinates>
        </Point>
      </Placemark>
      <Placemark>
        <name>Wimmera River - Crowlands camping area 6</name>
        <description><![CDATA[URL: https://www.forestsandreserves.vic.gov.au/land-management/managing-crown-land/camping-on-licensed-crown-water-frontages/Wimmera-River-Crowlands-Camping-area-6<br>Location: 8 km north-west of Crowlands<br>Latitude: -37.104167<br>Longitude: 143.054472<br>Co-ordinates: -37.104167' 143.054472]]></description>
        <styleUrl>#icon-1899-0288D1</styleUrl>
        <ExtendedData>
          <Data name="URL">
            <value>https://www.forestsandreserves.vic.gov.au/land-management/managing-crown-land/camping-on-licensed-crown-water-frontages/Wimmera-River-Crowlands-Camping-area-6</value>
          </Data>
          <Data name="Location">
            <value>8 km north-west of Crowlands</value>
          </Data>
          <Data name="Latitude">
            <value>-37.104167</value>
          </Data>
          <Data name="Longitude">
            <value>143.054472</value>
          </Data>
          <Data name="Co-ordinates">
            <value><![CDATA[-37.104167' 143.054472]]></value>
          </Data>
        </ExtendedData>
        <Point>
          <coordinates>
            143.054472,-37.104167,0
          </coordinates>
        </Point>
      </Placemark>
      <Placemark>
        <name>Wimmera River - Glenorchy camping area 1, 2 and 4</name>
        <description><![CDATA[URL: https://www.forestsandreserves.vic.gov.au/land-management/managing-crown-land/camping-on-licensed-crown-water-frontages/wimmera-river-glenorchy-camping-area-1-2-and-4<br>Location: 18 km north-west of Glenorchy<br>Latitude: -36.812028<br>Longitude: 142.508472<br>Co-ordinates: -36.812028' 142.508472]]></description>
        <styleUrl>#icon-1899-0288D1</styleUrl>
        <ExtendedData>
          <Data name="URL">
            <value>https://www.forestsandreserves.vic.gov.au/land-management/managing-crown-land/camping-on-licensed-crown-water-frontages/wimmera-river-glenorchy-camping-area-1-2-and-4</value>
          </Data>
          <Data name="Location">
            <value>18 km north-west of Glenorchy</value>
          </Data>
          <Data name="Latitude">
            <value>-36.812028</value>
          </Data>
          <Data name="Longitude">
            <value>142.508472</value>
          </Data>
          <Data name="Co-ordinates">
            <value><![CDATA[-36.812028' 142.508472]]></value>
          </Data>
        </ExtendedData>
        <Point>
          <coordinates>
            142.508472,-36.812028,0
          </coordinates>
        </Point>
      </Placemark>
      <Placemark>
        <name>Wimmera River - Glenorchy camping area 3</name>
        <description><![CDATA[URL: https://www.forestsandreserves.vic.gov.au/land-management/managing-crown-land/camping-on-licensed-crown-water-frontages/wimmera-river-glenorchy-camping-area-3<br>Location: 21 km north-west of Glenorchy<br>Latitude: -36.797306<br>Longitude: 142.494667<br>Co-ordinates: -36.797306' 142.494667]]></description>
        <styleUrl>#icon-1899-0288D1</styleUrl>
        <ExtendedData>
          <Data name="URL">
            <value>https://www.forestsandreserves.vic.gov.au/land-management/managing-crown-land/camping-on-licensed-crown-water-frontages/wimmera-river-glenorchy-camping-area-3</value>
          </Data>
          <Data name="Location">
            <value>21 km north-west of Glenorchy</value>
          </Data>
          <Data name="Latitude">
            <value>-36.797306</value>
          </Data>
          <Data name="Longitude">
            <value>142.494667</value>
          </Data>
          <Data name="Co-ordinates">
            <value><![CDATA[-36.797306' 142.494667]]></value>
          </Data>
        </ExtendedData>
        <Point>
          <coordinates>
            142.494667,-36.797306,0
          </coordinates>
        </Point>
      </Placemark>
      <Placemark>
        <name>Wimmera River - Horsham camping area 11 and 12</name>
        <description><![CDATA[URL: https://www.forestsandreserves.vic.gov.au/land-management/managing-crown-land/camping-on-licensed-crown-water-frontages/wimmera-river-horsham-camping-area-11-and-12<br>Location: 29 km north-west of Horsham<br>Latitude: -36.5705<br>Longitude: 142.003417<br>Co-ordinates: -36.5705' 142.003417]]></description>
        <styleUrl>#icon-1899-0288D1</styleUrl>
        <ExtendedData>
          <Data name="URL">
            <value>https://www.forestsandreserves.vic.gov.au/land-management/managing-crown-land/camping-on-licensed-crown-water-frontages/wimmera-river-horsham-camping-area-11-and-12</value>
          </Data>
          <Data name="Location">
            <value>29 km north-west of Horsham</value>
          </Data>
          <Data name="Latitude">
            <value>-36.5705</value>
          </Data>
          <Data name="Longitude">
            <value>142.003417</value>
          </Data>
          <Data name="Co-ordinates">
            <value><![CDATA[-36.5705' 142.003417]]></value>
          </Data>
        </ExtendedData>
        <Point>
          <coordinates>
            142.003417,-36.5705,0
          </coordinates>
        </Point>
      </Placemark>
      <Placemark>
        <name>Wimmera River - Horsham camping area 2, 3 and 4</name>
        <description><![CDATA[URL: https://www.forestsandreserves.vic.gov.au/land-management/managing-crown-land/camping-on-licensed-crown-water-frontages/wimmera-river-horsham-camping-area-2-3-4<br>Location: 18 km south-west of Horsham<br>Latitude: -36.780861<br>Longitude: 142.039111<br>Co-ordinates: -36.780861' 142.039111]]></description>
        <styleUrl>#icon-1899-0288D1</styleUrl>
        <ExtendedData>
          <Data name="URL">
            <value>https://www.forestsandreserves.vic.gov.au/land-management/managing-crown-land/camping-on-licensed-crown-water-frontages/wimmera-river-horsham-camping-area-2-3-4</value>
          </Data>
          <Data name="Location">
            <value>18 km south-west of Horsham</value>
          </Data>
          <Data name="Latitude">
            <value>-36.780861</value>
          </Data>
          <Data name="Longitude">
            <value>142.039111</value>
          </Data>
          <Data name="Co-ordinates">
            <value><![CDATA[-36.780861' 142.039111]]></value>
          </Data>
        </ExtendedData>
        <Point>
          <coordinates>
            142.039111,-36.780861,0
          </coordinates>
        </Point>
      </Placemark>
      <Placemark>
        <name>Wimmera River - Horsham camping area 5 and 6</name>
        <description><![CDATA[URL: https://www.forestsandreserves.vic.gov.au/land-management/managing-crown-land/camping-on-licensed-crown-water-frontages/wimmera-river-horsham-camping-area-5-and-6<br>Location: 6.8 km east of Natimuk<br>Latitude: -36.734083<br>Longitude: 142.002278<br>Co-ordinates: -36.734083' 142.002278]]></description>
        <styleUrl>#icon-1899-0288D1</styleUrl>
        <ExtendedData>
          <Data name="URL">
            <value>https://www.forestsandreserves.vic.gov.au/land-management/managing-crown-land/camping-on-licensed-crown-water-frontages/wimmera-river-horsham-camping-area-5-and-6</value>
          </Data>
          <Data name="Location">
            <value>6.8 km east of Natimuk</value>
          </Data>
          <Data name="Latitude">
            <value>-36.734083</value>
          </Data>
          <Data name="Longitude">
            <value>142.002278</value>
          </Data>
          <Data name="Co-ordinates">
            <value><![CDATA[-36.734083' 142.002278]]></value>
          </Data>
        </ExtendedData>
        <Point>
          <coordinates>
            142.002278,-36.734083,0
          </coordinates>
        </Point>
      </Placemark>
      <Placemark>
        <name>Wimmera River - Longerenong camping area 5, 6 and 7</name>
        <description><![CDATA[URL: https://www.forestsandreserves.vic.gov.au/land-management/managing-crown-land/camping-on-licensed-crown-water-frontages/wimmera-river-longerenong-camping-area-5-6-and-7<br>Location: 13.5 km east of Horsham<br>Latitude: -36.721778<br>Longitude: 142.338722<br>Co-ordinates: -36.721778' 142.338722]]></description>
        <styleUrl>#icon-1899-0288D1</styleUrl>
        <ExtendedData>
          <Data name="URL">
            <value>https://www.forestsandreserves.vic.gov.au/land-management/managing-crown-land/camping-on-licensed-crown-water-frontages/wimmera-river-longerenong-camping-area-5-6-and-7</value>
          </Data>
          <Data name="Location">
            <value>13.5 km east of Horsham</value>
          </Data>
          <Data name="Latitude">
            <value>-36.721778</value>
          </Data>
          <Data name="Longitude">
            <value>142.338722</value>
          </Data>
          <Data name="Co-ordinates">
            <value><![CDATA[-36.721778' 142.338722]]></value>
          </Data>
        </ExtendedData>
        <Point>
          <coordinates>
            142.338722,-36.721778,0
          </coordinates>
        </Point>
      </Placemark>
      <Placemark>
        <name>Yarriambiack Creek  - Hopetoun camping area 3, 4 and 5</name>
        <description><![CDATA[URL: https://www.forestsandreserves.vic.gov.au/land-management/managing-crown-land/camping-on-licensed-crown-water-frontages/Yarriambiack-Creek-Hopetoun-Camping-Area-3,-4-and-5<br>Location: 9 km south of Hopetoun<br>Latitude: -35.775857<br>Longitude: 142.381391<br>Co-ordinates: -35.775857' 142.381391]]></description>
        <styleUrl>#icon-1899-0288D1</styleUrl>
        <ExtendedData>
          <Data name="URL">
            <value>https://www.forestsandreserves.vic.gov.au/land-management/managing-crown-land/camping-on-licensed-crown-water-frontages/Yarriambiack-Creek-Hopetoun-Camping-Area-3,-4-and-5</value>
          </Data>
          <Data name="Location">
            <value>9 km south of Hopetoun</value>
          </Data>
          <Data name="Latitude">
            <value>-35.775857</value>
          </Data>
          <Data name="Longitude">
            <value>142.381391</value>
          </Data>
          <Data name="Co-ordinates">
            <value><![CDATA[-35.775857' 142.381391]]></value>
          </Data>
        </ExtendedData>
        <Point>
          <coordinates>
            142.381391,-35.775857,0
          </coordinates>
        </Point>
      </Placemark>
      <Placemark>
        <name><![CDATA[Yarriambiack Creek  - Jung camping area 1 &2]]></name>
        <description><![CDATA[URL: https://www.forestsandreserves.vic.gov.au/land-management/managing-crown-land/camping-on-licensed-crown-water-frontages/yarriambiack-creek-jung-camping-area-1-and-2<br>Location: 2 km south of Jung<br>Latitude: -36.621098<br>Longitude: 142.371701<br>Co-ordinates: -36.621098' 142.371701]]></description>
        <styleUrl>#icon-1899-0288D1</styleUrl>
        <ExtendedData>
          <Data name="URL">
            <value>https://www.forestsandreserves.vic.gov.au/land-management/managing-crown-land/camping-on-licensed-crown-water-frontages/yarriambiack-creek-jung-camping-area-1-and-2</value>
          </Data>
          <Data name="Location">
            <value>2 km south of Jung</value>
          </Data>
          <Data name="Latitude">
            <value>-36.621098</value>
          </Data>
          <Data name="Longitude">
            <value>142.371701</value>
          </Data>
          <Data name="Co-ordinates">
            <value><![CDATA[-36.621098' 142.371701]]></value>
          </Data>
        </ExtendedData>
        <Point>
          <coordinates>
            142.371701,-36.621098,0
          </coordinates>
        </Point>
      </Placemark>
      <Placemark>
        <name>Yarriambiack Creek  - Kellalac camping area 1</name>
        <description><![CDATA[URL: https://www.forestsandreserves.vic.gov.au/land-management/managing-crown-land/camping-on-licensed-crown-water-frontages/yarriambiack-creek-kellalac-camping-area-1<br>Location: 5.5 km south of Kallalac<br>Latitude: -36.469194<br>Longitude: 142.395173<br>Co-ordinates: -36.469194' 142.395173]]></description>
        <styleUrl>#icon-1899-0288D1</styleUrl>
        <ExtendedData>
          <Data name="URL">
            <value>https://www.forestsandreserves.vic.gov.au/land-management/managing-crown-land/camping-on-licensed-crown-water-frontages/yarriambiack-creek-kellalac-camping-area-1</value>
          </Data>
          <Data name="Location">
            <value>5.5 km south of Kallalac</value>
          </Data>
          <Data name="Latitude">
            <value>-36.469194</value>
          </Data>
          <Data name="Longitude">
            <value>142.395173</value>
          </Data>
          <Data name="Co-ordinates">
            <value><![CDATA[-36.469194' 142.395173]]></value>
          </Data>
        </ExtendedData>
        <Point>
          <coordinates>
            142.395173,-36.469194,0
          </coordinates>
        </Point>
      </Placemark>
      <Placemark>
        <name><![CDATA[Yarriambiack Creek  - Murtoa camping area 1, 2 &3]]></name>
        <description><![CDATA[URL: https://www.forestsandreserves.vic.gov.au/land-management/managing-crown-land/camping-on-licensed-crown-water-frontages/yarriambiack-creek-murtoa-camping-area-1-2-and-3<br>Location: 37?km north east of Horsham<br>Latitude: -36.513694<br>Longitude: 142.394722<br>Co-ordinates: -36.513694' 142.394722]]></description>
        <styleUrl>#icon-1899-0288D1</styleUrl>
        <ExtendedData>
          <Data name="URL">
            <value>https://www.forestsandreserves.vic.gov.au/land-management/managing-crown-land/camping-on-licensed-crown-water-frontages/yarriambiack-creek-murtoa-camping-area-1-2-and-3</value>
          </Data>
          <Data name="Location">
            <value>37?km north east of Horsham</value>
          </Data>
          <Data name="Latitude">
            <value>-36.513694</value>
          </Data>
          <Data name="Longitude">
            <value>142.394722</value>
          </Data>
          <Data name="Co-ordinates">
            <value><![CDATA[-36.513694' 142.394722]]></value>
          </Data>
        </ExtendedData>
        <Point>
          <coordinates>
            142.394722,-36.513694,0
          </coordinates>
        </Point>
      </Placemark>
      <Placemark>
        <name>Goulburn River - Tallarook camping area 2</name>
        <description><![CDATA[URL: https://www.forestsandreserves.vic.gov.au/land-management/managing-crown-land/camping-on-licensed-crown-water-frontages/goulburn-river-tallarook-camping-area-2<br>Location: 7 km south-east of Seymour<br>Latitude: -37.080528<br>Longitude: 145.156139<br>Co-ordinates: -37.080528' 145.156139]]></description>
        <styleUrl>#icon-1899-0288D1</styleUrl>
        <ExtendedData>
          <Data name="URL">
            <value>https://www.forestsandreserves.vic.gov.au/land-management/managing-crown-land/camping-on-licensed-crown-water-frontages/goulburn-river-tallarook-camping-area-2</value>
          </Data>
          <Data name="Location">
            <value>7 km south-east of Seymour</value>
          </Data>
          <Data name="Latitude">
            <value>-37.080528</value>
          </Data>
          <Data name="Longitude">
            <value>145.156139</value>
          </Data>
          <Data name="Co-ordinates">
            <value><![CDATA[-37.080528' 145.156139]]></value>
          </Data>
        </ExtendedData>
        <Point>
          <coordinates>
            145.156139,-37.080528,0
          </coordinates>
        </Point>
      </Placemark>
      <Placemark>
        <name>Goulburn River - Yea camping area 1</name>
        <description><![CDATA[URL: https://www.forestsandreserves.vic.gov.au/land-management/managing-crown-land/camping-on-licensed-crown-water-frontages/goulburn-river-yea-camping-area-1<br>Location: 6 km west of Yea<br>Latitude: -37.181861<br>Longitude: 145.368972<br>Co-ordinates: -37.181861' 145.368972]]></description>
        <styleUrl>#icon-1899-0288D1</styleUrl>
        <ExtendedData>
          <Data name="URL">
            <value>https://www.forestsandreserves.vic.gov.au/land-management/managing-crown-land/camping-on-licensed-crown-water-frontages/goulburn-river-yea-camping-area-1</value>
          </Data>
          <Data name="Location">
            <value>6 km west of Yea</value>
          </Data>
          <Data name="Latitude">
            <value>-37.181861</value>
          </Data>
          <Data name="Longitude">
            <value>145.368972</value>
          </Data>
          <Data name="Co-ordinates">
            <value><![CDATA[-37.181861' 145.368972]]></value>
          </Data>
        </ExtendedData>
        <Point>
          <coordinates>
            145.368972,-37.181861,0
          </coordinates>
        </Point>
      </Placemark>
      <Placemark>
        <name>Goulburn River - Yea camping area 2</name>
        <description><![CDATA[URL: https://www.forestsandreserves.vic.gov.au/land-management/managing-crown-land/camping-on-licensed-crown-water-frontages/goulburn-river-yea-camping-area-2<br>Location: 5 km west of Yea<br>Latitude: -37.181472<br>Longitude: 145.389917<br>Co-ordinates: -37.181472' 145.389917]]></description>
        <styleUrl>#icon-1899-0288D1</styleUrl>
        <ExtendedData>
          <Data name="URL">
            <value>https://www.forestsandreserves.vic.gov.au/land-management/managing-crown-land/camping-on-licensed-crown-water-frontages/goulburn-river-yea-camping-area-2</value>
          </Data>
          <Data name="Location">
            <value>5 km west of Yea</value>
          </Data>
          <Data name="Latitude">
            <value>-37.181472</value>
          </Data>
          <Data name="Longitude">
            <value>145.389917</value>
          </Data>
          <Data name="Co-ordinates">
            <value><![CDATA[-37.181472' 145.389917]]></value>
          </Data>
        </ExtendedData>
        <Point>
          <coordinates>
            145.389917,-37.181472,0
          </coordinates>
        </Point>
      </Placemark>
      <Placemark>
        <name>Loddon River - Kerang camping area 1</name>
        <description><![CDATA[URL: https://www.forestsandreserves.vic.gov.au/land-management/managing-crown-land/camping-on-licensed-crown-water-frontages/loddon-river-kerang-camping-area-1<br>Location: 18 km north of Kerang<br>Latitude: -35.633444<br>Longitude: 143.915083<br>Co-ordinates: -35.633444' 143.915083]]></description>
        <styleUrl>#icon-1899-0288D1</styleUrl>
        <ExtendedData>
          <Data name="URL">
            <value>https://www.forestsandreserves.vic.gov.au/land-management/managing-crown-land/camping-on-licensed-crown-water-frontages/loddon-river-kerang-camping-area-1</value>
          </Data>
          <Data name="Location">
            <value>18 km north of Kerang</value>
          </Data>
          <Data name="Latitude">
            <value>-35.633444</value>
          </Data>
          <Data name="Longitude">
            <value>143.915083</value>
          </Data>
          <Data name="Co-ordinates">
            <value><![CDATA[-35.633444' 143.915083]]></value>
          </Data>
        </ExtendedData>
        <Point>
          <coordinates>
            143.915083,-35.633444,0
          </coordinates>
        </Point>
      </Placemark>
      <Placemark>
        <name>Wimmera River - Longerenong camping area 3</name>
        <description><![CDATA[URL: https://www.forestsandreserves.vic.gov.au/land-management/managing-crown-land/camping-on-licensed-crown-water-frontages/Wimmera-River-Longerenong-Camping-Area-3<br>Location: 12.5?km east of Horsham<br>Latitude: -36.721278<br>Longitude: 142.327778<br>Co-ordinates: -36.721278' 142.327778]]></description>
        <styleUrl>#icon-1899-0288D1</styleUrl>
        <ExtendedData>
          <Data name="URL">
            <value>https://www.forestsandreserves.vic.gov.au/land-management/managing-crown-land/camping-on-licensed-crown-water-frontages/Wimmera-River-Longerenong-Camping-Area-3</value>
          </Data>
          <Data name="Location">
            <value>12.5?km east of Horsham</value>
          </Data>
          <Data name="Latitude">
            <value>-36.721278</value>
          </Data>
          <Data name="Longitude">
            <value>142.327778</value>
          </Data>
          <Data name="Co-ordinates">
            <value><![CDATA[-36.721278' 142.327778]]></value>
          </Data>
        </ExtendedData>
        <Point>
          <coordinates>
            142.327778,-36.721278,0
          </coordinates>
        </Point>
      </Placemark>
      <Placemark>
        <name>Goulburn River - Seymour camping area 1</name>
        <description><![CDATA[URL: https://www.forestsandreserves.vic.gov.au/land-management/managing-crown-land/camping-on-licensed-crown-water-frontages/goulburn-river-seymour-camping-area-1<br>Location: 1 km south of Seymour<br>Latitude: -37.034361<br>Longitude: 145.141472<br>Co-ordinates: -37.034361' 145.141472]]></description>
        <styleUrl>#icon-1899-0288D1</styleUrl>
        <ExtendedData>
          <Data name="URL">
            <value>https://www.forestsandreserves.vic.gov.au/land-management/managing-crown-land/camping-on-licensed-crown-water-frontages/goulburn-river-seymour-camping-area-1</value>
          </Data>
          <Data name="Location">
            <value>1 km south of Seymour</value>
          </Data>
          <Data name="Latitude">
            <value>-37.034361</value>
          </Data>
          <Data name="Longitude">
            <value>145.141472</value>
          </Data>
          <Data name="Co-ordinates">
            <value><![CDATA[-37.034361' 145.141472]]></value>
          </Data>
        </ExtendedData>
        <Point>
          <coordinates>
            145.141472,-37.034361,0
          </coordinates>
        </Point>
      </Placemark>
      <Placemark>
        <name>King River - Whitfield camping area 2</name>
        <description><![CDATA[URL: https://www.forestsandreserves.vic.gov.au/land-management/managing-crown-land/camping-on-licensed-crown-water-frontages/king-river-whitfield-camping-area-2<br>Location: 8 km north of Whitfield<br>Latitude: -36.6975<br>Longitude: 146.41825<br>Co-ordinates: -36.6975' 146.41825]]></description>
        <styleUrl>#icon-1899-0288D1</styleUrl>
        <ExtendedData>
          <Data name="URL">
            <value>https://www.forestsandreserves.vic.gov.au/land-management/managing-crown-land/camping-on-licensed-crown-water-frontages/king-river-whitfield-camping-area-2</value>
          </Data>
          <Data name="Location">
            <value>8 km north of Whitfield</value>
          </Data>
          <Data name="Latitude">
            <value>-36.6975</value>
          </Data>
          <Data name="Longitude">
            <value>146.41825</value>
          </Data>
          <Data name="Co-ordinates">
            <value><![CDATA[-36.6975' 146.41825]]></value>
          </Data>
        </ExtendedData>
        <Point>
          <coordinates>
            146.41825,-36.6975,0
          </coordinates>
        </Point>
      </Placemark>
      <Placemark>
        <name>Acheron River - Alexandra camping area 1</name>
        <description><![CDATA[URL: https://www.forestsandreserves.vic.gov.au/land-management/managing-crown-land/camping-on-licensed-crown-water-frontages/acheron-river-alexandra-camping-area-1<br>Location: 4 km north of Taggerty<br>Latitude: -37.300111<br>Longitude: 145.707972<br>Co-ordinates: -37.300111' 145.707972]]></description>
        <styleUrl>#icon-1899-0288D1</styleUrl>
        <ExtendedData>
          <Data name="URL">
            <value>https://www.forestsandreserves.vic.gov.au/land-management/managing-crown-land/camping-on-licensed-crown-water-frontages/acheron-river-alexandra-camping-area-1</value>
          </Data>
          <Data name="Location">
            <value>4 km north of Taggerty</value>
          </Data>
          <Data name="Latitude">
            <value>-37.300111</value>
          </Data>
          <Data name="Longitude">
            <value>145.707972</value>
          </Data>
          <Data name="Co-ordinates">
            <value><![CDATA[-37.300111' 145.707972]]></value>
          </Data>
        </ExtendedData>
        <Point>
          <coordinates>
            145.707972,-37.300111,0
          </coordinates>
        </Point>
      </Placemark>
      <Placemark>
        <name>Acheron River - Alexandra camping area 2</name>
        <description><![CDATA[URL: https://www.forestsandreserves.vic.gov.au/land-management/managing-crown-land/camping-on-licensed-crown-water-frontages/acheron-river-alexandra-camping-area-2<br>Location: 4 km north of Taggerty<br>Latitude: -37.300111<br>Longitude: 145.707972<br>Co-ordinates: -37.300111' 145.707972]]></description>
        <styleUrl>#icon-1899-0288D1</styleUrl>
        <ExtendedData>
          <Data name="URL">
            <value>https://www.forestsandreserves.vic.gov.au/land-management/managing-crown-land/camping-on-licensed-crown-water-frontages/acheron-river-alexandra-camping-area-2</value>
          </Data>
          <Data name="Location">
            <value>4 km north of Taggerty</value>
          </Data>
          <Data name="Latitude">
            <value>-37.300111</value>
          </Data>
          <Data name="Longitude">
            <value>145.707972</value>
          </Data>
          <Data name="Co-ordinates">
            <value><![CDATA[-37.300111' 145.707972]]></value>
          </Data>
        </ExtendedData>
        <Point>
          <coordinates>
            145.707972,-37.300111,0
          </coordinates>
        </Point>
      </Placemark>
      <Placemark>
        <name>Acheron River - Granton camping area 1</name>
        <description><![CDATA[URL: https://www.forestsandreserves.vic.gov.au/land-management/managing-crown-land/camping-on-licensed-crown-water-frontages/Acheron-River-Granton-Camping-Area-1<br>Location: 6.3 km west of Marysville<br>Latitude: -35.4627068<br>Longitude: 149.3413118<br>Co-ordinates: -37.532242' 145.687544]]></description>
        <styleUrl>#icon-1899-0288D1</styleUrl>
        <ExtendedData>
          <Data name="URL">
            <value>https://www.forestsandreserves.vic.gov.au/land-management/managing-crown-land/camping-on-licensed-crown-water-frontages/Acheron-River-Granton-Camping-Area-1</value>
          </Data>
          <Data name="Location">
            <value>6.3 km west of Marysville</value>
          </Data>
          <Data name="Latitude">
            <value>-35.4627068</value>
          </Data>
          <Data name="Longitude">
            <value>149.3413118</value>
          </Data>
          <Data name="Co-ordinates">
            <value><![CDATA[-37.532242' 145.687544]]></value>
          </Data>
        </ExtendedData>
        <Point>
          <coordinates>
            149.3413118,-35.4627068,0
          </coordinates>
        </Point>
      </Placemark>
      <Placemark>
        <name>Avoca River - Amphitheatre camping area 1</name>
        <description><![CDATA[URL: https://www.forestsandreserves.vic.gov.au/land-management/managing-crown-land/camping-on-licensed-crown-water-frontages/avoca-river-amphitheatre-camping-area-1<br>Location: 4 km south of Amphitheatre<br>Latitude: -37.215667<br>Longitude: 143.402444<br>Co-ordinates: -37.215667' 143.402444]]></description>
        <styleUrl>#icon-1899-0288D1</styleUrl>
        <ExtendedData>
          <Data name="URL">
            <value>https://www.forestsandreserves.vic.gov.au/land-management/managing-crown-land/camping-on-licensed-crown-water-frontages/avoca-river-amphitheatre-camping-area-1</value>
          </Data>
          <Data name="Location">
            <value>4 km south of Amphitheatre</value>
          </Data>
          <Data name="Latitude">
            <value>-37.215667</value>
          </Data>
          <Data name="Longitude">
            <value>143.402444</value>
          </Data>
          <Data name="Co-ordinates">
            <value><![CDATA[-37.215667' 143.402444]]></value>
          </Data>
        </ExtendedData>
        <Point>
          <coordinates>
            143.402444,-37.215667,0
          </coordinates>
        </Point>
      </Placemark>
      <Placemark>
        <name>Avoca River - Amphitheatre camping area 2</name>
        <description><![CDATA[URL: https://www.forestsandreserves.vic.gov.au/land-management/managing-crown-land/camping-on-licensed-crown-water-frontages/avoca-river-amphitheatre-camping-area-2<br>Location: 6 km south of Amphitheatre<br>Latitude: -37.230417<br>Longitude: 143.402306<br>Co-ordinates: -37.230417' 143.402306]]></description>
        <styleUrl>#icon-1899-0288D1</styleUrl>
        <ExtendedData>
          <Data name="URL">
            <value>https://www.forestsandreserves.vic.gov.au/land-management/managing-crown-land/camping-on-licensed-crown-water-frontages/avoca-river-amphitheatre-camping-area-2</value>
          </Data>
          <Data name="Location">
            <value>6 km south of Amphitheatre</value>
          </Data>
          <Data name="Latitude">
            <value>-37.230417</value>
          </Data>
          <Data name="Longitude">
            <value>143.402306</value>
          </Data>
          <Data name="Co-ordinates">
            <value><![CDATA[-37.230417' 143.402306]]></value>
          </Data>
        </ExtendedData>
        <Point>
          <coordinates>
            143.402306,-37.230417,0
          </coordinates>
        </Point>
      </Placemark>
      <Placemark>
        <name>Avoca River - Amphitheatre camping area 3</name>
        <description><![CDATA[URL: https://www.forestsandreserves.vic.gov.au/land-management/managing-crown-land/camping-on-licensed-crown-water-frontages/avoca-river-amphitheatre-camping-area-3<br>Location: 8 km south of Amphitheatre<br>Latitude: -37.242389<br>Longitude: 143.390944<br>Co-ordinates: -37.242389' 143.390944]]></description>
        <styleUrl>#icon-1899-0288D1</styleUrl>
        <ExtendedData>
          <Data name="URL">
            <value>https://www.forestsandreserves.vic.gov.au/land-management/managing-crown-land/camping-on-licensed-crown-water-frontages/avoca-river-amphitheatre-camping-area-3</value>
          </Data>
          <Data name="Location">
            <value>8 km south of Amphitheatre</value>
          </Data>
          <Data name="Latitude">
            <value>-37.242389</value>
          </Data>
          <Data name="Longitude">
            <value>143.390944</value>
          </Data>
          <Data name="Co-ordinates">
            <value><![CDATA[-37.242389' 143.390944]]></value>
          </Data>
        </ExtendedData>
        <Point>
          <coordinates>
            143.390944,-37.242389,0
          </coordinates>
        </Point>
      </Placemark>
      <Placemark>
        <name>Avoca River - Amphitheatre camping area 4</name>
        <description><![CDATA[URL: https://www.forestsandreserves.vic.gov.au/land-management/managing-crown-land/camping-on-licensed-crown-water-frontages/avoca-river-amphitheatre-camping-area-4<br>Location: 8 km south of Amphitheatre<br>Latitude: -37.250056<br>Longitude: 143.379111<br>Co-ordinates: -37.250056' 143.379111]]></description>
        <styleUrl>#icon-1899-0288D1</styleUrl>
        <ExtendedData>
          <Data name="URL">
            <value>https://www.forestsandreserves.vic.gov.au/land-management/managing-crown-land/camping-on-licensed-crown-water-frontages/avoca-river-amphitheatre-camping-area-4</value>
          </Data>
          <Data name="Location">
            <value>8 km south of Amphitheatre</value>
          </Data>
          <Data name="Latitude">
            <value>-37.250056</value>
          </Data>
          <Data name="Longitude">
            <value>143.379111</value>
          </Data>
          <Data name="Co-ordinates">
            <value><![CDATA[-37.250056' 143.379111]]></value>
          </Data>
        </ExtendedData>
        <Point>
          <coordinates>
            143.379111,-37.250056,0
          </coordinates>
        </Point>
      </Placemark>
      <Placemark>
        <name>Avoca River - Bealiba camping area 1 and 3</name>
        <description><![CDATA[URL: https://www.forestsandreserves.vic.gov.au/land-management/managing-crown-land/camping-on-licensed-crown-water-frontages/avoca-river-bealiba-camping-area-1-and-3<br>Location: 10.3 km south-west of Bealiba<br>Latitude: -36.80775<br>Longitude: 143.491528<br>Co-ordinates: -36.80775' 143.491528]]></description>
        <styleUrl>#icon-1899-0288D1</styleUrl>
        <ExtendedData>
          <Data name="URL">
            <value>https://www.forestsandreserves.vic.gov.au/land-management/managing-crown-land/camping-on-licensed-crown-water-frontages/avoca-river-bealiba-camping-area-1-and-3</value>
          </Data>
          <Data name="Location">
            <value>10.3 km south-west of Bealiba</value>
          </Data>
          <Data name="Latitude">
            <value>-36.80775</value>
          </Data>
          <Data name="Longitude">
            <value>143.491528</value>
          </Data>
          <Data name="Co-ordinates">
            <value><![CDATA[-36.80775' 143.491528]]></value>
          </Data>
        </ExtendedData>
        <Point>
          <coordinates>
            143.491528,-36.80775,0
          </coordinates>
        </Point>
      </Placemark>
      <Placemark>
        <name>Avoca River - Bealiba camping area 2</name>
        <description><![CDATA[URL: https://www.forestsandreserves.vic.gov.au/land-management/managing-crown-land/camping-on-licensed-crown-water-frontages/avoca-river-bealiba-caming-area-2<br>Location: 12 km south of Bealiba<br>Latitude: -36.848444<br>Longitude: 143.509083<br>Co-ordinates: -36.848444' 143.509083]]></description>
        <styleUrl>#icon-1899-0288D1</styleUrl>
        <ExtendedData>
          <Data name="URL">
            <value>https://www.forestsandreserves.vic.gov.au/land-management/managing-crown-land/camping-on-licensed-crown-water-frontages/avoca-river-bealiba-caming-area-2</value>
          </Data>
          <Data name="Location">
            <value>12 km south of Bealiba</value>
          </Data>
          <Data name="Latitude">
            <value>-36.848444</value>
          </Data>
          <Data name="Longitude">
            <value>143.509083</value>
          </Data>
          <Data name="Co-ordinates">
            <value><![CDATA[-36.848444' 143.509083]]></value>
          </Data>
        </ExtendedData>
        <Point>
          <coordinates>
            143.509083,-36.848444,0
          </coordinates>
        </Point>
      </Placemark>
      <Placemark>
        <name>Avoca River - Charlton camping area 1</name>
        <description><![CDATA[URL: https://www.forestsandreserves.vic.gov.au/land-management/managing-crown-land/camping-on-licensed-crown-water-frontages/avoca-river-charlton-camping-area-1<br>Location: 20 km south of Charlton<br>Latitude: -36.432194<br>Longitude: 143.292917<br>Co-ordinates: -36.432194' 143.292917]]></description>
        <styleUrl>#icon-1899-0288D1</styleUrl>
        <ExtendedData>
          <Data name="URL">
            <value>https://www.forestsandreserves.vic.gov.au/land-management/managing-crown-land/camping-on-licensed-crown-water-frontages/avoca-river-charlton-camping-area-1</value>
          </Data>
          <Data name="Location">
            <value>20 km south of Charlton</value>
          </Data>
          <Data name="Latitude">
            <value>-36.432194</value>
          </Data>
          <Data name="Longitude">
            <value>143.292917</value>
          </Data>
          <Data name="Co-ordinates">
            <value><![CDATA[-36.432194' 143.292917]]></value>
          </Data>
        </ExtendedData>
        <Point>
          <coordinates>
            143.292917,-36.432194,0
          </coordinates>
        </Point>
      </Placemark>
      <Placemark>
        <name>Avoca River - Charlton Camping area 10 and 11</name>
        <description><![CDATA[URL: https://www.forestsandreserves.vic.gov.au/land-management/managing-crown-land/camping-on-licensed-crown-water-frontages/avoca-river-charlton-camping-area-10-and-11<br>Location: 8.6 km north-east of Charlton<br>Latitude: -36.20275<br>Longitude: 143.369833<br>Co-ordinates: -36.20275' 143.369833]]></description>
        <styleUrl>#icon-1899-0288D1</styleUrl>
        <ExtendedData>
          <Data name="URL">
            <value>https://www.forestsandreserves.vic.gov.au/land-management/managing-crown-land/camping-on-licensed-crown-water-frontages/avoca-river-charlton-camping-area-10-and-11</value>
          </Data>
          <Data name="Location">
            <value>8.6 km north-east of Charlton</value>
          </Data>
          <Data name="Latitude">
            <value>-36.20275</value>
          </Data>
          <Data name="Longitude">
            <value>143.369833</value>
          </Data>
          <Data name="Co-ordinates">
            <value><![CDATA[-36.20275' 143.369833]]></value>
          </Data>
        </ExtendedData>
        <Point>
          <coordinates>
            143.369833,-36.20275,0
          </coordinates>
        </Point>
      </Placemark>
      <Placemark>
        <name>Avoca River - Charlton Camping area 12</name>
        <description><![CDATA[URL: https://www.forestsandreserves.vic.gov.au/land-management/managing-crown-land/camping-on-licensed-crown-water-frontages/avoca-river-charlton-camping-area-12<br>Location: 8.6 km north-east of Charlton<br>Latitude: -36.20275<br>Longitude: 143.369833<br>Co-ordinates: -36.20275' 143.369833]]></description>
        <styleUrl>#icon-1899-0288D1</styleUrl>
        <ExtendedData>
          <Data name="URL">
            <value>https://www.forestsandreserves.vic.gov.au/land-management/managing-crown-land/camping-on-licensed-crown-water-frontages/avoca-river-charlton-camping-area-12</value>
          </Data>
          <Data name="Location">
            <value>8.6 km north-east of Charlton</value>
          </Data>
          <Data name="Latitude">
            <value>-36.20275</value>
          </Data>
          <Data name="Longitude">
            <value>143.369833</value>
          </Data>
          <Data name="Co-ordinates">
            <value><![CDATA[-36.20275' 143.369833]]></value>
          </Data>
        </ExtendedData>
        <Point>
          <coordinates>
            143.369833,-36.20275,0
          </coordinates>
        </Point>
      </Placemark>
      <Placemark>
        <name>Avoca River - Charlton Camping area 15</name>
        <description><![CDATA[URL: https://www.forestsandreserves.vic.gov.au/land-management/managing-crown-land/camping-on-licensed-crown-water-frontages/avoca-river-charlton-camping-area-15<br>Location: 8.6 km north-east of Charlton<br>Latitude: -36.202667<br>Longitude: 143.369944<br>Co-ordinates: -36.202667' 143.369944]]></description>
        <styleUrl>#icon-1899-0288D1</styleUrl>
        <ExtendedData>
          <Data name="URL">
            <value>https://www.forestsandreserves.vic.gov.au/land-management/managing-crown-land/camping-on-licensed-crown-water-frontages/avoca-river-charlton-camping-area-15</value>
          </Data>
          <Data name="Location">
            <value>8.6 km north-east of Charlton</value>
          </Data>
          <Data name="Latitude">
            <value>-36.202667</value>
          </Data>
          <Data name="Longitude">
            <value>143.369944</value>
          </Data>
          <Data name="Co-ordinates">
            <value><![CDATA[-36.202667' 143.369944]]></value>
          </Data>
        </ExtendedData>
        <Point>
          <coordinates>
            143.369944,-36.202667,0
          </coordinates>
        </Point>
      </Placemark>
      <Placemark>
        <name>Avoca River - Charlton Camping area 18</name>
        <description><![CDATA[URL: https://www.forestsandreserves.vic.gov.au/land-management/managing-crown-land/camping-on-licensed-crown-water-frontages/Avoca-River-Charlton-Camping-Area-18<br>Location: 12 km north of Charlton<br>Latitude: -36.16825<br>Longitude: 143.346833<br>Co-ordinates: -36.16825' 143.346833]]></description>
        <styleUrl>#icon-1899-0288D1</styleUrl>
        <ExtendedData>
          <Data name="URL">
            <value>https://www.forestsandreserves.vic.gov.au/land-management/managing-crown-land/camping-on-licensed-crown-water-frontages/Avoca-River-Charlton-Camping-Area-18</value>
          </Data>
          <Data name="Location">
            <value>12 km north of Charlton</value>
          </Data>
          <Data name="Latitude">
            <value>-36.16825</value>
          </Data>
          <Data name="Longitude">
            <value>143.346833</value>
          </Data>
          <Data name="Co-ordinates">
            <value><![CDATA[-36.16825' 143.346833]]></value>
          </Data>
        </ExtendedData>
        <Point>
          <coordinates>
            143.346833,-36.16825,0
          </coordinates>
        </Point>
      </Placemark>
      <Placemark>
        <name>Avoca River - Charlton Camping area 19</name>
        <description><![CDATA[URL: https://www.forestsandreserves.vic.gov.au/land-management/managing-crown-land/camping-on-licensed-crown-water-frontages/Avoca-River-Charlton-Camping-Area-19<br>Location: 13 km north of Charlton<br>Latitude: -36.174872<br>Longitude: 143.374078<br>Co-ordinates: -36.174872' 143.374078]]></description>
        <styleUrl>#icon-1899-0288D1</styleUrl>
        <ExtendedData>
          <Data name="URL">
            <value>https://www.forestsandreserves.vic.gov.au/land-management/managing-crown-land/camping-on-licensed-crown-water-frontages/Avoca-River-Charlton-Camping-Area-19</value>
          </Data>
          <Data name="Location">
            <value>13 km north of Charlton</value>
          </Data>
          <Data name="Latitude">
            <value>-36.174872</value>
          </Data>
          <Data name="Longitude">
            <value>143.374078</value>
          </Data>
          <Data name="Co-ordinates">
            <value><![CDATA[-36.174872' 143.374078]]></value>
          </Data>
        </ExtendedData>
        <Point>
          <coordinates>
            143.374078,-36.174872,0
          </coordinates>
        </Point>
      </Placemark>
      <Placemark>
        <name>Avoca River - Charlton camping area 2</name>
        <description><![CDATA[URL: https://www.forestsandreserves.vic.gov.au/land-management/managing-crown-land/camping-on-licensed-crown-water-frontages/avoca-river-charlton-camping-area-2<br>Location: 18 km south-west of Charlton<br>Latitude: -36.414139<br>Longitude: 143.287333<br>Co-ordinates: -36.414139' 143.287333]]></description>
        <styleUrl>#icon-1899-0288D1</styleUrl>
        <ExtendedData>
          <Data name="URL">
            <value>https://www.forestsandreserves.vic.gov.au/land-management/managing-crown-land/camping-on-licensed-crown-water-frontages/avoca-river-charlton-camping-area-2</value>
          </Data>
          <Data name="Location">
            <value>18 km south-west of Charlton</value>
          </Data>
          <Data name="Latitude">
            <value>-36.414139</value>
          </Data>
          <Data name="Longitude">
            <value>143.287333</value>
          </Data>
          <Data name="Co-ordinates">
            <value><![CDATA[-36.414139' 143.287333]]></value>
          </Data>
        </ExtendedData>
        <Point>
          <coordinates>
            143.287333,-36.414139,0
          </coordinates>
        </Point>
      </Placemark>
      <Placemark>
        <name>Avoca River - Charlton Camping area 20, 21 and 22</name>
        <description><![CDATA[URL: https://www.forestsandreserves.vic.gov.au/land-management/managing-crown-land/camping-on-licensed-crown-water-frontages/avoca-river-charlton-camping-area-20,-21-and-22<br>Location: 12.3 km north of Charlton<br>Latitude: -36.16825<br>Longitude: 143.346833<br>Co-ordinates: -36.16825' 143.346833]]></description>
        <styleUrl>#icon-1899-0288D1</styleUrl>
        <ExtendedData>
          <Data name="URL">
            <value>https://www.forestsandreserves.vic.gov.au/land-management/managing-crown-land/camping-on-licensed-crown-water-frontages/avoca-river-charlton-camping-area-20,-21-and-22</value>
          </Data>
          <Data name="Location">
            <value>12.3 km north of Charlton</value>
          </Data>
          <Data name="Latitude">
            <value>-36.16825</value>
          </Data>
          <Data name="Longitude">
            <value>143.346833</value>
          </Data>
          <Data name="Co-ordinates">
            <value><![CDATA[-36.16825' 143.346833]]></value>
          </Data>
        </ExtendedData>
        <Point>
          <coordinates>
            143.346833,-36.16825,0
          </coordinates>
        </Point>
      </Placemark>
      <Placemark>
        <name>Avoca River - Charlton Camping area 23</name>
        <description><![CDATA[URL: https://www.forestsandreserves.vic.gov.au/land-management/managing-crown-land/camping-on-licensed-crown-water-frontages/avoca-river-charlton-camping-area-23<br>Location: 4.5 km south-west of Charlton<br>Latitude: -36.283861<br>Longitude: 143.323444<br>Co-ordinates: -36.283861' 143.323444]]></description>
        <styleUrl>#icon-1899-0288D1</styleUrl>
        <ExtendedData>
          <Data name="URL">
            <value>https://www.forestsandreserves.vic.gov.au/land-management/managing-crown-land/camping-on-licensed-crown-water-frontages/avoca-river-charlton-camping-area-23</value>
          </Data>
          <Data name="Location">
            <value>4.5 km south-west of Charlton</value>
          </Data>
          <Data name="Latitude">
            <value>-36.283861</value>
          </Data>
          <Data name="Longitude">
            <value>143.323444</value>
          </Data>
          <Data name="Co-ordinates">
            <value><![CDATA[-36.283861' 143.323444]]></value>
          </Data>
        </ExtendedData>
        <Point>
          <coordinates>
            143.323444,-36.283861,0
          </coordinates>
        </Point>
      </Placemark>
      <Placemark>
        <name>Avoca River - Charlton Camping area 24 and 25</name>
        <description><![CDATA[URL: https://www.forestsandreserves.vic.gov.au/land-management/managing-crown-land/camping-on-licensed-crown-water-frontages/avoca-river-charlton-camping-area-24-and-25<br>Location: 5.8 km south-west of Charlton<br>Latitude: -36.295139<br>Longitude: 143.314833<br>Co-ordinates: -36.295139' 143.314833]]></description>
        <styleUrl>#icon-1899-0288D1</styleUrl>
        <ExtendedData>
          <Data name="URL">
            <value>https://www.forestsandreserves.vic.gov.au/land-management/managing-crown-land/camping-on-licensed-crown-water-frontages/avoca-river-charlton-camping-area-24-and-25</value>
          </Data>
          <Data name="Location">
            <value>5.8 km south-west of Charlton</value>
          </Data>
          <Data name="Latitude">
            <value>-36.295139</value>
          </Data>
          <Data name="Longitude">
            <value>143.314833</value>
          </Data>
          <Data name="Co-ordinates">
            <value><![CDATA[-36.295139' 143.314833]]></value>
          </Data>
        </ExtendedData>
        <Point>
          <coordinates>
            143.314833,-36.295139,0
          </coordinates>
        </Point>
      </Placemark>
      <Placemark>
        <name>Avoca River - Charlton camping area 3</name>
        <description><![CDATA[URL: https://www.forestsandreserves.vic.gov.au/land-management/managing-crown-land/camping-on-licensed-crown-water-frontages/avoca-river-charlton-camping-area-3<br>Location: 16 km south of Charlton<br>Latitude: -36.401667<br>Longitude: 143.280806<br>Co-ordinates: -36.401667' 143.280806]]></description>
        <styleUrl>#icon-1899-0288D1</styleUrl>
        <ExtendedData>
          <Data name="URL">
            <value>https://www.forestsandreserves.vic.gov.au/land-management/managing-crown-land/camping-on-licensed-crown-water-frontages/avoca-river-charlton-camping-area-3</value>
          </Data>
          <Data name="Location">
            <value>16 km south of Charlton</value>
          </Data>
          <Data name="Latitude">
            <value>-36.401667</value>
          </Data>
          <Data name="Longitude">
            <value>143.280806</value>
          </Data>
          <Data name="Co-ordinates">
            <value><![CDATA[-36.401667' 143.280806]]></value>
          </Data>
        </ExtendedData>
        <Point>
          <coordinates>
            143.280806,-36.401667,0
          </coordinates>
        </Point>
      </Placemark>
      <Placemark>
        <name>Avoca River - Charlton camping area 4</name>
        <description><![CDATA[URL: https://www.forestsandreserves.vic.gov.au/land-management/managing-crown-land/camping-on-licensed-crown-water-frontages/Avoca-River-Charlton-Camping-Area-4<br>Location: 16 km south of Charlton<br>Latitude: -36.386557<br>Longitude: 143.280225<br>Co-ordinates: -36.386557' 143.280225]]></description>
        <styleUrl>#icon-1899-0288D1</styleUrl>
        <ExtendedData>
          <Data name="URL">
            <value>https://www.forestsandreserves.vic.gov.au/land-management/managing-crown-land/camping-on-licensed-crown-water-frontages/Avoca-River-Charlton-Camping-Area-4</value>
          </Data>
          <Data name="Location">
            <value>16 km south of Charlton</value>
          </Data>
          <Data name="Latitude">
            <value>-36.386557</value>
          </Data>
          <Data name="Longitude">
            <value>143.280225</value>
          </Data>
          <Data name="Co-ordinates">
            <value><![CDATA[-36.386557' 143.280225]]></value>
          </Data>
        </ExtendedData>
        <Point>
          <coordinates>
            143.280225,-36.386557,0
          </coordinates>
        </Point>
      </Placemark>
      <Placemark>
        <name>Avoca River - Charlton Camping area 5 and 6</name>
        <description><![CDATA[URL: https://www.forestsandreserves.vic.gov.au/land-management/managing-crown-land/camping-on-licensed-crown-water-frontages/avoca-river-charlton-camping-area-5-and-6<br>Location: 1.4 km north of Charlton<br>Latitude: -36.256861<br>Longitude: 143.358333<br>Co-ordinates: -36.256861' 143.358333]]></description>
        <styleUrl>#icon-1899-0288D1</styleUrl>
        <ExtendedData>
          <Data name="URL">
            <value>https://www.forestsandreserves.vic.gov.au/land-management/managing-crown-land/camping-on-licensed-crown-water-frontages/avoca-river-charlton-camping-area-5-and-6</value>
          </Data>
          <Data name="Location">
            <value>1.4 km north of Charlton</value>
          </Data>
          <Data name="Latitude">
            <value>-36.256861</value>
          </Data>
          <Data name="Longitude">
            <value>143.358333</value>
          </Data>
          <Data name="Co-ordinates">
            <value><![CDATA[-36.256861' 143.358333]]></value>
          </Data>
        </ExtendedData>
        <Point>
          <coordinates>
            143.358333,-36.256861,0
          </coordinates>
        </Point>
      </Placemark>
      <Placemark>
        <name>Avoca River - Charlton Camping area 7 and 8</name>
        <description><![CDATA[URL: https://www.forestsandreserves.vic.gov.au/land-management/managing-crown-land/camping-on-licensed-crown-water-frontages/avoca-river-charlton-camping-area-7-and-8<br>Location: 6 km north of Charlton<br>Latitude: -36.241389<br>Longitude: 143.385222<br>Co-ordinates: -36.241389' 143.385222]]></description>
        <styleUrl>#icon-1899-0288D1</styleUrl>
        <ExtendedData>
          <Data name="URL">
            <value>https://www.forestsandreserves.vic.gov.au/land-management/managing-crown-land/camping-on-licensed-crown-water-frontages/avoca-river-charlton-camping-area-7-and-8</value>
          </Data>
          <Data name="Location">
            <value>6 km north of Charlton</value>
          </Data>
          <Data name="Latitude">
            <value>-36.241389</value>
          </Data>
          <Data name="Longitude">
            <value>143.385222</value>
          </Data>
          <Data name="Co-ordinates">
            <value><![CDATA[-36.241389' 143.385222]]></value>
          </Data>
        </ExtendedData>
        <Point>
          <coordinates>
            143.385222,-36.241389,0
          </coordinates>
        </Point>
      </Placemark>
      <Placemark>
        <name>Avoca River - Charlton Camping area 9</name>
        <description><![CDATA[URL: https://www.forestsandreserves.vic.gov.au/land-management/managing-crown-land/camping-on-licensed-crown-water-frontages/avoca-river-charlton-camping-area-9<br>Location: 5.3 km north of Wycheproof<br>Latitude: -36.219889<br>Longitude: 143.3665<br>Co-ordinates: -36.219889' 143.3665]]></description>
        <styleUrl>#icon-1899-0288D1</styleUrl>
        <ExtendedData>
          <Data name="URL">
            <value>https://www.forestsandreserves.vic.gov.au/land-management/managing-crown-land/camping-on-licensed-crown-water-frontages/avoca-river-charlton-camping-area-9</value>
          </Data>
          <Data name="Location">
            <value>5.3 km north of Wycheproof</value>
          </Data>
          <Data name="Latitude">
            <value>-36.219889</value>
          </Data>
          <Data name="Longitude">
            <value>143.3665</value>
          </Data>
          <Data name="Co-ordinates">
            <value><![CDATA[-36.219889' 143.3665]]></value>
          </Data>
        </ExtendedData>
        <Point>
          <coordinates>
            143.3665,-36.219889,0
          </coordinates>
        </Point>
      </Placemark>
      <Placemark>
        <name>Avoca River - Quambatook Camping area 12 and 13</name>
        <description><![CDATA[URL: https://www.forestsandreserves.vic.gov.au/land-management/managing-crown-land/camping-on-licensed-crown-water-frontages/Avoca-River-Quambatook-Camping-Area-12-and-13<br>Location: 10 km south of Quambatook<br>Latitude: -35.929657<br>Longitude: 143.473905<br>Co-ordinates: -35.929657' 143.473905]]></description>
        <styleUrl>#icon-1899-0288D1</styleUrl>
        <ExtendedData>
          <Data name="URL">
            <value>https://www.forestsandreserves.vic.gov.au/land-management/managing-crown-land/camping-on-licensed-crown-water-frontages/Avoca-River-Quambatook-Camping-Area-12-and-13</value>
          </Data>
          <Data name="Location">
            <value>10 km south of Quambatook</value>
          </Data>
          <Data name="Latitude">
            <value>-35.929657</value>
          </Data>
          <Data name="Longitude">
            <value>143.473905</value>
          </Data>
          <Data name="Co-ordinates">
            <value><![CDATA[-35.929657' 143.473905]]></value>
          </Data>
        </ExtendedData>
        <Point>
          <coordinates>
            143.473905,-35.929657,0
          </coordinates>
        </Point>
      </Placemark>
      <Placemark>
        <name>Avoca River - Quambatook Camping area 16, 17, 18 and 19</name>
        <description><![CDATA[URL: https://www.forestsandreserves.vic.gov.au/land-management/managing-crown-land/camping-on-licensed-crown-water-frontages/Avoca-River-Quambatook-Camping-Area-16,-17,-18-and-19<br>Location: 8 km south of Quambatook<br>Latitude: -35.918862<br>Longitude: 143.496779<br>Co-ordinates: -35.918862' 143.496779]]></description>
        <styleUrl>#icon-1899-0288D1</styleUrl>
        <ExtendedData>
          <Data name="URL">
            <value>https://www.forestsandreserves.vic.gov.au/land-management/managing-crown-land/camping-on-licensed-crown-water-frontages/Avoca-River-Quambatook-Camping-Area-16,-17,-18-and-19</value>
          </Data>
          <Data name="Location">
            <value>8 km south of Quambatook</value>
          </Data>
          <Data name="Latitude">
            <value>-35.918862</value>
          </Data>
          <Data name="Longitude">
            <value>143.496779</value>
          </Data>
          <Data name="Co-ordinates">
            <value><![CDATA[-35.918862' 143.496779]]></value>
          </Data>
        </ExtendedData>
        <Point>
          <coordinates>
            143.496779,-35.918862,0
          </coordinates>
        </Point>
      </Placemark>
      <Placemark>
        <name>Avoca River - Quambatook Camping area 20, 21, 22, 23, 24 and 25</name>
        <description><![CDATA[URL: https://www.forestsandreserves.vic.gov.au/land-management/managing-crown-land/camping-on-licensed-crown-water-frontages/Avoca-River-Quambatook-camping-area-20,-21,-22,-23,-24-and-25<br>Location: 8 km south of Quambatook<br>Latitude: -35.918322<br>Longitude: 143.492973<br>Co-ordinates: -35.918322' 143.492973]]></description>
        <styleUrl>#icon-1899-0288D1</styleUrl>
        <ExtendedData>
          <Data name="URL">
            <value>https://www.forestsandreserves.vic.gov.au/land-management/managing-crown-land/camping-on-licensed-crown-water-frontages/Avoca-River-Quambatook-camping-area-20,-21,-22,-23,-24-and-25</value>
          </Data>
          <Data name="Location">
            <value>8 km south of Quambatook</value>
          </Data>
          <Data name="Latitude">
            <value>-35.918322</value>
          </Data>
          <Data name="Longitude">
            <value>143.492973</value>
          </Data>
          <Data name="Co-ordinates">
            <value><![CDATA[-35.918322' 143.492973]]></value>
          </Data>
        </ExtendedData>
        <Point>
          <coordinates>
            143.492973,-35.918322,0
          </coordinates>
        </Point>
      </Placemark>
      <Placemark>
        <name>Avoca River - Quambatook camping area 3, 4a and 4b</name>
        <description><![CDATA[URL: https://www.forestsandreserves.vic.gov.au/land-management/managing-crown-land/camping-on-licensed-crown-water-frontages/avoca-river-quambatook-camping-area-3,-4a-and-4b<br>Location: 7 km north of Quambatook<br>Latitude: -35.809556<br>Longitude: 143.570944<br>Co-ordinates: -35.809556' 143.570944]]></description>
        <styleUrl>#icon-1899-0288D1</styleUrl>
        <ExtendedData>
          <Data name="URL">
            <value>https://www.forestsandreserves.vic.gov.au/land-management/managing-crown-land/camping-on-licensed-crown-water-frontages/avoca-river-quambatook-camping-area-3,-4a-and-4b</value>
          </Data>
          <Data name="Location">
            <value>7 km north of Quambatook</value>
          </Data>
          <Data name="Latitude">
            <value>-35.809556</value>
          </Data>
          <Data name="Longitude">
            <value>143.570944</value>
          </Data>
          <Data name="Co-ordinates">
            <value><![CDATA[-35.809556' 143.570944]]></value>
          </Data>
        </ExtendedData>
        <Point>
          <coordinates>
            143.570944,-35.809556,0
          </coordinates>
        </Point>
      </Placemark>
      <Placemark>
        <name>Avoca River - Quambatook camping area 5 and 6</name>
        <description><![CDATA[URL: https://www.forestsandreserves.vic.gov.au/land-management/managing-crown-land/camping-on-licensed-crown-water-frontages/avoca-river-quambatook-camping-area-5-and-6<br>Location: 20 km north-east of Quambatook<br>Latitude: -35.752944<br>Longitude: 143.661<br>Co-ordinates: -35.752944' 143.661]]></description>
        <styleUrl>#icon-1899-0288D1</styleUrl>
        <ExtendedData>
          <Data name="URL">
            <value>https://www.forestsandreserves.vic.gov.au/land-management/managing-crown-land/camping-on-licensed-crown-water-frontages/avoca-river-quambatook-camping-area-5-and-6</value>
          </Data>
          <Data name="Location">
            <value>20 km north-east of Quambatook</value>
          </Data>
          <Data name="Latitude">
            <value>-35.752944</value>
          </Data>
          <Data name="Longitude">
            <value>143.661</value>
          </Data>
          <Data name="Co-ordinates">
            <value><![CDATA[-35.752944' 143.661]]></value>
          </Data>
        </ExtendedData>
        <Point>
          <coordinates>
            143.661,-35.752944,0
          </coordinates>
        </Point>
      </Placemark>
      <Placemark>
        <name>Avoca River - Quambatook Camping area 7 and 8</name>
        <description><![CDATA[URL: https://www.forestsandreserves.vic.gov.au/land-management/managing-crown-land/camping-on-licensed-crown-water-frontages/Avoca-River-Quambatook-Camping-Area-7-and-8<br>Location: 3.7 km north-east of Quambatook<br>Latitude: -35.835361<br>Longitude: 143.530528<br>Co-ordinates: -35.835361' 143.530528]]></description>
        <styleUrl>#icon-1899-0288D1</styleUrl>
        <ExtendedData>
          <Data name="URL">
            <value>https://www.forestsandreserves.vic.gov.au/land-management/managing-crown-land/camping-on-licensed-crown-water-frontages/Avoca-River-Quambatook-Camping-Area-7-and-8</value>
          </Data>
          <Data name="Location">
            <value>3.7 km north-east of Quambatook</value>
          </Data>
          <Data name="Latitude">
            <value>-35.835361</value>
          </Data>
          <Data name="Longitude">
            <value>143.530528</value>
          </Data>
          <Data name="Co-ordinates">
            <value><![CDATA[-35.835361' 143.530528]]></value>
          </Data>
        </ExtendedData>
        <Point>
          <coordinates>
            143.530528,-35.835361,0
          </coordinates>
        </Point>
      </Placemark>
      <Placemark>
        <name>Avoca River - Quambatook Camping area 9, 10, 11, 14 and 15</name>
        <description><![CDATA[URL: https://www.forestsandreserves.vic.gov.au/land-management/managing-crown-land/camping-on-licensed-crown-water-frontages/Avoca-River-Quambatook-Camping-Area-9,-10,-11,-14-and-15<br>Location: 13 km south of Quambatook<br>Latitude: -35.944831<br>Longitude: 143.468378<br>Co-ordinates: -35.944831' 143.468378]]></description>
        <styleUrl>#icon-1899-0288D1</styleUrl>
        <ExtendedData>
          <Data name="URL">
            <value>https://www.forestsandreserves.vic.gov.au/land-management/managing-crown-land/camping-on-licensed-crown-water-frontages/Avoca-River-Quambatook-Camping-Area-9,-10,-11,-14-and-15</value>
          </Data>
          <Data name="Location">
            <value>13 km south of Quambatook</value>
          </Data>
          <Data name="Latitude">
            <value>-35.944831</value>
          </Data>
          <Data name="Longitude">
            <value>143.468378</value>
          </Data>
          <Data name="Co-ordinates">
            <value><![CDATA[-35.944831' 143.468378]]></value>
          </Data>
        </ExtendedData>
        <Point>
          <coordinates>
            143.468378,-35.944831,0
          </coordinates>
        </Point>
      </Placemark>
      <Placemark>
        <name>Avoca River - St Arnaud camping area 1 and 10</name>
        <description><![CDATA[URL: https://www.forestsandreserves.vic.gov.au/land-management/managing-crown-land/camping-on-licensed-crown-water-frontages/avoca-river-st-arnaud-camping-area-1-and-10<br>Location: 23 km north-east of St Arnaud<br>Latitude: -36.599528<br>Longitude: 143.441667<br>Co-ordinates: -36.599528' 143.441667]]></description>
        <styleUrl>#icon-1899-0288D1</styleUrl>
        <ExtendedData>
          <Data name="URL">
            <value>https://www.forestsandreserves.vic.gov.au/land-management/managing-crown-land/camping-on-licensed-crown-water-frontages/avoca-river-st-arnaud-camping-area-1-and-10</value>
          </Data>
          <Data name="Location">
            <value>23 km north-east of St Arnaud</value>
          </Data>
          <Data name="Latitude">
            <value>-36.599528</value>
          </Data>
          <Data name="Longitude">
            <value>143.441667</value>
          </Data>
          <Data name="Co-ordinates">
            <value><![CDATA[-36.599528' 143.441667]]></value>
          </Data>
        </ExtendedData>
        <Point>
          <coordinates>
            143.441667,-36.599528,0
          </coordinates>
        </Point>
      </Placemark>
      <Placemark>
        <name>Avoca River - St Arnaud camping area 2</name>
        <description><![CDATA[URL: https://www.forestsandreserves.vic.gov.au/land-management/managing-crown-land/camping-on-licensed-crown-water-frontages/avoca-river-st-arnaud-camping-area-2<br>Location: 15 km east of St Arnaud<br>Latitude: -36.552278<br>Longitude: 143.404722<br>Co-ordinates: -36.552278' 143.404722]]></description>
        <styleUrl>#icon-1899-0288D1</styleUrl>
        <ExtendedData>
          <Data name="URL">
            <value>https://www.forestsandreserves.vic.gov.au/land-management/managing-crown-land/camping-on-licensed-crown-water-frontages/avoca-river-st-arnaud-camping-area-2</value>
          </Data>
          <Data name="Location">
            <value>15 km east of St Arnaud</value>
          </Data>
          <Data name="Latitude">
            <value>-36.552278</value>
          </Data>
          <Data name="Longitude">
            <value>143.404722</value>
          </Data>
          <Data name="Co-ordinates">
            <value><![CDATA[-36.552278' 143.404722]]></value>
          </Data>
        </ExtendedData>
        <Point>
          <coordinates>
            143.404722,-36.552278,0
          </coordinates>
        </Point>
      </Placemark>
      <Placemark>
        <name>Avoca River - St Arnaud camping area 3</name>
        <description><![CDATA[URL: https://www.forestsandreserves.vic.gov.au/land-management/managing-crown-land/camping-on-licensed-crown-water-frontages/avoca-river-st-arnaud-camping-area-3<br>Location: 17 km north-east of St Arnaud<br>Latitude: -36.542639<br>Longitude: 143.389972<br>Co-ordinates: -36.542639' 143.389972]]></description>
        <styleUrl>#icon-1899-0288D1</styleUrl>
        <ExtendedData>
          <Data name="URL">
            <value>https://www.forestsandreserves.vic.gov.au/land-management/managing-crown-land/camping-on-licensed-crown-water-frontages/avoca-river-st-arnaud-camping-area-3</value>
          </Data>
          <Data name="Location">
            <value>17 km north-east of St Arnaud</value>
          </Data>
          <Data name="Latitude">
            <value>-36.542639</value>
          </Data>
          <Data name="Longitude">
            <value>143.389972</value>
          </Data>
          <Data name="Co-ordinates">
            <value><![CDATA[-36.542639' 143.389972]]></value>
          </Data>
        </ExtendedData>
        <Point>
          <coordinates>
            143.389972,-36.542639,0
          </coordinates>
        </Point>
      </Placemark>
      <Placemark>
        <name>Avoca River - St Arnaud camping area 4</name>
        <description><![CDATA[URL: https://www.forestsandreserves.vic.gov.au/land-management/managing-crown-land/camping-on-licensed-crown-water-frontages/avoca-river-st-arnaud-camping-area-4<br>Location: 17 km north-east of St Arnaud<br>Latitude: -36.539194<br>Longitude: 143.380361<br>Co-ordinates: -36.539194' 143.380361]]></description>
        <styleUrl>#icon-1899-0288D1</styleUrl>
        <ExtendedData>
          <Data name="URL">
            <value>https://www.forestsandreserves.vic.gov.au/land-management/managing-crown-land/camping-on-licensed-crown-water-frontages/avoca-river-st-arnaud-camping-area-4</value>
          </Data>
          <Data name="Location">
            <value>17 km north-east of St Arnaud</value>
          </Data>
          <Data name="Latitude">
            <value>-36.539194</value>
          </Data>
          <Data name="Longitude">
            <value>143.380361</value>
          </Data>
          <Data name="Co-ordinates">
            <value><![CDATA[-36.539194' 143.380361]]></value>
          </Data>
        </ExtendedData>
        <Point>
          <coordinates>
            143.380361,-36.539194,0
          </coordinates>
        </Point>
      </Placemark>
      <Placemark>
        <name>Avoca River - St Arnaud camping area 5</name>
        <description><![CDATA[URL: https://www.forestsandreserves.vic.gov.au/land-management/managing-crown-land/camping-on-licensed-crown-water-frontages/avoca-river-st-arnaud-camping-area-5<br>Location: 16 km north-east of St Arnaud<br>Latitude: -36.523833<br>Longitude: 143.357278<br>Co-ordinates: -36.523833' 143.357278]]></description>
        <styleUrl>#icon-1899-0288D1</styleUrl>
        <ExtendedData>
          <Data name="URL">
            <value>https://www.forestsandreserves.vic.gov.au/land-management/managing-crown-land/camping-on-licensed-crown-water-frontages/avoca-river-st-arnaud-camping-area-5</value>
          </Data>
          <Data name="Location">
            <value>16 km north-east of St Arnaud</value>
          </Data>
          <Data name="Latitude">
            <value>-36.523833</value>
          </Data>
          <Data name="Longitude">
            <value>143.357278</value>
          </Data>
          <Data name="Co-ordinates">
            <value><![CDATA[-36.523833' 143.357278]]></value>
          </Data>
        </ExtendedData>
        <Point>
          <coordinates>
            143.357278,-36.523833,0
          </coordinates>
        </Point>
      </Placemark>
      <Placemark>
        <name>Avoca River - Wycheproof camping area 1</name>
        <description><![CDATA[URL: https://www.forestsandreserves.vic.gov.au/land-management/managing-crown-land/camping-on-licensed-crown-water-frontages/avoca-river-wycheproof-camping-area-1<br>Location: 11 km east of Wycheproof<br>Latitude: -36.097056<br>Longitude: 143.358972<br>Co-ordinates: -36.097056' 143.358972]]></description>
        <styleUrl>#icon-1899-0288D1</styleUrl>
        <ExtendedData>
          <Data name="URL">
            <value>https://www.forestsandreserves.vic.gov.au/land-management/managing-crown-land/camping-on-licensed-crown-water-frontages/avoca-river-wycheproof-camping-area-1</value>
          </Data>
          <Data name="Location">
            <value>11 km east of Wycheproof</value>
          </Data>
          <Data name="Latitude">
            <value>-36.097056</value>
          </Data>
          <Data name="Longitude">
            <value>143.358972</value>
          </Data>
          <Data name="Co-ordinates">
            <value><![CDATA[-36.097056' 143.358972]]></value>
          </Data>
        </ExtendedData>
        <Point>
          <coordinates>
            143.358972,-36.097056,0
          </coordinates>
        </Point>
      </Placemark>
      <Placemark>
        <name>Avoca River - Wycheproof camping area 2</name>
        <description><![CDATA[URL: https://www.forestsandreserves.vic.gov.au/land-management/managing-crown-land/camping-on-licensed-crown-water-frontages/avoca-river-wycheproof-camping-area-2<br>Location: 19 km north-east of Wycheproof<br>Latitude: -36.018472<br>Longitude: 143.405778<br>Co-ordinates: -36.018472' 143.405778]]></description>
        <styleUrl>#icon-1899-0288D1</styleUrl>
        <ExtendedData>
          <Data name="URL">
            <value>https://www.forestsandreserves.vic.gov.au/land-management/managing-crown-land/camping-on-licensed-crown-water-frontages/avoca-river-wycheproof-camping-area-2</value>
          </Data>
          <Data name="Location">
            <value>19 km north-east of Wycheproof</value>
          </Data>
          <Data name="Latitude">
            <value>-36.018472</value>
          </Data>
          <Data name="Longitude">
            <value>143.405778</value>
          </Data>
          <Data name="Co-ordinates">
            <value><![CDATA[-36.018472' 143.405778]]></value>
          </Data>
        </ExtendedData>
        <Point>
          <coordinates>
            143.405778,-36.018472,0
          </coordinates>
        </Point>
      </Placemark>
      <Placemark>
        <name>Avon River - Beazleys Bridge camping area 1 and 2</name>
        <description><![CDATA[URL: https://www.forestsandreserves.vic.gov.au/land-management/managing-crown-land/camping-on-licensed-crown-water-frontages/Avon-River-Beazleys-Bridge-Camping-Area-1-and-2<br>Location: 13 km south-west of St Arnaud<br>Latitude: -36.690222<br>Longitude: 143.158972<br>Co-ordinates: -36.690222' 143.158972]]></description>
        <styleUrl>#icon-1899-0288D1</styleUrl>
        <ExtendedData>
          <Data name="URL">
            <value>https://www.forestsandreserves.vic.gov.au/land-management/managing-crown-land/camping-on-licensed-crown-water-frontages/Avon-River-Beazleys-Bridge-Camping-Area-1-and-2</value>
          </Data>
          <Data name="Location">
            <value>13 km south-west of St Arnaud</value>
          </Data>
          <Data name="Latitude">
            <value>-36.690222</value>
          </Data>
          <Data name="Longitude">
            <value>143.158972</value>
          </Data>
          <Data name="Co-ordinates">
            <value><![CDATA[-36.690222' 143.158972]]></value>
          </Data>
        </ExtendedData>
        <Point>
          <coordinates>
            143.158972,-36.690222,0
          </coordinates>
        </Point>
      </Placemark>
      <Placemark>
        <name>Avon River - Darcys Bridge camping area 1 </name>
        <description><![CDATA[URL: https://www.forestsandreserves.vic.gov.au/land-management/managing-crown-land/camping-on-licensed-crown-water-frontages/avon-river-darcy-bridge-camping-area-1<br>Location: 15 km west of St Arnaud<br>Latitude: -36.643528<br>Longitude: 143.125056<br>Co-ordinates: -36.643528' 143.125056]]></description>
        <styleUrl>#icon-1899-0288D1</styleUrl>
        <ExtendedData>
          <Data name="URL">
            <value>https://www.forestsandreserves.vic.gov.au/land-management/managing-crown-land/camping-on-licensed-crown-water-frontages/avon-river-darcy-bridge-camping-area-1</value>
          </Data>
          <Data name="Location">
            <value>15 km west of St Arnaud</value>
          </Data>
          <Data name="Latitude">
            <value>-36.643528</value>
          </Data>
          <Data name="Longitude">
            <value>143.125056</value>
          </Data>
          <Data name="Co-ordinates">
            <value><![CDATA[-36.643528' 143.125056]]></value>
          </Data>
        </ExtendedData>
        <Point>
          <coordinates>
            143.125056,-36.643528,0
          </coordinates>
        </Point>
      </Placemark>
      <Placemark>
        <name>Avon River - Gre Gre camping area 1</name>
        <description><![CDATA[URL: https://www.forestsandreserves.vic.gov.au/land-management/managing-crown-land/camping-on-licensed-crown-water-frontages/Avon-River-Gre-Gre-Camping-Area-1<br>Location: 17 km east of Marnoo<br>Latitude: -36.66788<br>Longitude: 143.036365<br>Co-ordinates: -36.66788' 143.036365]]></description>
        <styleUrl>#icon-1899-0288D1</styleUrl>
        <ExtendedData>
          <Data name="URL">
            <value>https://www.forestsandreserves.vic.gov.au/land-management/managing-crown-land/camping-on-licensed-crown-water-frontages/Avon-River-Gre-Gre-Camping-Area-1</value>
          </Data>
          <Data name="Location">
            <value>17 km east of Marnoo</value>
          </Data>
          <Data name="Latitude">
            <value>-36.66788</value>
          </Data>
          <Data name="Longitude">
            <value>143.036365</value>
          </Data>
          <Data name="Co-ordinates">
            <value><![CDATA[-36.66788' 143.036365]]></value>
          </Data>
        </ExtendedData>
        <Point>
          <coordinates>
            143.036365,-36.66788,0
          </coordinates>
        </Point>
      </Placemark>
      <Placemark>
        <name>Avon River - Marnoo camping area 1</name>
        <description><![CDATA[URL: https://www.forestsandreserves.vic.gov.au/land-management/managing-crown-land/camping-on-licensed-crown-water-frontages/Avon-River-Marnoo-Camping-Area-1<br>Location: 15 km east of Marnoo<br>Latitude: -36.660655<br>Longitude: 143.005055<br>Co-ordinates: -36.660655' 143.005055]]></description>
        <styleUrl>#icon-1899-0288D1</styleUrl>
        <ExtendedData>
          <Data name="URL">
            <value>https://www.forestsandreserves.vic.gov.au/land-management/managing-crown-land/camping-on-licensed-crown-water-frontages/Avon-River-Marnoo-Camping-Area-1</value>
          </Data>
          <Data name="Location">
            <value>15 km east of Marnoo</value>
          </Data>
          <Data name="Latitude">
            <value>-36.660655</value>
          </Data>
          <Data name="Longitude">
            <value>143.005055</value>
          </Data>
          <Data name="Co-ordinates">
            <value><![CDATA[-36.660655' 143.005055]]></value>
          </Data>
        </ExtendedData>
        <Point>
          <coordinates>
            143.005055,-36.660655,0
          </coordinates>
        </Point>
      </Placemark>
      <Placemark>
        <name>Avon River - Marnoo East camping area 1</name>
        <description><![CDATA[URL: https://www.forestsandreserves.vic.gov.au/land-management/managing-crown-land/camping-on-licensed-crown-water-frontages/Avon-River-Marnoo-East-Camping-Area-1<br>Location: 11 km east of Marnoo<br>Latitude: -36.639823<br>Longitude: 142.974661<br>Co-ordinates: -36.639823' 142.974661]]></description>
        <styleUrl>#icon-1899-0288D1</styleUrl>
        <ExtendedData>
          <Data name="URL">
            <value>https://www.forestsandreserves.vic.gov.au/land-management/managing-crown-land/camping-on-licensed-crown-water-frontages/Avon-River-Marnoo-East-Camping-Area-1</value>
          </Data>
          <Data name="Location">
            <value>11 km east of Marnoo</value>
          </Data>
          <Data name="Latitude">
            <value>-36.639823</value>
          </Data>
          <Data name="Longitude">
            <value>142.974661</value>
          </Data>
          <Data name="Co-ordinates">
            <value><![CDATA[-36.639823' 142.974661]]></value>
          </Data>
        </ExtendedData>
        <Point>
          <coordinates>
            142.974661,-36.639823,0
          </coordinates>
        </Point>
      </Placemark>
      <Placemark>
        <name>Avon River - Stratford camping area 1</name>
        <description><![CDATA[URL: https://www.forestsandreserves.vic.gov.au/land-management/managing-crown-land/camping-on-licensed-crown-water-frontages/Avon-River-Stratford-Camping-Area-1<br>Location: 15 km south east of Stratford<br>Latitude: -38.024841<br>Longitude: 147.174266<br>Co-ordinates: -38.024841' 147.174266]]></description>
        <styleUrl>#icon-1899-0288D1</styleUrl>
        <ExtendedData>
          <Data name="URL">
            <value>https://www.forestsandreserves.vic.gov.au/land-management/managing-crown-land/camping-on-licensed-crown-water-frontages/Avon-River-Stratford-Camping-Area-1</value>
          </Data>
          <Data name="Location">
            <value>15 km south east of Stratford</value>
          </Data>
          <Data name="Latitude">
            <value>-38.024841</value>
          </Data>
          <Data name="Longitude">
            <value>147.174266</value>
          </Data>
          <Data name="Co-ordinates">
            <value><![CDATA[-38.024841' 147.174266]]></value>
          </Data>
        </ExtendedData>
        <Point>
          <coordinates>
            147.174266,-38.024841,0
          </coordinates>
        </Point>
      </Placemark>
      <Placemark>
        <name>Back Creek - Bendoc camping area 1 and 2</name>
        <description><![CDATA[URL: https://www.forestsandreserves.vic.gov.au/land-management/managing-crown-land/camping-on-licensed-crown-water-frontages/back-creek-bendoc-camping-area-1-and-2<br>Location: 7 km east of Bendoc<br>Latitude: -37.161722<br>Longitude: 148.960111<br>Co-ordinates: -37.161722' 148.960111]]></description>
        <styleUrl>#icon-1899-0288D1</styleUrl>
        <ExtendedData>
          <Data name="URL">
            <value>https://www.forestsandreserves.vic.gov.au/land-management/managing-crown-land/camping-on-licensed-crown-water-frontages/back-creek-bendoc-camping-area-1-and-2</value>
          </Data>
          <Data name="Location">
            <value>7 km east of Bendoc</value>
          </Data>
          <Data name="Latitude">
            <value>-37.161722</value>
          </Data>
          <Data name="Longitude">
            <value>148.960111</value>
          </Data>
          <Data name="Co-ordinates">
            <value><![CDATA[-37.161722' 148.960111]]></value>
          </Data>
        </ExtendedData>
        <Point>
          <coordinates>
            148.960111,-37.161722,0
          </coordinates>
        </Point>
      </Placemark>
      <Placemark>
        <name>Back Creek - Bendoc camping area 3, 4 and 5</name>
        <description><![CDATA[URL: https://www.forestsandreserves.vic.gov.au/land-management/managing-crown-land/camping-on-licensed-crown-water-frontages/back-creek-bendoc-camping-area-3,-4-and-5<br>Location: 7 km east of Bendoc<br>Latitude: -37.1749228<br>Longitude: 148.9484051<br>Co-ordinates: -37.1749228' 148.9484051]]></description>
        <styleUrl>#icon-1899-0288D1</styleUrl>
        <ExtendedData>
          <Data name="URL">
            <value>https://www.forestsandreserves.vic.gov.au/land-management/managing-crown-land/camping-on-licensed-crown-water-frontages/back-creek-bendoc-camping-area-3,-4-and-5</value>
          </Data>
          <Data name="Location">
            <value>7 km east of Bendoc</value>
          </Data>
          <Data name="Latitude">
            <value>-37.1749228</value>
          </Data>
          <Data name="Longitude">
            <value>148.9484051</value>
          </Data>
          <Data name="Co-ordinates">
            <value><![CDATA[-37.1749228' 148.9484051]]></value>
          </Data>
        </ExtendedData>
        <Point>
          <coordinates>
            148.9484051,-37.1749228,0
          </coordinates>
        </Point>
      </Placemark>
      <Placemark>
        <name>Back Creek - Drummond camping area 1</name>
        <description><![CDATA[URL: https://www.forestsandreserves.vic.gov.au/land-management/managing-crown-land/camping-on-licensed-crown-water-frontages/Back-Creek-Drummond-Camping-Area-1<br>Location: 4 km south-east of Boort<br>Latitude: -37.231154<br>Longitude: 144.310106<br>Co-ordinates: -37.231154' 144.310106]]></description>
        <styleUrl>#icon-1899-0288D1</styleUrl>
        <ExtendedData>
          <Data name="URL">
            <value>https://www.forestsandreserves.vic.gov.au/land-management/managing-crown-land/camping-on-licensed-crown-water-frontages/Back-Creek-Drummond-Camping-Area-1</value>
          </Data>
          <Data name="Location">
            <value>4 km south-east of Boort</value>
          </Data>
          <Data name="Latitude">
            <value>-37.231154</value>
          </Data>
          <Data name="Longitude">
            <value>144.310106</value>
          </Data>
          <Data name="Co-ordinates">
            <value><![CDATA[-37.231154' 144.310106]]></value>
          </Data>
        </ExtendedData>
        <Point>
          <coordinates>
            144.310106,-37.231154,0
          </coordinates>
        </Point>
      </Placemark>
      <Placemark>
        <name>Back Creek - Penny Flat camping area 1</name>
        <description><![CDATA[URL: https://www.forestsandreserves.vic.gov.au/land-management/managing-crown-land/camping-on-licensed-crown-water-frontages/Back-Creek-Penny-Flat-Camping-Area-1<br>Location: 11 km south-west of Eskdale<br>Latitude: -36.516834<br>Longitude: 147.178732<br>Co-ordinates: -36.516834' 147.178732]]></description>
        <styleUrl>#icon-1899-0288D1</styleUrl>
        <ExtendedData>
          <Data name="URL">
            <value>https://www.forestsandreserves.vic.gov.au/land-management/managing-crown-land/camping-on-licensed-crown-water-frontages/Back-Creek-Penny-Flat-Camping-Area-1</value>
          </Data>
          <Data name="Location">
            <value>11 km south-west of Eskdale</value>
          </Data>
          <Data name="Latitude">
            <value>-36.516834</value>
          </Data>
          <Data name="Longitude">
            <value>147.178732</value>
          </Data>
          <Data name="Co-ordinates">
            <value><![CDATA[-36.516834' 147.178732]]></value>
          </Data>
        </ExtendedData>
        <Point>
          <coordinates>
            147.178732,-36.516834,0
          </coordinates>
        </Point>
      </Placemark>
      <Placemark>
        <name>Back Creek - Towaninny camping area 1</name>
        <description><![CDATA[URL: https://www.forestsandreserves.vic.gov.au/land-management/managing-crown-land/camping-on-licensed-crown-water-frontages/Back-Creek-Towaninny-Camping-Area-1<br>Location: 27 km south-east of Towaninny<br>Latitude: -35.914893<br>Longitude: 143.411861<br>Co-ordinates: -35.914893' 143.411861]]></description>
        <styleUrl>#icon-1899-0288D1</styleUrl>
        <ExtendedData>
          <Data name="URL">
            <value>https://www.forestsandreserves.vic.gov.au/land-management/managing-crown-land/camping-on-licensed-crown-water-frontages/Back-Creek-Towaninny-Camping-Area-1</value>
          </Data>
          <Data name="Location">
            <value>27 km south-east of Towaninny</value>
          </Data>
          <Data name="Latitude">
            <value>-35.914893</value>
          </Data>
          <Data name="Longitude">
            <value>143.411861</value>
          </Data>
          <Data name="Co-ordinates">
            <value><![CDATA[-35.914893' 143.411861]]></value>
          </Data>
        </ExtendedData>
        <Point>
          <coordinates>
            143.411861,-35.914893,0
          </coordinates>
        </Point>
      </Placemark>
      <Placemark>
        <name>Barr Creek - Kerang camping area 1</name>
        <description><![CDATA[URL: https://www.forestsandreserves.vic.gov.au/land-management/managing-crown-land/camping-on-licensed-crown-water-frontages/Barr-Creek-Kerang-Camping-Area-1<br>Location: 11.5 km east of Kerang<br>Latitude: -35.703518<br>Longitude: 144.015532<br>Co-ordinates: -35.703518' 144.015532]]></description>
        <styleUrl>#icon-1899-0288D1</styleUrl>
        <ExtendedData>
          <Data name="URL">
            <value>https://www.forestsandreserves.vic.gov.au/land-management/managing-crown-land/camping-on-licensed-crown-water-frontages/Barr-Creek-Kerang-Camping-Area-1</value>
          </Data>
          <Data name="Location">
            <value>11.5 km east of Kerang</value>
          </Data>
          <Data name="Latitude">
            <value>-35.703518</value>
          </Data>
          <Data name="Longitude">
            <value>144.015532</value>
          </Data>
          <Data name="Co-ordinates">
            <value><![CDATA[-35.703518' 144.015532]]></value>
          </Data>
        </ExtendedData>
        <Point>
          <coordinates>
            144.015532,-35.703518,0
          </coordinates>
        </Point>
      </Placemark>
      <Placemark>
        <name>Bear Creek - Warragul camping area 2</name>
        <description><![CDATA[URL: https://www.forestsandreserves.vic.gov.au/land-management/managing-crown-land/camping-on-licensed-crown-water-frontages/bear-creek-warragul-camping-area-2<br>Location: 5 km east of Warragul South<br>Latitude: -38.221965<br>Longitude: 145.963122<br>Co-ordinates: -38.221965' 145.963122]]></description>
        <styleUrl>#icon-1899-0288D1</styleUrl>
        <ExtendedData>
          <Data name="URL">
            <value>https://www.forestsandreserves.vic.gov.au/land-management/managing-crown-land/camping-on-licensed-crown-water-frontages/bear-creek-warragul-camping-area-2</value>
          </Data>
          <Data name="Location">
            <value>5 km east of Warragul South</value>
          </Data>
          <Data name="Latitude">
            <value>-38.221965</value>
          </Data>
          <Data name="Longitude">
            <value>145.963122</value>
          </Data>
          <Data name="Co-ordinates">
            <value><![CDATA[-38.221965' 145.963122]]></value>
          </Data>
        </ExtendedData>
        <Point>
          <coordinates>
            145.963122,-38.221965,0
          </coordinates>
        </Point>
      </Placemark>
      <Placemark>
        <name>Bemm River - Bemm River camping area 1</name>
        <description><![CDATA[URL: https://www.forestsandreserves.vic.gov.au/land-management/managing-crown-land/camping-on-licensed-crown-water-frontages/bemm-river-bemm-river-camping-area-1<br>Location: 1 km north of Bemm River<br>Latitude: -37.753528<br>Longitude: 148.960583<br>Co-ordinates: -37.753528' 148.960583]]></description>
        <styleUrl>#icon-1899-0288D1</styleUrl>
        <ExtendedData>
          <Data name="URL">
            <value>https://www.forestsandreserves.vic.gov.au/land-management/managing-crown-land/camping-on-licensed-crown-water-frontages/bemm-river-bemm-river-camping-area-1</value>
          </Data>
          <Data name="Location">
            <value>1 km north of Bemm River</value>
          </Data>
          <Data name="Latitude">
            <value>-37.753528</value>
          </Data>
          <Data name="Longitude">
            <value>148.960583</value>
          </Data>
          <Data name="Co-ordinates">
            <value><![CDATA[-37.753528' 148.960583]]></value>
          </Data>
        </ExtendedData>
        <Point>
          <coordinates>
            148.960583,-37.753528,0
          </coordinates>
        </Point>
      </Placemark>
      <Placemark>
        <name>Bendigo Creek - Elmore camping area 1</name>
        <description><![CDATA[URL: https://www.forestsandreserves.vic.gov.au/land-management/managing-crown-land/camping-on-licensed-crown-water-frontages/Bendigo-Creek-Elmore-Camping-Area-1<br>Location: 7 km west of Elmore<br>Latitude: -36.511818<br>Longitude: 144.541768<br>Co-ordinates: -36.511818' 144.541768]]></description>
        <styleUrl>#icon-1899-0288D1</styleUrl>
        <ExtendedData>
          <Data name="URL">
            <value>https://www.forestsandreserves.vic.gov.au/land-management/managing-crown-land/camping-on-licensed-crown-water-frontages/Bendigo-Creek-Elmore-Camping-Area-1</value>
          </Data>
          <Data name="Location">
            <value>7 km west of Elmore</value>
          </Data>
          <Data name="Latitude">
            <value>-36.511818</value>
          </Data>
          <Data name="Longitude">
            <value>144.541768</value>
          </Data>
          <Data name="Co-ordinates">
            <value><![CDATA[-36.511818' 144.541768]]></value>
          </Data>
        </ExtendedData>
        <Point>
          <coordinates>
            144.541768,-36.511818,0
          </coordinates>
        </Point>
      </Placemark>
      <Placemark>
        <name>Bendigo Creek - Goornong camping area 1</name>
        <description><![CDATA[URL: https://www.forestsandreserves.vic.gov.au/land-management/managing-crown-land/camping-on-licensed-crown-water-frontages/Bendigo-Creek-Goornong-Camping-Area-1<br>Location: 18 km south of Elmore<br>Latitude: -36.561283<br>Longitude: 144.50448<br>Co-ordinates: -36.561283' 144.50448]]></description>
        <styleUrl>#icon-1899-0288D1</styleUrl>
        <ExtendedData>
          <Data name="URL">
            <value>https://www.forestsandreserves.vic.gov.au/land-management/managing-crown-land/camping-on-licensed-crown-water-frontages/Bendigo-Creek-Goornong-Camping-Area-1</value>
          </Data>
          <Data name="Location">
            <value>18 km south of Elmore</value>
          </Data>
          <Data name="Latitude">
            <value>-36.561283</value>
          </Data>
          <Data name="Longitude">
            <value>144.50448</value>
          </Data>
          <Data name="Co-ordinates">
            <value><![CDATA[-36.561283' 144.50448]]></value>
          </Data>
        </ExtendedData>
        <Point>
          <coordinates>
            144.50448,-36.561283,0
          </coordinates>
        </Point>
      </Placemark>
      <Placemark>
        <name>Bendigo Creek - Kamarooka camping area 1</name>
        <description><![CDATA[URL: https://www.forestsandreserves.vic.gov.au/land-management/managing-crown-land/camping-on-licensed-crown-water-frontages/Bendigo-Creek-Kamarooka-Camping-Area-1<br>Location: 10 km north of Kamarooka<br>Latitude: -36.397084<br>Longitude: 144.392001<br>Co-ordinates: -36.397084' 144.392001]]></description>
        <styleUrl>#icon-1899-0288D1</styleUrl>
        <ExtendedData>
          <Data name="URL">
            <value>https://www.forestsandreserves.vic.gov.au/land-management/managing-crown-land/camping-on-licensed-crown-water-frontages/Bendigo-Creek-Kamarooka-Camping-Area-1</value>
          </Data>
          <Data name="Location">
            <value>10 km north of Kamarooka</value>
          </Data>
          <Data name="Latitude">
            <value>-36.397084</value>
          </Data>
          <Data name="Longitude">
            <value>144.392001</value>
          </Data>
          <Data name="Co-ordinates">
            <value><![CDATA[-36.397084' 144.392001]]></value>
          </Data>
        </ExtendedData>
        <Point>
          <coordinates>
            144.392001,-36.397084,0
          </coordinates>
        </Point>
      </Placemark>
      <Placemark>
        <name>Bendigo Creek - Mitiamo camping area 1</name>
        <description><![CDATA[URL: https://www.forestsandreserves.vic.gov.au/land-management/managing-crown-land/camping-on-licensed-crown-water-frontages/Bendigo-Creek-Mitiamo-Camping-Area-1<br>Location: 5 km east of Mitiamo<br>Latitude: -36.198342<br>Longitude: 144.278152<br>Co-ordinates: -36.198342' 144.278152]]></description>
        <styleUrl>#icon-1899-0288D1</styleUrl>
        <ExtendedData>
          <Data name="URL">
            <value>https://www.forestsandreserves.vic.gov.au/land-management/managing-crown-land/camping-on-licensed-crown-water-frontages/Bendigo-Creek-Mitiamo-Camping-Area-1</value>
          </Data>
          <Data name="Location">
            <value>5 km east of Mitiamo</value>
          </Data>
          <Data name="Latitude">
            <value>-36.198342</value>
          </Data>
          <Data name="Longitude">
            <value>144.278152</value>
          </Data>
          <Data name="Co-ordinates">
            <value><![CDATA[-36.198342' 144.278152]]></value>
          </Data>
        </ExtendedData>
        <Point>
          <coordinates>
            144.278152,-36.198342,0
          </coordinates>
        </Point>
      </Placemark>
      <Placemark>
        <name>Bendoc River - Bendoc camping area 1a, 1b and 2</name>
        <description><![CDATA[URL: https://www.forestsandreserves.vic.gov.au/land-management/managing-crown-land/camping-on-licensed-crown-water-frontages/bendoc-river-bendoc-camping-area-1-and-2<br>Location: 3.7 km north east of Bendoc<br>Latitude: -37.1258766<br>Longitude: 148.9186499<br>Co-ordinates: -37.1258766' 148.9186499]]></description>
        <styleUrl>#icon-1899-0288D1</styleUrl>
        <ExtendedData>
          <Data name="URL">
            <value>https://www.forestsandreserves.vic.gov.au/land-management/managing-crown-land/camping-on-licensed-crown-water-frontages/bendoc-river-bendoc-camping-area-1-and-2</value>
          </Data>
          <Data name="Location">
            <value>3.7 km north east of Bendoc</value>
          </Data>
          <Data name="Latitude">
            <value>-37.1258766</value>
          </Data>
          <Data name="Longitude">
            <value>148.9186499</value>
          </Data>
          <Data name="Co-ordinates">
            <value><![CDATA[-37.1258766' 148.9186499]]></value>
          </Data>
        </ExtendedData>
        <Point>
          <coordinates>
            148.9186499,-37.1258766,0
          </coordinates>
        </Point>
      </Placemark>
      <Placemark>
        <name>Bendoc River - Bendoc camping area 3 and 4</name>
        <description><![CDATA[URL: https://www.forestsandreserves.vic.gov.au/land-management/managing-crown-land/camping-on-licensed-crown-water-frontages/bendoc-river-bendoc-camping-area-3-and-4<br>Location: 9 km east of Bendoc<br>Latitude: -37.112389<br>Longitude: 148.967056<br>Co-ordinates: -37.112389' 148.967056]]></description>
        <styleUrl>#icon-1899-0288D1</styleUrl>
        <ExtendedData>
          <Data name="URL">
            <value>https://www.forestsandreserves.vic.gov.au/land-management/managing-crown-land/camping-on-licensed-crown-water-frontages/bendoc-river-bendoc-camping-area-3-and-4</value>
          </Data>
          <Data name="Location">
            <value>9 km east of Bendoc</value>
          </Data>
          <Data name="Latitude">
            <value>-37.112389</value>
          </Data>
          <Data name="Longitude">
            <value>148.967056</value>
          </Data>
          <Data name="Co-ordinates">
            <value><![CDATA[-37.112389' 148.967056]]></value>
          </Data>
        </ExtendedData>
        <Point>
          <coordinates>
            148.967056,-37.112389,0
          </coordinates>
        </Point>
      </Placemark>
      <Placemark>
        <name>Bet Bet Creek - Bet Bet camping area 1</name>
        <description><![CDATA[URL: https://www.forestsandreserves.vic.gov.au/land-management/managing-crown-land/camping-on-licensed-crown-water-frontages/bet-bet-creek-bet-bet-camping-area-1<br>Location: 3.6 km south-west of Bet Bet<br>Latitude: -36.950694<br>Longitude: 143.738306<br>Co-ordinates: -36.950694' 143.738306]]></description>
        <styleUrl>#icon-1899-0288D1</styleUrl>
        <ExtendedData>
          <Data name="URL">
            <value>https://www.forestsandreserves.vic.gov.au/land-management/managing-crown-land/camping-on-licensed-crown-water-frontages/bet-bet-creek-bet-bet-camping-area-1</value>
          </Data>
          <Data name="Location">
            <value>3.6 km south-west of Bet Bet</value>
          </Data>
          <Data name="Latitude">
            <value>-36.950694</value>
          </Data>
          <Data name="Longitude">
            <value>143.738306</value>
          </Data>
          <Data name="Co-ordinates">
            <value><![CDATA[-36.950694' 143.738306]]></value>
          </Data>
        </ExtendedData>
        <Point>
          <coordinates>
            143.738306,-36.950694,0
          </coordinates>
        </Point>
      </Placemark>
      <Placemark>
        <name>Big River - Glen Valley camping area 1 and 2</name>
        <description><![CDATA[URL: https://www.forestsandreserves.vic.gov.au/land-management/managing-crown-land/camping-on-licensed-crown-water-frontages/Big-River-Glen-Valley-Camping-Area-1-and-2<br>Location: 4 km north of Glen Valley<br>Latitude: -36.89522<br>Longitude: 147.463559<br>Co-ordinates: -36.89522' 147.463559]]></description>
        <styleUrl>#icon-1899-0288D1</styleUrl>
        <ExtendedData>
          <Data name="URL">
            <value>https://www.forestsandreserves.vic.gov.au/land-management/managing-crown-land/camping-on-licensed-crown-water-frontages/Big-River-Glen-Valley-Camping-Area-1-and-2</value>
          </Data>
          <Data name="Location">
            <value>4 km north of Glen Valley</value>
          </Data>
          <Data name="Latitude">
            <value>-36.89522</value>
          </Data>
          <Data name="Longitude">
            <value>147.463559</value>
          </Data>
          <Data name="Co-ordinates">
            <value><![CDATA[-36.89522' 147.463559]]></value>
          </Data>
        </ExtendedData>
        <Point>
          <coordinates>
            147.463559,-36.89522,0
          </coordinates>
        </Point>
      </Placemark>
      <Placemark>
        <name>Billabong Creek - Peechelba camping area 1 and 2</name>
        <description><![CDATA[URL: https://www.forestsandreserves.vic.gov.au/land-management/managing-crown-land/camping-on-licensed-crown-water-frontages/Billabong-Creek-Peechelba-East-Camping-Area-1-and-2<br>Location: 8 km north-west of Peechelba<br>Latitude: -36.164619<br>Longitude: 146.208309<br>Co-ordinates: -36.164619' 146.208309]]></description>
        <styleUrl>#icon-1899-0288D1</styleUrl>
        <ExtendedData>
          <Data name="URL">
            <value>https://www.forestsandreserves.vic.gov.au/land-management/managing-crown-land/camping-on-licensed-crown-water-frontages/Billabong-Creek-Peechelba-East-Camping-Area-1-and-2</value>
          </Data>
          <Data name="Location">
            <value>8 km north-west of Peechelba</value>
          </Data>
          <Data name="Latitude">
            <value>-36.164619</value>
          </Data>
          <Data name="Longitude">
            <value>146.208309</value>
          </Data>
          <Data name="Co-ordinates">
            <value><![CDATA[-36.164619' 146.208309]]></value>
          </Data>
        </ExtendedData>
        <Point>
          <coordinates>
            146.208309,-36.164619,0
          </coordinates>
        </Point>
      </Placemark>
      <Placemark>
        <name>Billys Creek - Churchill camping area 1</name>
        <description><![CDATA[URL: https://www.forestsandreserves.vic.gov.au/land-management/managing-crown-land/camping-on-licensed-crown-water-frontages/Billys-Creek-Churchill-Camping-Area-1<br>Location: 6 km south west of Churchill<br>Latitude: -38.324841<br>Longitude: 146.382747<br>Co-ordinates: -38.324841' 146.382747]]></description>
        <styleUrl>#icon-1899-0288D1</styleUrl>
        <ExtendedData>
          <Data name="URL">
            <value>https://www.forestsandreserves.vic.gov.au/land-management/managing-crown-land/camping-on-licensed-crown-water-frontages/Billys-Creek-Churchill-Camping-Area-1</value>
          </Data>
          <Data name="Location">
            <value>6 km south west of Churchill</value>
          </Data>
          <Data name="Latitude">
            <value>-38.324841</value>
          </Data>
          <Data name="Longitude">
            <value>146.382747</value>
          </Data>
          <Data name="Co-ordinates">
            <value><![CDATA[-38.324841' 146.382747]]></value>
          </Data>
        </ExtendedData>
        <Point>
          <coordinates>
            146.382747,-38.324841,0
          </coordinates>
        </Point>
      </Placemark>
      <Placemark>
        <name><![CDATA[Bridge Creek - Benambra camping area 1 &2]]></name>
        <description><![CDATA[URL: https://www.forestsandreserves.vic.gov.au/land-management/managing-crown-land/camping-on-licensed-crown-water-frontages/Bridge-Creek-Benambra-Camping-Area-1-and-2<br>Location: 16 km north of Benambra<br>Latitude: -38.324841<br>Longitude: 146.382747<br>Co-ordinates: -38.324841' 146.382747]]></description>
        <styleUrl>#icon-1899-0288D1</styleUrl>
        <ExtendedData>
          <Data name="URL">
            <value>https://www.forestsandreserves.vic.gov.au/land-management/managing-crown-land/camping-on-licensed-crown-water-frontages/Bridge-Creek-Benambra-Camping-Area-1-and-2</value>
          </Data>
          <Data name="Location">
            <value>16 km north of Benambra</value>
          </Data>
          <Data name="Latitude">
            <value>-38.324841</value>
          </Data>
          <Data name="Longitude">
            <value>146.382747</value>
          </Data>
          <Data name="Co-ordinates">
            <value><![CDATA[-38.324841' 146.382747]]></value>
          </Data>
        </ExtendedData>
        <Point>
          <coordinates>
            146.382747,-38.324841,0
          </coordinates>
        </Point>
      </Placemark>
      <Placemark>
        <name><![CDATA[Bridge Creek - Dalyston camping area 1 &2]]></name>
        <description><![CDATA[URL: https://www.forestsandreserves.vic.gov.au/land-management/managing-crown-land/camping-on-licensed-crown-water-frontages/Bridge-Creek-Dalyston-Camping-Area-1-and-2<br>Location: 1 km south of Dalyston<br>Latitude: -37.112389<br>Longitude: 148.967056<br>Co-ordinates: -37.112389' 148.967056]]></description>
        <styleUrl>#icon-1899-0288D1</styleUrl>
        <ExtendedData>
          <Data name="URL">
            <value>https://www.forestsandreserves.vic.gov.au/land-management/managing-crown-land/camping-on-licensed-crown-water-frontages/Bridge-Creek-Dalyston-Camping-Area-1-and-2</value>
          </Data>
          <Data name="Location">
            <value>1 km south of Dalyston</value>
          </Data>
          <Data name="Latitude">
            <value>-37.112389</value>
          </Data>
          <Data name="Longitude">
            <value>148.967056</value>
          </Data>
          <Data name="Co-ordinates">
            <value><![CDATA[-37.112389' 148.967056]]></value>
          </Data>
        </ExtendedData>
        <Point>
          <coordinates>
            148.967056,-37.112389,0
          </coordinates>
        </Point>
      </Placemark>
      <Placemark>
        <name>Broken Creek - Numurkah camping area 1</name>
        <description><![CDATA[URL: https://www.forestsandreserves.vic.gov.au/land-management/managing-crown-land/camping-on-licensed-crown-water-frontages/Broken-Creek-Numurkah-Camping-Area-1<br>Location: 6.5 km south west of Numurkah<br>Latitude: -36.110251<br>Longitude: 145.409872<br>Co-ordinates: -36.110251' 145.409872]]></description>
        <styleUrl>#icon-1899-0288D1</styleUrl>
        <ExtendedData>
          <Data name="URL">
            <value>https://www.forestsandreserves.vic.gov.au/land-management/managing-crown-land/camping-on-licensed-crown-water-frontages/Broken-Creek-Numurkah-Camping-Area-1</value>
          </Data>
          <Data name="Location">
            <value>6.5 km south west of Numurkah</value>
          </Data>
          <Data name="Latitude">
            <value>-36.110251</value>
          </Data>
          <Data name="Longitude">
            <value>145.409872</value>
          </Data>
          <Data name="Co-ordinates">
            <value><![CDATA[-36.110251' 145.409872]]></value>
          </Data>
        </ExtendedData>
        <Point>
          <coordinates>
            145.409872,-36.110251,0
          </coordinates>
        </Point>
      </Placemark>
      <Placemark>
        <name>Bryan Creek - Coleraine camping area 1</name>
        <description><![CDATA[URL: https://www.forestsandreserves.vic.gov.au/land-management/managing-crown-land/camping-on-licensed-crown-water-frontages/Bryan-Creek-Coleraine-Camping-Area-1<br>Location: 645 km west of Coleraine<br>Latitude: -37.598621<br>Longitude: 141.649676<br>Co-ordinates: -37.598621' 141.649676]]></description>
        <styleUrl>#icon-1899-0288D1</styleUrl>
        <ExtendedData>
          <Data name="URL">
            <value>https://www.forestsandreserves.vic.gov.au/land-management/managing-crown-land/camping-on-licensed-crown-water-frontages/Bryan-Creek-Coleraine-Camping-Area-1</value>
          </Data>
          <Data name="Location">
            <value>645 km west of Coleraine</value>
          </Data>
          <Data name="Latitude">
            <value>-37.598621</value>
          </Data>
          <Data name="Longitude">
            <value>141.649676</value>
          </Data>
          <Data name="Co-ordinates">
            <value><![CDATA[-37.598621' 141.649676]]></value>
          </Data>
        </ExtendedData>
        <Point>
          <coordinates>
            141.649676,-37.598621,0
          </coordinates>
        </Point>
      </Placemark>
      <Placemark>
        <name>Buffalo Creek - Myrtleford camping area 1, 2 and 3</name>
        <description><![CDATA[URL: https://www.forestsandreserves.vic.gov.au/land-management/managing-crown-land/camping-on-licensed-crown-water-frontages/Buffalo-Creek-Myrtleford-Camping-Area-1,-2-and-3<br>Location: 8.5 km south of  Myrtleford<br>Latitude: -36.602955<br>Longitude: 146.739557<br>Co-ordinates: -36.602955' 146.739557]]></description>
        <styleUrl>#icon-1899-0288D1</styleUrl>
        <ExtendedData>
          <Data name="URL">
            <value>https://www.forestsandreserves.vic.gov.au/land-management/managing-crown-land/camping-on-licensed-crown-water-frontages/Buffalo-Creek-Myrtleford-Camping-Area-1,-2-and-3</value>
          </Data>
          <Data name="Location">
            <value>8.5 km south of  Myrtleford</value>
          </Data>
          <Data name="Latitude">
            <value>-36.602955</value>
          </Data>
          <Data name="Longitude">
            <value>146.739557</value>
          </Data>
          <Data name="Co-ordinates">
            <value><![CDATA[-36.602955' 146.739557]]></value>
          </Data>
        </ExtendedData>
        <Point>
          <coordinates>
            146.739557,-36.602955,0
          </coordinates>
        </Point>
      </Placemark>
      <Placemark>
        <name>Bullabul Creek -Arnold camping area 1</name>
        <description><![CDATA[URL: https://www.forestsandreserves.vic.gov.au/land-management/managing-crown-land/camping-on-licensed-crown-water-frontages/bullabul-creek-arnold-camping-area-1<br>Location: 1.8 km north of Arnold<br>Latitude: -36.6755<br>Longitude: 143.86475<br>Co-ordinates: -36.6755' 143.86475]]></description>
        <styleUrl>#icon-1899-0288D1</styleUrl>
        <ExtendedData>
          <Data name="URL">
            <value>https://www.forestsandreserves.vic.gov.au/land-management/managing-crown-land/camping-on-licensed-crown-water-frontages/bullabul-creek-arnold-camping-area-1</value>
          </Data>
          <Data name="Location">
            <value>1.8 km north of Arnold</value>
          </Data>
          <Data name="Latitude">
            <value>-36.6755</value>
          </Data>
          <Data name="Longitude">
            <value>143.86475</value>
          </Data>
          <Data name="Co-ordinates">
            <value><![CDATA[-36.6755' 143.86475]]></value>
          </Data>
        </ExtendedData>
        <Point>
          <coordinates>
            143.86475,-36.6755,0
          </coordinates>
        </Point>
      </Placemark>
      <Placemark>
        <name><![CDATA[Bullock Creek -Leichardt camping area 1 &2]]></name>
        <description><![CDATA[URL: https://www.forestsandreserves.vic.gov.au/land-management/managing-crown-land/camping-on-licensed-crown-water-frontages/bullock-creek-leichardt-camping-area-1-and-2<br>Location: 10 km north of Marong<br>Latitude: -36.6755<br>Longitude: 143.86475<br>Co-ordinates: -36.6755' 143.86475]]></description>
        <styleUrl>#icon-1899-0288D1</styleUrl>
        <ExtendedData>
          <Data name="URL">
            <value>https://www.forestsandreserves.vic.gov.au/land-management/managing-crown-land/camping-on-licensed-crown-water-frontages/bullock-creek-leichardt-camping-area-1-and-2</value>
          </Data>
          <Data name="Location">
            <value>10 km north of Marong</value>
          </Data>
          <Data name="Latitude">
            <value>-36.6755</value>
          </Data>
          <Data name="Longitude">
            <value>143.86475</value>
          </Data>
          <Data name="Co-ordinates">
            <value><![CDATA[-36.6755' 143.86475]]></value>
          </Data>
        </ExtendedData>
        <Point>
          <coordinates>
            143.86475,-36.6755,0
          </coordinates>
        </Point>
      </Placemark>
      <Placemark>
        <name><![CDATA[Bungalally Creek -Horsham camping area 1 &2]]></name>
        <description><![CDATA[URL: https://www.forestsandreserves.vic.gov.au/land-management/managing-crown-land/camping-on-licensed-crown-water-frontages/Bungalally-Creek-Horsham-camping-area-1-and-2<br>Location: 8 km south of Horsham<br>Latitude: -36.79105<br>Longitude: 142.199102<br>Co-ordinates: -36.79105' 142.199102]]></description>
        <styleUrl>#icon-1899-0288D1</styleUrl>
        <ExtendedData>
          <Data name="URL">
            <value>https://www.forestsandreserves.vic.gov.au/land-management/managing-crown-land/camping-on-licensed-crown-water-frontages/Bungalally-Creek-Horsham-camping-area-1-and-2</value>
          </Data>
          <Data name="Location">
            <value>8 km south of Horsham</value>
          </Data>
          <Data name="Latitude">
            <value>-36.79105</value>
          </Data>
          <Data name="Longitude">
            <value>142.199102</value>
          </Data>
          <Data name="Co-ordinates">
            <value><![CDATA[-36.79105' 142.199102]]></value>
          </Data>
        </ExtendedData>
        <Point>
          <coordinates>
            142.199102,-36.79105,0
          </coordinates>
        </Point>
      </Placemark>
      <Placemark>
        <name>Campaspe River  - Creek View camping area 1</name>
        <description><![CDATA[URL: https://www.forestsandreserves.vic.gov.au/land-management/managing-crown-land/camping-on-licensed-crown-water-frontages/Campaspe-River-Creek-View-camping-area-1<br>Location: 9 km north east of Goornong<br>Latitude: -36.5924578<br>Longitude: 144.5854924<br>Co-ordinates: -36.5924578' 144.5854924]]></description>
        <styleUrl>#icon-1899-0288D1</styleUrl>
        <ExtendedData>
          <Data name="URL">
            <value>https://www.forestsandreserves.vic.gov.au/land-management/managing-crown-land/camping-on-licensed-crown-water-frontages/Campaspe-River-Creek-View-camping-area-1</value>
          </Data>
          <Data name="Location">
            <value>9 km north east of Goornong</value>
          </Data>
          <Data name="Latitude">
            <value>-36.5924578</value>
          </Data>
          <Data name="Longitude">
            <value>144.5854924</value>
          </Data>
          <Data name="Co-ordinates">
            <value><![CDATA[-36.5924578' 144.5854924]]></value>
          </Data>
        </ExtendedData>
        <Point>
          <coordinates>
            144.5854924,-36.5924578,0
          </coordinates>
        </Point>
      </Placemark>
      <Placemark>
        <name>Campbell Creek - St Arnaud camping area 2 and 3</name>
        <description><![CDATA[URL: https://www.forestsandreserves.vic.gov.au/land-management/managing-crown-land/camping-on-licensed-crown-water-frontages/campbell-creek-st-arnaud-camping-area-2-and-3<br>Location: 20 km north-east of St Arnaud<br>Latitude: -36.5823333<br>Longitude: 143.4191944<br>Co-ordinates: -36.5823333' 143.4191944]]></description>
        <styleUrl>#icon-1899-0288D1</styleUrl>
        <ExtendedData>
          <Data name="URL">
            <value>https://www.forestsandreserves.vic.gov.au/land-management/managing-crown-land/camping-on-licensed-crown-water-frontages/campbell-creek-st-arnaud-camping-area-2-and-3</value>
          </Data>
          <Data name="Location">
            <value>20 km north-east of St Arnaud</value>
          </Data>
          <Data name="Latitude">
            <value>-36.5823333</value>
          </Data>
          <Data name="Longitude">
            <value>143.4191944</value>
          </Data>
          <Data name="Co-ordinates">
            <value><![CDATA[-36.5823333' 143.4191944]]></value>
          </Data>
        </ExtendedData>
        <Point>
          <coordinates>
            143.4191944,-36.5823333,0
          </coordinates>
        </Point>
      </Placemark>
      <Placemark>
        <name>Cann River - Noorinbee camping area 1</name>
        <description><![CDATA[URL: https://www.forestsandreserves.vic.gov.au/land-management/managing-crown-land/camping-on-licensed-crown-water-frontages/Cann-River-Noorinbee-Camping-Area-1<br>Location: 9 km north of Cann River<br>Latitude: -37.5020621<br>Longitude: 149.1461016<br>Co-ordinates: -37.5020621' 149.1461016]]></description>
        <styleUrl>#icon-1899-0288D1</styleUrl>
        <ExtendedData>
          <Data name="URL">
            <value>https://www.forestsandreserves.vic.gov.au/land-management/managing-crown-land/camping-on-licensed-crown-water-frontages/Cann-River-Noorinbee-Camping-Area-1</value>
          </Data>
          <Data name="Location">
            <value>9 km north of Cann River</value>
          </Data>
          <Data name="Latitude">
            <value>-37.5020621</value>
          </Data>
          <Data name="Longitude">
            <value>149.1461016</value>
          </Data>
          <Data name="Co-ordinates">
            <value><![CDATA[-37.5020621' 149.1461016]]></value>
          </Data>
        </ExtendedData>
        <Point>
          <coordinates>
            149.1461016,-37.5020621,0
          </coordinates>
        </Point>
      </Placemark>
      <Placemark>
        <name>Castleburn Creek - Dargo camping area 1</name>
        <description><![CDATA[URL: https://www.forestsandreserves.vic.gov.au/land-management/managing-crown-land/camping-on-licensed-crown-water-frontages/Castleburn-Creek-Dargo-Camping-Area-1<br>Location: 15 km south of Dargo<br>Latitude: -37.5183997<br>Longitude: 147.2345792<br>Co-ordinates: -37.5183997' 147.2345792]]></description>
        <styleUrl>#icon-1899-0288D1</styleUrl>
        <ExtendedData>
          <Data name="URL">
            <value>https://www.forestsandreserves.vic.gov.au/land-management/managing-crown-land/camping-on-licensed-crown-water-frontages/Castleburn-Creek-Dargo-Camping-Area-1</value>
          </Data>
          <Data name="Location">
            <value>15 km south of Dargo</value>
          </Data>
          <Data name="Latitude">
            <value>-37.5183997</value>
          </Data>
          <Data name="Longitude">
            <value>147.2345792</value>
          </Data>
          <Data name="Co-ordinates">
            <value><![CDATA[-37.5183997' 147.2345792]]></value>
          </Data>
        </ExtendedData>
        <Point>
          <coordinates>
            147.2345792,-37.5183997,0
          </coordinates>
        </Point>
      </Placemark>
      <Placemark>
        <name>Chinaman Creek - Peechelba camping area 1</name>
        <description><![CDATA[URL: https://www.forestsandreserves.vic.gov.au/land-management/managing-crown-land/camping-on-licensed-crown-water-frontages/Chinaman-Creek-Peechelba-camping-area-1<br>Location: 6 km south Peechelba<br>Latitude: -36.231157<br>Longitude: 146.200448<br>Co-ordinates: -36.231157' 146.200448]]></description>
        <styleUrl>#icon-1899-0288D1</styleUrl>
        <ExtendedData>
          <Data name="URL">
            <value>https://www.forestsandreserves.vic.gov.au/land-management/managing-crown-land/camping-on-licensed-crown-water-frontages/Chinaman-Creek-Peechelba-camping-area-1</value>
          </Data>
          <Data name="Location">
            <value>6 km south Peechelba</value>
          </Data>
          <Data name="Latitude">
            <value>-36.231157</value>
          </Data>
          <Data name="Longitude">
            <value>146.200448</value>
          </Data>
          <Data name="Co-ordinates">
            <value><![CDATA[-36.231157' 146.200448]]></value>
          </Data>
        </ExtendedData>
        <Point>
          <coordinates>
            146.200448,-36.231157,0
          </coordinates>
        </Point>
      </Placemark>
      <Placemark>
        <name>Compton Creek - Nagambie camping area 1</name>
        <description><![CDATA[URL: https://www.forestsandreserves.vic.gov.au/land-management/managing-crown-land/camping-on-licensed-crown-water-frontages/Compton-Creek-Nagambie-Camping-Area-1<br>Location: 24 km west of Nagambie<br>Latitude: -36.830925<br>Longitude: 144.935599<br>Co-ordinates: -36.830925' 144.935599]]></description>
        <styleUrl>#icon-1899-0288D1</styleUrl>
        <ExtendedData>
          <Data name="URL">
            <value>https://www.forestsandreserves.vic.gov.au/land-management/managing-crown-land/camping-on-licensed-crown-water-frontages/Compton-Creek-Nagambie-Camping-Area-1</value>
          </Data>
          <Data name="Location">
            <value>24 km west of Nagambie</value>
          </Data>
          <Data name="Latitude">
            <value>-36.830925</value>
          </Data>
          <Data name="Longitude">
            <value>144.935599</value>
          </Data>
          <Data name="Co-ordinates">
            <value><![CDATA[-36.830925' 144.935599]]></value>
          </Data>
        </ExtendedData>
        <Point>
          <coordinates>
            144.935599,-36.830925,0
          </coordinates>
        </Point>
      </Placemark>
      <Placemark>
        <name>Concongella Creek - Stawell camping area 1</name>
        <description><![CDATA[URL: https://www.forestsandreserves.vic.gov.au/land-management/managing-crown-land/camping-on-licensed-crown-water-frontages/Concongella-Creek-Stawell-camping-area-1<br>Location: 7 km north-east of Stawell<br>Latitude: -37.015013<br>Longitude: 142.82292<br>Co-ordinates: -37.015013' 142.82292]]></description>
        <styleUrl>#icon-1899-0288D1</styleUrl>
        <ExtendedData>
          <Data name="URL">
            <value>https://www.forestsandreserves.vic.gov.au/land-management/managing-crown-land/camping-on-licensed-crown-water-frontages/Concongella-Creek-Stawell-camping-area-1</value>
          </Data>
          <Data name="Location">
            <value>7 km north-east of Stawell</value>
          </Data>
          <Data name="Latitude">
            <value>-37.015013</value>
          </Data>
          <Data name="Longitude">
            <value>142.82292</value>
          </Data>
          <Data name="Co-ordinates">
            <value><![CDATA[-37.015013' 142.82292]]></value>
          </Data>
        </ExtendedData>
        <Point>
          <coordinates>
            142.82292,-37.015013,0
          </coordinates>
        </Point>
      </Placemark>
      <Placemark>
        <name>Corryong Creek - Nariel camping area 1 and 2</name>
        <description><![CDATA[URL: https://www.forestsandreserves.vic.gov.au/land-management/managing-crown-land/camping-on-licensed-crown-water-frontages/Corryong-Creek-Nariel-Creek-Camping-Area-1-and-2<br>Location: 18 km south Colac Colac<br>Latitude: -36.3168412<br>Longitude: 147.8209614<br>Co-ordinates: -36.3168412' 147.8209614]]></description>
        <styleUrl>#icon-1899-0288D1</styleUrl>
        <ExtendedData>
          <Data name="URL">
            <value>https://www.forestsandreserves.vic.gov.au/land-management/managing-crown-land/camping-on-licensed-crown-water-frontages/Corryong-Creek-Nariel-Creek-Camping-Area-1-and-2</value>
          </Data>
          <Data name="Location">
            <value>18 km south Colac Colac</value>
          </Data>
          <Data name="Latitude">
            <value>-36.3168412</value>
          </Data>
          <Data name="Longitude">
            <value>147.8209614</value>
          </Data>
          <Data name="Co-ordinates">
            <value><![CDATA[-36.3168412' 147.8209614]]></value>
          </Data>
        </ExtendedData>
        <Point>
          <coordinates>
            147.8209614,-36.3168412,0
          </coordinates>
        </Point>
      </Placemark>
      <Placemark>
        <name>Cottontree Creek - Tallangatta camping area 1</name>
        <description><![CDATA[URL: https://www.forestsandreserves.vic.gov.au/land-management/managing-crown-land/camping-on-licensed-crown-water-frontages/Cottontree-Creek-Tallangatta-Camping-Area-1<br>Location: 33 km north-east of Tallangatta<br>Latitude: -36.085455<br>Longitude: 147.318716<br>Co-ordinates: -36.085455' 147.318716]]></description>
        <styleUrl>#icon-1899-0288D1</styleUrl>
        <ExtendedData>
          <Data name="URL">
            <value>https://www.forestsandreserves.vic.gov.au/land-management/managing-crown-land/camping-on-licensed-crown-water-frontages/Cottontree-Creek-Tallangatta-Camping-Area-1</value>
          </Data>
          <Data name="Location">
            <value>33 km north-east of Tallangatta</value>
          </Data>
          <Data name="Latitude">
            <value>-36.085455</value>
          </Data>
          <Data name="Longitude">
            <value>147.318716</value>
          </Data>
          <Data name="Co-ordinates">
            <value><![CDATA[-36.085455' 147.318716]]></value>
          </Data>
        </ExtendedData>
        <Point>
          <coordinates>
            147.318716,-36.085455,0
          </coordinates>
        </Point>
      </Placemark>
      <Placemark>
        <name>Crawford River - Lyons camping area 1</name>
        <description><![CDATA[URL: https://www.forestsandreserves.vic.gov.au/land-management/managing-crown-land/camping-on-licensed-crown-water-frontages/crawford-river-lyons-camping-area-1<br>Location: 9 km south of Hotspur<br>Latitude: -37.978556<br>Longitude: 141.473222<br>Co-ordinates: -37.978556' 141.473222]]></description>
        <styleUrl>#icon-1899-0288D1</styleUrl>
        <ExtendedData>
          <Data name="URL">
            <value>https://www.forestsandreserves.vic.gov.au/land-management/managing-crown-land/camping-on-licensed-crown-water-frontages/crawford-river-lyons-camping-area-1</value>
          </Data>
          <Data name="Location">
            <value>9 km south of Hotspur</value>
          </Data>
          <Data name="Latitude">
            <value>-37.978556</value>
          </Data>
          <Data name="Longitude">
            <value>141.473222</value>
          </Data>
          <Data name="Co-ordinates">
            <value><![CDATA[-37.978556' 141.473222]]></value>
          </Data>
        </ExtendedData>
        <Point>
          <coordinates>
            141.473222,-37.978556,0
          </coordinates>
        </Point>
      </Placemark>
      <Placemark>
        <name>Creightons Creek - Molka camping area 1</name>
        <description><![CDATA[URL: https://www.forestsandreserves.vic.gov.au/land-management/managing-crown-land/camping-on-licensed-crown-water-frontages/Creightons-Creek-Molka-Camping-Area-1<br>Location: 12 km south-west of Molka<br>Latitude: -36.713572<br>Longitude: 145.345466<br>Co-ordinates: -36.713572' 145.345466]]></description>
        <styleUrl>#icon-1899-0288D1</styleUrl>
        <ExtendedData>
          <Data name="URL">
            <value>https://www.forestsandreserves.vic.gov.au/land-management/managing-crown-land/camping-on-licensed-crown-water-frontages/Creightons-Creek-Molka-Camping-Area-1</value>
          </Data>
          <Data name="Location">
            <value>12 km south-west of Molka</value>
          </Data>
          <Data name="Latitude">
            <value>-36.713572</value>
          </Data>
          <Data name="Longitude">
            <value>145.345466</value>
          </Data>
          <Data name="Co-ordinates">
            <value><![CDATA[-36.713572' 145.345466]]></value>
          </Data>
        </ExtendedData>
        <Point>
          <coordinates>
            145.345466,-36.713572,0
          </coordinates>
        </Point>
      </Placemark>
      <Placemark>
        <name><![CDATA[Crooked River - Howittville camping area 1, 2, 3 &4]]></name>
        <description><![CDATA[URL: https://www.forestsandreserves.vic.gov.au/land-management/managing-crown-land/camping-on-licensed-crown-water-frontages/Crooked-River-Howittville-1,-2,-3-and-4<br>Location: 44 km north-west of Dargp<br>Latitude: -37.336609<br>Longitude: 147.064<br>Co-ordinates: -37.336609' 147.064]]></description>
        <styleUrl>#icon-1899-0288D1</styleUrl>
        <ExtendedData>
          <Data name="URL">
            <value>https://www.forestsandreserves.vic.gov.au/land-management/managing-crown-land/camping-on-licensed-crown-water-frontages/Crooked-River-Howittville-1,-2,-3-and-4</value>
          </Data>
          <Data name="Location">
            <value>44 km north-west of Dargp</value>
          </Data>
          <Data name="Latitude">
            <value>-37.336609</value>
          </Data>
          <Data name="Longitude">
            <value>147.064</value>
          </Data>
          <Data name="Co-ordinates">
            <value><![CDATA[-37.336609' 147.064]]></value>
          </Data>
        </ExtendedData>
        <Point>
          <coordinates>
            147.064,-37.336609,0
          </coordinates>
        </Point>
      </Placemark>
      <Placemark>
        <name>Cudgewa Creek - Beetoomba camping area 1</name>
        <description><![CDATA[URL: https://www.forestsandreserves.vic.gov.au/land-management/managing-crown-land/camping-on-licensed-crown-water-frontages/Cudgewa-Creek-Beetoomba-Camping-Area-1<br>Location: 4 km north of Lucyvale<br>Latitude: -36.247214<br>Longitude: 147.645736<br>Co-ordinates: -36.247214' 147.645736]]></description>
        <styleUrl>#icon-1899-0288D1</styleUrl>
        <ExtendedData>
          <Data name="URL">
            <value>https://www.forestsandreserves.vic.gov.au/land-management/managing-crown-land/camping-on-licensed-crown-water-frontages/Cudgewa-Creek-Beetoomba-Camping-Area-1</value>
          </Data>
          <Data name="Location">
            <value>4 km north of Lucyvale</value>
          </Data>
          <Data name="Latitude">
            <value>-36.247214</value>
          </Data>
          <Data name="Longitude">
            <value>147.645736</value>
          </Data>
          <Data name="Co-ordinates">
            <value><![CDATA[-36.247214' 147.645736]]></value>
          </Data>
        </ExtendedData>
        <Point>
          <coordinates>
            147.645736,-36.247214,0
          </coordinates>
        </Point>
      </Placemark>
      <Placemark>
        <name>Daisy Hill Creek - Amherst camping area 1</name>
        <description><![CDATA[URL: https://www.forestsandreserves.vic.gov.au/land-management/managing-crown-land/camping-on-licensed-crown-water-frontages/Daisy-Hill-Creek-Amherst-Camping-Area-1<br>Location: 500 m south of Amherst<br>Latitude: -36.247214<br>Longitude: 147.645736<br>Co-ordinates: -36.247214' 147.645736]]></description>
        <styleUrl>#icon-1899-0288D1</styleUrl>
        <ExtendedData>
          <Data name="URL">
            <value>https://www.forestsandreserves.vic.gov.au/land-management/managing-crown-land/camping-on-licensed-crown-water-frontages/Daisy-Hill-Creek-Amherst-Camping-Area-1</value>
          </Data>
          <Data name="Location">
            <value>500 m south of Amherst</value>
          </Data>
          <Data name="Latitude">
            <value>-36.247214</value>
          </Data>
          <Data name="Longitude">
            <value>147.645736</value>
          </Data>
          <Data name="Co-ordinates">
            <value><![CDATA[-36.247214' 147.645736]]></value>
          </Data>
        </ExtendedData>
        <Point>
          <coordinates>
            147.645736,-36.247214,0
          </coordinates>
        </Point>
      </Placemark>
      <Placemark>
        <name>Dandongadale River - Dandongadale camping area 1</name>
        <description><![CDATA[URL: https://www.forestsandreserves.vic.gov.au/land-management/managing-crown-land/camping-on-licensed-crown-water-frontages/Dandongadale-River-Dandongadale-Camping-Area-1<br>Location: 13 km north west of Dandongadale<br>Latitude: -36.805399<br>Longitude: 146.630533<br>Co-ordinates: -36.805399' 146.630533]]></description>
        <styleUrl>#icon-1899-0288D1</styleUrl>
        <ExtendedData>
          <Data name="URL">
            <value>https://www.forestsandreserves.vic.gov.au/land-management/managing-crown-land/camping-on-licensed-crown-water-frontages/Dandongadale-River-Dandongadale-Camping-Area-1</value>
          </Data>
          <Data name="Location">
            <value>13 km north west of Dandongadale</value>
          </Data>
          <Data name="Latitude">
            <value>-36.805399</value>
          </Data>
          <Data name="Longitude">
            <value>146.630533</value>
          </Data>
          <Data name="Co-ordinates">
            <value><![CDATA[-36.805399' 146.630533]]></value>
          </Data>
        </ExtendedData>
        <Point>
          <coordinates>
            146.630533,-36.805399,0
          </coordinates>
        </Point>
      </Placemark>
      <Placemark>
        <name>Dargo River - Dargo camping area 1 and 2</name>
        <description><![CDATA[URL: https://www.forestsandreserves.vic.gov.au/land-management/managing-crown-land/camping-on-licensed-crown-water-frontages/dargo-river-dargo-camping-area-1-and-2<br>Location: 8 km south of Dargo<br>Latitude: -37.500917<br>Longitude: 147.276028<br>Co-ordinates: -37.500917' 147.276028]]></description>
        <styleUrl>#icon-1899-0288D1</styleUrl>
        <ExtendedData>
          <Data name="URL">
            <value>https://www.forestsandreserves.vic.gov.au/land-management/managing-crown-land/camping-on-licensed-crown-water-frontages/dargo-river-dargo-camping-area-1-and-2</value>
          </Data>
          <Data name="Location">
            <value>8 km south of Dargo</value>
          </Data>
          <Data name="Latitude">
            <value>-37.500917</value>
          </Data>
          <Data name="Longitude">
            <value>147.276028</value>
          </Data>
          <Data name="Co-ordinates">
            <value><![CDATA[-37.500917' 147.276028]]></value>
          </Data>
        </ExtendedData>
        <Point>
          <coordinates>
            147.276028,-37.500917,0
          </coordinates>
        </Point>
      </Placemark>
      <Placemark>
        <name>Dering Channel - Patchwollock camping area 1</name>
        <description><![CDATA[URL: https://www.forestsandreserves.vic.gov.au/land-management/managing-crown-land/camping-on-licensed-crown-water-frontages/dering-channel-camping-area-1<br>Location: 3 km west of Speed<br>Latitude: -35.400801<br>Longitude: 142.400528<br>Co-ordinates: -35.400801' 142.400528]]></description>
        <styleUrl>#icon-1899-0288D1</styleUrl>
        <ExtendedData>
          <Data name="URL">
            <value>https://www.forestsandreserves.vic.gov.au/land-management/managing-crown-land/camping-on-licensed-crown-water-frontages/dering-channel-camping-area-1</value>
          </Data>
          <Data name="Location">
            <value>3 km west of Speed</value>
          </Data>
          <Data name="Latitude">
            <value>-35.400801</value>
          </Data>
          <Data name="Longitude">
            <value>142.400528</value>
          </Data>
          <Data name="Co-ordinates">
            <value><![CDATA[-35.400801' 142.400528]]></value>
          </Data>
        </ExtendedData>
        <Point>
          <coordinates>
            142.400528,-35.400801,0
          </coordinates>
        </Point>
      </Placemark>
      <Placemark>
        <name>Dunkmunkle Creek - Dunkmunkle East camping area 1</name>
        <description><![CDATA[URL: https://www.forestsandreserves.vic.gov.au/land-management/managing-crown-land/camping-on-licensed-crown-water-frontages/Dunmunkle-Creek-Dunmunkle-East-Camping-Area-1<br>Location: 12 km east of Minyip<br>Latitude: -36.467428<br>Longitude: 142.719275<br>Co-ordinates: -36.467428' 142.719275]]></description>
        <styleUrl>#icon-1899-0288D1</styleUrl>
        <ExtendedData>
          <Data name="URL">
            <value>https://www.forestsandreserves.vic.gov.au/land-management/managing-crown-land/camping-on-licensed-crown-water-frontages/Dunmunkle-Creek-Dunmunkle-East-Camping-Area-1</value>
          </Data>
          <Data name="Location">
            <value>12 km east of Minyip</value>
          </Data>
          <Data name="Latitude">
            <value>-36.467428</value>
          </Data>
          <Data name="Longitude">
            <value>142.719275</value>
          </Data>
          <Data name="Co-ordinates">
            <value><![CDATA[-36.467428' 142.719275]]></value>
          </Data>
        </ExtendedData>
        <Point>
          <coordinates>
            142.719275,-36.467428,0
          </coordinates>
        </Point>
      </Placemark>
      <Placemark>
        <name>Elysian Flat Creek  and Neilborough Creek - Raywood camping areas 1</name>
        <description><![CDATA[URL: https://www.forestsandreserves.vic.gov.au/land-management/managing-crown-land/camping-on-licensed-crown-water-frontages/Elysian-Flat-Creekand-Neilborough-Creek-Raywood-camping-areas-1<br>Location: 3 km south-east of Raywood<br>Latitude: -36.544527<br>Longitude: 144.230405<br>Co-ordinates: -36.544527' 144.230405]]></description>
        <styleUrl>#icon-1899-0288D1</styleUrl>
        <ExtendedData>
          <Data name="URL">
            <value>https://www.forestsandreserves.vic.gov.au/land-management/managing-crown-land/camping-on-licensed-crown-water-frontages/Elysian-Flat-Creekand-Neilborough-Creek-Raywood-camping-areas-1</value>
          </Data>
          <Data name="Location">
            <value>3 km south-east of Raywood</value>
          </Data>
          <Data name="Latitude">
            <value>-36.544527</value>
          </Data>
          <Data name="Longitude">
            <value>144.230405</value>
          </Data>
          <Data name="Co-ordinates">
            <value><![CDATA[-36.544527' 144.230405]]></value>
          </Data>
        </ExtendedData>
        <Point>
          <coordinates>
            144.230405,-36.544527,0
          </coordinates>
        </Point>
      </Placemark>
      <Placemark>
        <name>Forest Creek - Axedale camping area 1</name>
        <description><![CDATA[URL: https://www.forestsandreserves.vic.gov.au/land-management/managing-crown-land/camping-on-licensed-crown-water-frontages/Forest-Creek-Axedale-Camping-Area-1<br>Location: 8 km north east of Axedale<br>Latitude: -36.763609<br>Longitude: 144.577788<br>Co-ordinates: -36.763609' 144.577788]]></description>
        <styleUrl>#icon-1899-0288D1</styleUrl>
        <ExtendedData>
          <Data name="URL">
            <value>https://www.forestsandreserves.vic.gov.au/land-management/managing-crown-land/camping-on-licensed-crown-water-frontages/Forest-Creek-Axedale-Camping-Area-1</value>
          </Data>
          <Data name="Location">
            <value>8 km north east of Axedale</value>
          </Data>
          <Data name="Latitude">
            <value>-36.763609</value>
          </Data>
          <Data name="Longitude">
            <value>144.577788</value>
          </Data>
          <Data name="Co-ordinates">
            <value><![CDATA[-36.763609' 144.577788]]></value>
          </Data>
        </ExtendedData>
        <Point>
          <coordinates>
            144.577788,-36.763609,0
          </coordinates>
        </Point>
      </Placemark>
      <Placemark>
        <name>Glenelg River - Balmoral camping area 1</name>
        <description><![CDATA[URL: https://www.forestsandreserves.vic.gov.au/land-management/managing-crown-land/camping-on-licensed-crown-water-frontages/Glenelg-River-Balmoral-Camping-Area-1<br>Location: 600 m south of Balmoral<br>Latitude: -37.251726<br>Longitude: 141.840915<br>Co-ordinates: -37.251726' 141.840915]]></description>
        <styleUrl>#icon-1899-0288D1</styleUrl>
        <ExtendedData>
          <Data name="URL">
            <value>https://www.forestsandreserves.vic.gov.au/land-management/managing-crown-land/camping-on-licensed-crown-water-frontages/Glenelg-River-Balmoral-Camping-Area-1</value>
          </Data>
          <Data name="Location">
            <value>600 m south of Balmoral</value>
          </Data>
          <Data name="Latitude">
            <value>-37.251726</value>
          </Data>
          <Data name="Longitude">
            <value>141.840915</value>
          </Data>
          <Data name="Co-ordinates">
            <value><![CDATA[-37.251726' 141.840915]]></value>
          </Data>
        </ExtendedData>
        <Point>
          <coordinates>
            141.840915,-37.251726,0
          </coordinates>
        </Point>
      </Placemark>
      <Placemark>
        <name>Goulburn River - Alexandra camping area 1</name>
        <description><![CDATA[URL: https://www.forestsandreserves.vic.gov.au/land-management/managing-crown-land/camping-on-licensed-crown-water-frontages/goulburn-river-alexandra-camping-area-1<br>Location: 5 km west from township of Alexandra<br>Latitude: -37.190528<br>Longitude: 145.671222<br>Co-ordinates: -37.190528' 145.671222]]></description>
        <styleUrl>#icon-1899-0288D1</styleUrl>
        <ExtendedData>
          <Data name="URL">
            <value>https://www.forestsandreserves.vic.gov.au/land-management/managing-crown-land/camping-on-licensed-crown-water-frontages/goulburn-river-alexandra-camping-area-1</value>
          </Data>
          <Data name="Location">
            <value>5 km west from township of Alexandra</value>
          </Data>
          <Data name="Latitude">
            <value>-37.190528</value>
          </Data>
          <Data name="Longitude">
            <value>145.671222</value>
          </Data>
          <Data name="Co-ordinates">
            <value><![CDATA[-37.190528' 145.671222]]></value>
          </Data>
        </ExtendedData>
        <Point>
          <coordinates>
            145.671222,-37.190528,0
          </coordinates>
        </Point>
      </Placemark>
      <Placemark>
        <name>Grange Burn - Wannon camping area 1</name>
        <description><![CDATA[URL: https://www.forestsandreserves.vic.gov.au/land-management/managing-crown-land/camping-on-licensed-crown-water-frontages/grange-burn-wannon-camping-area-1<br>Location: 4.5 km south of Wannon<br>Latitude: -37.708889<br>Longitude: 141.83275<br>Co-ordinates: -37.708889' 141.83275]]></description>
        <styleUrl>#icon-1899-0288D1</styleUrl>
        <ExtendedData>
          <Data name="URL">
            <value>https://www.forestsandreserves.vic.gov.au/land-management/managing-crown-land/camping-on-licensed-crown-water-frontages/grange-burn-wannon-camping-area-1</value>
          </Data>
          <Data name="Location">
            <value>4.5 km south of Wannon</value>
          </Data>
          <Data name="Latitude">
            <value>-37.708889</value>
          </Data>
          <Data name="Longitude">
            <value>141.83275</value>
          </Data>
          <Data name="Co-ordinates">
            <value><![CDATA[-37.708889' 141.83275]]></value>
          </Data>
        </ExtendedData>
        <Point>
          <coordinates>
            141.83275,-37.708889,0
          </coordinates>
        </Point>
      </Placemark>
      <Placemark>
        <name>Greenhill Creek - Lexton camping area 1</name>
        <description><![CDATA[URL: https://www.forestsandreserves.vic.gov.au/land-management/managing-crown-land/camping-on-licensed-crown-water-frontages/Greenhill-Creek-Lexton-Camping-Area-1<br>Location: 13 km north of Lexton<br>Latitude: -37.192474<br>Longitude: 143.466223<br>Co-ordinates: -37.192474' 143.466223]]></description>
        <styleUrl>#icon-1899-0288D1</styleUrl>
        <ExtendedData>
          <Data name="URL">
            <value>https://www.forestsandreserves.vic.gov.au/land-management/managing-crown-land/camping-on-licensed-crown-water-frontages/Greenhill-Creek-Lexton-Camping-Area-1</value>
          </Data>
          <Data name="Location">
            <value>13 km north of Lexton</value>
          </Data>
          <Data name="Latitude">
            <value>-37.192474</value>
          </Data>
          <Data name="Longitude">
            <value>143.466223</value>
          </Data>
          <Data name="Co-ordinates">
            <value><![CDATA[-37.192474' 143.466223]]></value>
          </Data>
        </ExtendedData>
        <Point>
          <coordinates>
            143.466223,-37.192474,0
          </coordinates>
        </Point>
      </Placemark>
      <Placemark>
        <name>Greig Creek Streamside Reserve camping area</name>
        <description><![CDATA[URL: https://www.forestsandreserves.vic.gov.au/land-management/managing-crown-land/camping-on-licensed-crown-water-frontages/Greig-Creek-Streamside-Reserve-Camping-Area<br>Location: 3 km north west of Won Wron<br>Latitude: -38.455922<br>Longitude: 146.693666<br>Co-ordinates: -38.455922' 146.693666]]></description>
        <styleUrl>#icon-1899-0288D1</styleUrl>
        <ExtendedData>
          <Data name="URL">
            <value>https://www.forestsandreserves.vic.gov.au/land-management/managing-crown-land/camping-on-licensed-crown-water-frontages/Greig-Creek-Streamside-Reserve-Camping-Area</value>
          </Data>
          <Data name="Location">
            <value>3 km north west of Won Wron</value>
          </Data>
          <Data name="Latitude">
            <value>-38.455922</value>
          </Data>
          <Data name="Longitude">
            <value>146.693666</value>
          </Data>
          <Data name="Co-ordinates">
            <value><![CDATA[-38.455922' 146.693666]]></value>
          </Data>
        </ExtendedData>
        <Point>
          <coordinates>
            146.693666,-38.455922,0
          </coordinates>
        </Point>
      </Placemark>
      <Placemark>
        <name>Gunbower Creek - Cohuna camping area 1</name>
        <description><![CDATA[URL: https://www.forestsandreserves.vic.gov.au/land-management/managing-crown-land/camping-on-licensed-crown-water-frontages/Gunbower-Creek-Cohuna-Camping-Area-1<br>Location: 15 km north of Gunbower<br>Latitude: -35.863746<br>Longitude: 144.313862<br>Co-ordinates: -35.863746' 144.313862]]></description>
        <styleUrl>#icon-1899-0288D1</styleUrl>
        <ExtendedData>
          <Data name="URL">
            <value>https://www.forestsandreserves.vic.gov.au/land-management/managing-crown-land/camping-on-licensed-crown-water-frontages/Gunbower-Creek-Cohuna-Camping-Area-1</value>
          </Data>
          <Data name="Location">
            <value>15 km north of Gunbower</value>
          </Data>
          <Data name="Latitude">
            <value>-35.863746</value>
          </Data>
          <Data name="Longitude">
            <value>144.313862</value>
          </Data>
          <Data name="Co-ordinates">
            <value><![CDATA[-35.863746' 144.313862]]></value>
          </Data>
        </ExtendedData>
        <Point>
          <coordinates>
            144.313862,-35.863746,0
          </coordinates>
        </Point>
      </Placemark>
      <Placemark>
        <name>Happy Valley Creek - Ovens camping area 3</name>
        <description><![CDATA[URL: https://www.forestsandreserves.vic.gov.au/land-management/managing-crown-land/camping-on-licensed-crown-water-frontages/Happy-Valley-Creek-Ovens-Camping-Area-3<br>Location: 16 km north east of Ovens<br>Latitude: -36.583263<br>Longitude: 146.888354<br>Co-ordinates: -36.583263' 146.888354]]></description>
        <styleUrl>#icon-1899-0288D1</styleUrl>
        <ExtendedData>
          <Data name="URL">
            <value>https://www.forestsandreserves.vic.gov.au/land-management/managing-crown-land/camping-on-licensed-crown-water-frontages/Happy-Valley-Creek-Ovens-Camping-Area-3</value>
          </Data>
          <Data name="Location">
            <value>16 km north east of Ovens</value>
          </Data>
          <Data name="Latitude">
            <value>-36.583263</value>
          </Data>
          <Data name="Longitude">
            <value>146.888354</value>
          </Data>
          <Data name="Co-ordinates">
            <value><![CDATA[-36.583263' 146.888354]]></value>
          </Data>
        </ExtendedData>
        <Point>
          <coordinates>
            146.888354,-36.583263,0
          </coordinates>
        </Point>
      </Placemark>
      <Placemark>
        <name>Kiewa River - Boyds Bridge camping area 1</name>
        <description><![CDATA[URL: https://www.forestsandreserves.vic.gov.au/land-management/managing-crown-land/camping-on-licensed-crown-water-frontages/kiewa-river-boyds-bridge-camping-area-1<br>Location: 2 km west of Gundowring<br>Latitude: -36.426573<br>Longitude: 147.046572<br>Co-ordinates: -36.426573' 147.046572]]></description>
        <styleUrl>#icon-1899-0288D1</styleUrl>
        <ExtendedData>
          <Data name="URL">
            <value>https://www.forestsandreserves.vic.gov.au/land-management/managing-crown-land/camping-on-licensed-crown-water-frontages/kiewa-river-boyds-bridge-camping-area-1</value>
          </Data>
          <Data name="Location">
            <value>2 km west of Gundowring</value>
          </Data>
          <Data name="Latitude">
            <value>-36.426573</value>
          </Data>
          <Data name="Longitude">
            <value>147.046572</value>
          </Data>
          <Data name="Co-ordinates">
            <value><![CDATA[-36.426573' 147.046572]]></value>
          </Data>
        </ExtendedData>
        <Point>
          <coordinates>
            147.046572,-36.426573,0
          </coordinates>
        </Point>
      </Placemark>
      <Placemark>
        <name>King River - Cheshunt camping area 1</name>
        <description><![CDATA[URL: https://www.forestsandreserves.vic.gov.au/land-management/managing-crown-land/camping-on-licensed-crown-water-frontages/king-river-cheshunt-camping-area-1<br>Location: 6 km north of Cheshunt South<br>Latitude: -36.859139<br>Longitude: 146.382333<br>Co-ordinates: -36.859139' 146.382333]]></description>
        <styleUrl>#icon-1899-0288D1</styleUrl>
        <ExtendedData>
          <Data name="URL">
            <value>https://www.forestsandreserves.vic.gov.au/land-management/managing-crown-land/camping-on-licensed-crown-water-frontages/king-river-cheshunt-camping-area-1</value>
          </Data>
          <Data name="Location">
            <value>6 km north of Cheshunt South</value>
          </Data>
          <Data name="Latitude">
            <value>-36.859139</value>
          </Data>
          <Data name="Longitude">
            <value>146.382333</value>
          </Data>
          <Data name="Co-ordinates">
            <value><![CDATA[-36.859139' 146.382333]]></value>
          </Data>
        </ExtendedData>
        <Point>
          <coordinates>
            146.382333,-36.859139,0
          </coordinates>
        </Point>
      </Placemark>
      <Placemark>
        <name>Kinypanial Creek - Boort camping area 1</name>
        <description><![CDATA[URL: https://www.forestsandreserves.vic.gov.au/land-management/managing-crown-land/camping-on-licensed-crown-water-frontages/Kinypanial-Creek-Boort-Camping-Area-1<br>Location: 23 km south-east of Boort<br>Latitude: -36.243626<br>Longitude: 143.865556<br>Co-ordinates: -36.243626' 143.865556]]></description>
        <styleUrl>#icon-1899-0288D1</styleUrl>
        <ExtendedData>
          <Data name="URL">
            <value>https://www.forestsandreserves.vic.gov.au/land-management/managing-crown-land/camping-on-licensed-crown-water-frontages/Kinypanial-Creek-Boort-Camping-Area-1</value>
          </Data>
          <Data name="Location">
            <value>23 km south-east of Boort</value>
          </Data>
          <Data name="Latitude">
            <value>-36.243626</value>
          </Data>
          <Data name="Longitude">
            <value>143.865556</value>
          </Data>
          <Data name="Co-ordinates">
            <value><![CDATA[-36.243626' 143.865556]]></value>
          </Data>
        </ExtendedData>
        <Point>
          <coordinates>
            143.865556,-36.243626,0
          </coordinates>
        </Point>
      </Placemark>
      <Placemark>
        <name>La Trobe River - Rosedale camping area 1, 2, 3 and 4</name>
        <description><![CDATA[URL: https://www.forestsandreserves.vic.gov.au/land-management/managing-crown-land/camping-on-licensed-crown-water-frontages/La-Trobe-River-Rosedale-Camping-Area-1,-2,-3-and-4<br>Location: 1.2 km north of Rosedale<br>Latitude: -38.141269<br>Longitude: 146.791748<br>Co-ordinates: -38.141269' 146.791748]]></description>
        <styleUrl>#icon-1899-0288D1</styleUrl>
        <ExtendedData>
          <Data name="URL">
            <value>https://www.forestsandreserves.vic.gov.au/land-management/managing-crown-land/camping-on-licensed-crown-water-frontages/La-Trobe-River-Rosedale-Camping-Area-1,-2,-3-and-4</value>
          </Data>
          <Data name="Location">
            <value>1.2 km north of Rosedale</value>
          </Data>
          <Data name="Latitude">
            <value>-38.141269</value>
          </Data>
          <Data name="Longitude">
            <value>146.791748</value>
          </Data>
          <Data name="Co-ordinates">
            <value><![CDATA[-38.141269' 146.791748]]></value>
          </Data>
        </ExtendedData>
        <Point>
          <coordinates>
            146.791748,-38.141269,0
          </coordinates>
        </Point>
      </Placemark>
      <Placemark>
        <name>Little Murray River - Pental Island camping area 1 and 2</name>
        <description><![CDATA[URL: https://www.forestsandreserves.vic.gov.au/land-management/managing-crown-land/camping-on-licensed-crown-water-frontages/Little-Murray-River-Pental-Island-Camping-Area-1-and-2<br>Location: 21 km south east of Swan Hill<br>Latitude: -35.395804<br>Longitude: 143.716048<br>Co-ordinates: -35.395804' 143.716048]]></description>
        <styleUrl>#icon-1899-0288D1</styleUrl>
        <ExtendedData>
          <Data name="URL">
            <value>https://www.forestsandreserves.vic.gov.au/land-management/managing-crown-land/camping-on-licensed-crown-water-frontages/Little-Murray-River-Pental-Island-Camping-Area-1-and-2</value>
          </Data>
          <Data name="Location">
            <value>21 km south east of Swan Hill</value>
          </Data>
          <Data name="Latitude">
            <value>-35.395804</value>
          </Data>
          <Data name="Longitude">
            <value>143.716048</value>
          </Data>
          <Data name="Co-ordinates">
            <value><![CDATA[-35.395804' 143.716048]]></value>
          </Data>
        </ExtendedData>
        <Point>
          <coordinates>
            143.716048,-35.395804,0
          </coordinates>
        </Point>
      </Placemark>
      <Placemark>
        <name>Little River East Branch - Ensay camping area 1</name>
        <description><![CDATA[URL: https://www.forestsandreserves.vic.gov.au/land-management/managing-crown-land/camping-on-licensed-crown-water-frontages/Little-River-East-Branch-Ensay-Camping-Area-1<br>Location: 14 km north of Ensay<br>Latitude: -37.275694<br>Longitude: 147.855244<br>Co-ordinates: -37.275694' 147.855244]]></description>
        <styleUrl>#icon-1899-0288D1</styleUrl>
        <ExtendedData>
          <Data name="URL">
            <value>https://www.forestsandreserves.vic.gov.au/land-management/managing-crown-land/camping-on-licensed-crown-water-frontages/Little-River-East-Branch-Ensay-Camping-Area-1</value>
          </Data>
          <Data name="Location">
            <value>14 km north of Ensay</value>
          </Data>
          <Data name="Latitude">
            <value>-37.275694</value>
          </Data>
          <Data name="Longitude">
            <value>147.855244</value>
          </Data>
          <Data name="Co-ordinates">
            <value><![CDATA[-37.275694' 147.855244]]></value>
          </Data>
        </ExtendedData>
        <Point>
          <coordinates>
            147.855244,-37.275694,0
          </coordinates>
        </Point>
      </Placemark>
      <Placemark>
        <name>Little Yarriambiack Creek - Rosebery camping area 1</name>
        <description><![CDATA[URL: https://www.forestsandreserves.vic.gov.au/land-management/managing-crown-land/camping-on-licensed-crown-water-frontages/Little-Yarriambiack-Creek-Rosebery-Camping-Area-1<br>Location: 3 km south of Rosebery<br>Latitude: -35.850987<br>Longitude: 142.416785<br>Co-ordinates: -35.850987' 142.416785]]></description>
        <styleUrl>#icon-1899-0288D1</styleUrl>
        <ExtendedData>
          <Data name="URL">
            <value>https://www.forestsandreserves.vic.gov.au/land-management/managing-crown-land/camping-on-licensed-crown-water-frontages/Little-Yarriambiack-Creek-Rosebery-Camping-Area-1</value>
          </Data>
          <Data name="Location">
            <value>3 km south of Rosebery</value>
          </Data>
          <Data name="Latitude">
            <value>-35.850987</value>
          </Data>
          <Data name="Longitude">
            <value>142.416785</value>
          </Data>
          <Data name="Co-ordinates">
            <value><![CDATA[-35.850987' 142.416785]]></value>
          </Data>
        </ExtendedData>
        <Point>
          <coordinates>
            142.416785,-35.850987,0
          </coordinates>
        </Point>
      </Placemark>
      <Placemark>
        <name>Livingstone Creek - Omeo camping area 1</name>
        <description><![CDATA[URL: https://www.forestsandreserves.vic.gov.au/land-management/managing-crown-land/camping-on-licensed-crown-water-frontages/Livingstone-Creek-Omeo-Camping-Area-1<br>Location: 25 km south-west of Omeo<br>Latitude: -37.264246<br>Longitude: 147.475071<br>Co-ordinates: -37.264246' 147.475071]]></description>
        <styleUrl>#icon-1899-0288D1</styleUrl>
        <ExtendedData>
          <Data name="URL">
            <value>https://www.forestsandreserves.vic.gov.au/land-management/managing-crown-land/camping-on-licensed-crown-water-frontages/Livingstone-Creek-Omeo-Camping-Area-1</value>
          </Data>
          <Data name="Location">
            <value>25 km south-west of Omeo</value>
          </Data>
          <Data name="Latitude">
            <value>-37.264246</value>
          </Data>
          <Data name="Longitude">
            <value>147.475071</value>
          </Data>
          <Data name="Co-ordinates">
            <value><![CDATA[-37.264246' 147.475071]]></value>
          </Data>
        </ExtendedData>
        <Point>
          <coordinates>
            147.475071,-37.264246,0
          </coordinates>
        </Point>
      </Placemark>
      <Placemark>
        <name>Loddon River - Baringhup camping area 1</name>
        <description><![CDATA[URL: https://www.forestsandreserves.vic.gov.au/land-management/managing-crown-land/camping-on-licensed-crown-water-frontages/loddon-river-baringhup-camping-area-1<br>Location: 8 km north-west of Baringhup<br>Latitude: -36.939056<br>Longitude: 143.901<br>Co-ordinates: -36.939056' 143.901]]></description>
        <styleUrl>#icon-1899-0288D1</styleUrl>
        <ExtendedData>
          <Data name="URL">
            <value>https://www.forestsandreserves.vic.gov.au/land-management/managing-crown-land/camping-on-licensed-crown-water-frontages/loddon-river-baringhup-camping-area-1</value>
          </Data>
          <Data name="Location">
            <value>8 km north-west of Baringhup</value>
          </Data>
          <Data name="Latitude">
            <value>-36.939056</value>
          </Data>
          <Data name="Longitude">
            <value>143.901</value>
          </Data>
          <Data name="Co-ordinates">
            <value><![CDATA[-36.939056' 143.901]]></value>
          </Data>
        </ExtendedData>
        <Point>
          <coordinates>
            143.901,-36.939056,0
          </coordinates>
        </Point>
      </Placemark>
      <Placemark>
        <name><![CDATA[Macalister River - Heyfield camping area 1, 2 &3]]></name>
        <description><![CDATA[URL: https://www.forestsandreserves.vic.gov.au/land-management/managing-crown-land/camping-on-licensed-crown-water-frontages/Macalister-River-Heyfield-Camping-Area-1,-2-and-3<br>Location: 28 km north of Heyfield<br>Latitude: -37.789973<br>Longitude: 146.683057<br>Co-ordinates: -37.789973' 146.683057]]></description>
        <styleUrl>#icon-1899-0288D1</styleUrl>
        <ExtendedData>
          <Data name="URL">
            <value>https://www.forestsandreserves.vic.gov.au/land-management/managing-crown-land/camping-on-licensed-crown-water-frontages/Macalister-River-Heyfield-Camping-Area-1,-2-and-3</value>
          </Data>
          <Data name="Location">
            <value>28 km north of Heyfield</value>
          </Data>
          <Data name="Latitude">
            <value>-37.789973</value>
          </Data>
          <Data name="Longitude">
            <value>146.683057</value>
          </Data>
          <Data name="Co-ordinates">
            <value><![CDATA[-37.789973' 146.683057]]></value>
          </Data>
        </ExtendedData>
        <Point>
          <coordinates>
            146.683057,-37.789973,0
          </coordinates>
        </Point>
      </Placemark>
      <Placemark>
        <name>Mackenzie River - Horsham camping area 1</name>
        <description><![CDATA[URL: https://www.forestsandreserves.vic.gov.au/land-management/managing-crown-land/camping-on-licensed-crown-water-frontages/Mackenzie-River-Horsham-Camping-Area-1<br>Location: 40 km south of Horsham<br>Latitude: -37.036898<br>Longitude: 142.329841<br>Co-ordinates: -37.036898' 142.329841]]></description>
        <styleUrl>#icon-1899-0288D1</styleUrl>
        <ExtendedData>
          <Data name="URL">
            <value>https://www.forestsandreserves.vic.gov.au/land-management/managing-crown-land/camping-on-licensed-crown-water-frontages/Mackenzie-River-Horsham-Camping-Area-1</value>
          </Data>
          <Data name="Location">
            <value>40 km south of Horsham</value>
          </Data>
          <Data name="Latitude">
            <value>-37.036898</value>
          </Data>
          <Data name="Longitude">
            <value>142.329841</value>
          </Data>
          <Data name="Co-ordinates">
            <value><![CDATA[-37.036898' 142.329841]]></value>
          </Data>
        </ExtendedData>
        <Point>
          <coordinates>
            142.329841,-37.036898,0
          </coordinates>
        </Point>
      </Placemark>
      <Placemark>
        <name>Mackenzie River - Wartook camping area 1, 2, 3 and 4</name>
        <description><![CDATA[URL: https://www.forestsandreserves.vic.gov.au/land-management/managing-crown-land/camping-on-licensed-crown-water-frontages/mackenzie-river-wartook-camping-area-1-2-3-and-4<br>Location: 40 km south of Horsham<br>Latitude: -37.033249<br>Longitude: 142.339143<br>Co-ordinates: -37.033249' 142.339143]]></description>
        <styleUrl>#icon-1899-0288D1</styleUrl>
        <ExtendedData>
          <Data name="URL">
            <value>https://www.forestsandreserves.vic.gov.au/land-management/managing-crown-land/camping-on-licensed-crown-water-frontages/mackenzie-river-wartook-camping-area-1-2-3-and-4</value>
          </Data>
          <Data name="Location">
            <value>40 km south of Horsham</value>
          </Data>
          <Data name="Latitude">
            <value>-37.033249</value>
          </Data>
          <Data name="Longitude">
            <value>142.339143</value>
          </Data>
          <Data name="Co-ordinates">
            <value><![CDATA[-37.033249' 142.339143]]></value>
          </Data>
        </ExtendedData>
        <Point>
          <coordinates>
            142.339143,-37.033249,0
          </coordinates>
        </Point>
      </Placemark>
      <Placemark>
        <name>Main Northern Channel - Maffra camping area 1</name>
        <description><![CDATA[URL: https://www.forestsandreserves.vic.gov.au/land-management/managing-crown-land/camping-on-licensed-crown-water-frontages/Main-Northern-Channel-Maffra-Camping-Area-1<br>Location: 12 km north of Maffra<br>Latitude: -37.880993<br>Longitude: 146.963615<br>Co-ordinates: -37.880993' 146.963615]]></description>
        <styleUrl>#icon-1899-0288D1</styleUrl>
        <ExtendedData>
          <Data name="URL">
            <value>https://www.forestsandreserves.vic.gov.au/land-management/managing-crown-land/camping-on-licensed-crown-water-frontages/Main-Northern-Channel-Maffra-Camping-Area-1</value>
          </Data>
          <Data name="Location">
            <value>12 km north of Maffra</value>
          </Data>
          <Data name="Latitude">
            <value>-37.880993</value>
          </Data>
          <Data name="Longitude">
            <value>146.963615</value>
          </Data>
          <Data name="Co-ordinates">
            <value><![CDATA[-37.880993' 146.963615]]></value>
          </Data>
        </ExtendedData>
        <Point>
          <coordinates>
            146.963615,-37.880993,0
          </coordinates>
        </Point>
      </Placemark>
      <Placemark>
        <name>Marma Lake Channel - Murtoa camping area 1</name>
        <description><![CDATA[URL: https://www.forestsandreserves.vic.gov.au/land-management/managing-crown-land/camping-on-licensed-crown-water-frontages/Marma-Lake-Channel-Murtoa-Camping-Area-1<br>Location: 2 km south of Murtoa<br>Latitude: -36.628125<br>Longitude: 142.464224<br>Co-ordinates: -36.628125' 142.464224]]></description>
        <styleUrl>#icon-1899-0288D1</styleUrl>
        <ExtendedData>
          <Data name="URL">
            <value>https://www.forestsandreserves.vic.gov.au/land-management/managing-crown-land/camping-on-licensed-crown-water-frontages/Marma-Lake-Channel-Murtoa-Camping-Area-1</value>
          </Data>
          <Data name="Location">
            <value>2 km south of Murtoa</value>
          </Data>
          <Data name="Latitude">
            <value>-36.628125</value>
          </Data>
          <Data name="Longitude">
            <value>142.464224</value>
          </Data>
          <Data name="Co-ordinates">
            <value><![CDATA[-36.628125' 142.464224]]></value>
          </Data>
        </ExtendedData>
        <Point>
          <coordinates>
            142.464224,-36.628125,0
          </coordinates>
        </Point>
      </Placemark>
      <Placemark>
        <name>Meadow Creek - Moyhu camping area 1</name>
        <description><![CDATA[URL: https://www.forestsandreserves.vic.gov.au/land-management/managing-crown-land/camping-on-licensed-crown-water-frontages/Meadow-Creek-Moyhu-Camping-Area-1<br>Location: 15 km south east of Moyhu<br>Latitude: -36.646724<br>Longitude: 146.484603<br>Co-ordinates: -36.646724' 146.484603]]></description>
        <styleUrl>#icon-1899-0288D1</styleUrl>
        <ExtendedData>
          <Data name="URL">
            <value>https://www.forestsandreserves.vic.gov.au/land-management/managing-crown-land/camping-on-licensed-crown-water-frontages/Meadow-Creek-Moyhu-Camping-Area-1</value>
          </Data>
          <Data name="Location">
            <value>15 km south east of Moyhu</value>
          </Data>
          <Data name="Latitude">
            <value>-36.646724</value>
          </Data>
          <Data name="Longitude">
            <value>146.484603</value>
          </Data>
          <Data name="Co-ordinates">
            <value><![CDATA[-36.646724' 146.484603]]></value>
          </Data>
        </ExtendedData>
        <Point>
          <coordinates>
            146.484603,-36.646724,0
          </coordinates>
        </Point>
      </Placemark>
      <Placemark>
        <name>Middle Creek - Moonambel camping area 1</name>
        <description><![CDATA[URL: https://www.forestsandreserves.vic.gov.au/land-management/managing-crown-land/camping-on-licensed-crown-water-frontages/Middle-Creek-Moonambel-Camping-Area-1<br>Location: 11 km south-east of Moonambel<br>Latitude: -37.024745<br>Longitude: 143.338697<br>Co-ordinates: -37.024745' 143.338697]]></description>
        <styleUrl>#icon-1899-0288D1</styleUrl>
        <ExtendedData>
          <Data name="URL">
            <value>https://www.forestsandreserves.vic.gov.au/land-management/managing-crown-land/camping-on-licensed-crown-water-frontages/Middle-Creek-Moonambel-Camping-Area-1</value>
          </Data>
          <Data name="Location">
            <value>11 km south-east of Moonambel</value>
          </Data>
          <Data name="Latitude">
            <value>-37.024745</value>
          </Data>
          <Data name="Longitude">
            <value>143.338697</value>
          </Data>
          <Data name="Co-ordinates">
            <value><![CDATA[-37.024745' 143.338697]]></value>
          </Data>
        </ExtendedData>
        <Point>
          <coordinates>
            143.338697,-37.024745,0
          </coordinates>
        </Point>
      </Placemark>
      <Placemark>
        <name>Mitchell River - Lindenow camping area 1</name>
        <description><![CDATA[URL: https://www.forestsandreserves.vic.gov.au/land-management/managing-crown-land/camping-on-licensed-crown-water-frontages/Mitchell-River-Lindenow-Camping-Area-1<br>Location: 5 km east of Lindenow<br>Latitude: -37.803762<br>Longitude: 147.504<br>Co-ordinates: -37.803762' 147.504]]></description>
        <styleUrl>#icon-1899-0288D1</styleUrl>
        <ExtendedData>
          <Data name="URL">
            <value>https://www.forestsandreserves.vic.gov.au/land-management/managing-crown-land/camping-on-licensed-crown-water-frontages/Mitchell-River-Lindenow-Camping-Area-1</value>
          </Data>
          <Data name="Location">
            <value>5 km east of Lindenow</value>
          </Data>
          <Data name="Latitude">
            <value>-37.803762</value>
          </Data>
          <Data name="Longitude">
            <value>147.504</value>
          </Data>
          <Data name="Co-ordinates">
            <value><![CDATA[-37.803762' 147.504]]></value>
          </Data>
        </ExtendedData>
        <Point>
          <coordinates>
            147.504,-37.803762,0
          </coordinates>
        </Point>
      </Placemark>
      <Placemark>
        <name>Mitta Mitta River - Eskdale camping area 2</name>
        <description><![CDATA[URL: https://www.forestsandreserves.vic.gov.au/land-management/managing-crown-land/camping-on-licensed-crown-water-frontages/mitta-mitta-river-eskdale-camping-area-2<br>Location: 1.5 km north of Eskdale<br>Latitude: -36.453667<br>Longitude: 147.266111<br>Co-ordinates: -36.453667' 147.266111]]></description>
        <styleUrl>#icon-1899-0288D1</styleUrl>
        <ExtendedData>
          <Data name="URL">
            <value>https://www.forestsandreserves.vic.gov.au/land-management/managing-crown-land/camping-on-licensed-crown-water-frontages/mitta-mitta-river-eskdale-camping-area-2</value>
          </Data>
          <Data name="Location">
            <value>1.5 km north of Eskdale</value>
          </Data>
          <Data name="Latitude">
            <value>-36.453667</value>
          </Data>
          <Data name="Longitude">
            <value>147.266111</value>
          </Data>
          <Data name="Co-ordinates">
            <value><![CDATA[-36.453667' 147.266111]]></value>
          </Data>
        </ExtendedData>
        <Point>
          <coordinates>
            147.266111,-36.453667,0
          </coordinates>
        </Point>
      </Placemark>
      <Placemark>
        <name>Moonee Creek - Benalla camping area 1</name>
        <description><![CDATA[URL: https://www.forestsandreserves.vic.gov.au/land-management/managing-crown-land/camping-on-licensed-crown-water-frontages/Moonee-Creek-Benalla-Camping-Area-1<br>Location: 22 km south of Benalla<br>Latitude: -36.724373<br>Longitude: 145.994792<br>Co-ordinates: -36.724373' 145.994792]]></description>
        <styleUrl>#icon-1899-0288D1</styleUrl>
        <ExtendedData>
          <Data name="URL">
            <value>https://www.forestsandreserves.vic.gov.au/land-management/managing-crown-land/camping-on-licensed-crown-water-frontages/Moonee-Creek-Benalla-Camping-Area-1</value>
          </Data>
          <Data name="Location">
            <value>22 km south of Benalla</value>
          </Data>
          <Data name="Latitude">
            <value>-36.724373</value>
          </Data>
          <Data name="Longitude">
            <value>145.994792</value>
          </Data>
          <Data name="Co-ordinates">
            <value><![CDATA[-36.724373' 145.994792]]></value>
          </Data>
        </ExtendedData>
        <Point>
          <coordinates>
            145.994792,-36.724373,0
          </coordinates>
        </Point>
      </Placemark>
      <Placemark>
        <name>Morwell River - Yinnar camping area 1 and 2</name>
        <description><![CDATA[URL: https://www.forestsandreserves.vic.gov.au/land-management/managing-crown-land/camping-on-licensed-crown-water-frontages/morwell-river-yinnar-camping-area-1<br>Location: 2.5 km west of Yinnar<br>Latitude: -38.334278<br>Longitude: 146.304861<br>Co-ordinates: -38.334278' 146.304861]]></description>
        <styleUrl>#icon-1899-0288D1</styleUrl>
        <ExtendedData>
          <Data name="URL">
            <value>https://www.forestsandreserves.vic.gov.au/land-management/managing-crown-land/camping-on-licensed-crown-water-frontages/morwell-river-yinnar-camping-area-1</value>
          </Data>
          <Data name="Location">
            <value>2.5 km west of Yinnar</value>
          </Data>
          <Data name="Latitude">
            <value>-38.334278</value>
          </Data>
          <Data name="Longitude">
            <value>146.304861</value>
          </Data>
          <Data name="Co-ordinates">
            <value><![CDATA[-38.334278' 146.304861]]></value>
          </Data>
        </ExtendedData>
        <Point>
          <coordinates>
            146.304861,-38.334278,0
          </coordinates>
        </Point>
      </Placemark>
      <Placemark>
        <name>Mosquito Creek -  Durong camping area 1 </name>
        <description><![CDATA[URL: https://www.forestsandreserves.vic.gov.au/land-management/managing-crown-land/camping-on-licensed-crown-water-frontages/Mosquito-Creek-Durong-Camping-Area-1<br>Location: 17 km south-west of Edenhope<br>Latitude: -37.112822<br>Longitude: 141.208046<br>Co-ordinates: -37.112822' 141.208046]]></description>
        <styleUrl>#icon-1899-0288D1</styleUrl>
        <ExtendedData>
          <Data name="URL">
            <value>https://www.forestsandreserves.vic.gov.au/land-management/managing-crown-land/camping-on-licensed-crown-water-frontages/Mosquito-Creek-Durong-Camping-Area-1</value>
          </Data>
          <Data name="Location">
            <value>17 km south-west of Edenhope</value>
          </Data>
          <Data name="Latitude">
            <value>-37.112822</value>
          </Data>
          <Data name="Longitude">
            <value>141.208046</value>
          </Data>
          <Data name="Co-ordinates">
            <value><![CDATA[-37.112822' 141.208046]]></value>
          </Data>
        </ExtendedData>
        <Point>
          <coordinates>
            141.208046,-37.112822,0
          </coordinates>
        </Point>
      </Placemark>
      <Placemark>
        <name>Mount Hope Creek - Gunbower camping area 1</name>
        <description><![CDATA[URL: https://www.forestsandreserves.vic.gov.au/land-management/managing-crown-land/camping-on-licensed-crown-water-frontages/Mount-Hope-Creek-Gunbower-Camping-Area-1<br>Location: 27 km south-west of Gunbower<br>Latitude: -36.030674<br>Longitude: 144.308093<br>Co-ordinates: -36.030674' 144.308093]]></description>
        <styleUrl>#icon-1899-0288D1</styleUrl>
        <ExtendedData>
          <Data name="URL">
            <value>https://www.forestsandreserves.vic.gov.au/land-management/managing-crown-land/camping-on-licensed-crown-water-frontages/Mount-Hope-Creek-Gunbower-Camping-Area-1</value>
          </Data>
          <Data name="Location">
            <value>27 km south-west of Gunbower</value>
          </Data>
          <Data name="Latitude">
            <value>-36.030674</value>
          </Data>
          <Data name="Longitude">
            <value>144.308093</value>
          </Data>
          <Data name="Co-ordinates">
            <value><![CDATA[-36.030674' 144.308093]]></value>
          </Data>
        </ExtendedData>
        <Point>
          <coordinates>
            144.308093,-36.030674,0
          </coordinates>
        </Point>
      </Placemark>
      <Placemark>
        <name>Mount William Creek - Glenorchy camping area 1 and 2</name>
        <description><![CDATA[URL: https://www.forestsandreserves.vic.gov.au/land-management/managing-crown-land/camping-on-licensed-crown-water-frontages/mount-william-creek-glenorchy-camping-area-1-and-2<br>Location: 22.5 km north west of Glenorchy<br>Latitude: -36.811583<br>Longitude: 142.458583<br>Co-ordinates: -36.811583' 142.458583]]></description>
        <styleUrl>#icon-1899-0288D1</styleUrl>
        <ExtendedData>
          <Data name="URL">
            <value>https://www.forestsandreserves.vic.gov.au/land-management/managing-crown-land/camping-on-licensed-crown-water-frontages/mount-william-creek-glenorchy-camping-area-1-and-2</value>
          </Data>
          <Data name="Location">
            <value>22.5 km north west of Glenorchy</value>
          </Data>
          <Data name="Latitude">
            <value>-36.811583</value>
          </Data>
          <Data name="Longitude">
            <value>142.458583</value>
          </Data>
          <Data name="Co-ordinates">
            <value><![CDATA[-36.811583' 142.458583]]></value>
          </Data>
        </ExtendedData>
        <Point>
          <coordinates>
            142.458583,-36.811583,0
          </coordinates>
        </Point>
      </Placemark>
      <Placemark>
        <name>Murray River Anna Branch - Tyntynder camping area 1</name>
        <description><![CDATA[URL: https://www.forestsandreserves.vic.gov.au/land-management/managing-crown-land/camping-on-licensed-crown-water-frontages/Murray-River-Anna-Branch-Tyntynder-Camping-Area-1<br>Location: 2 km north of Tyntynder<br>Latitude: -35.233657<br>Longitude: 143.532992<br>Co-ordinates: -35.233657' 143.532992]]></description>
        <styleUrl>#icon-1899-0288D1</styleUrl>
        <ExtendedData>
          <Data name="URL">
            <value>https://www.forestsandreserves.vic.gov.au/land-management/managing-crown-land/camping-on-licensed-crown-water-frontages/Murray-River-Anna-Branch-Tyntynder-Camping-Area-1</value>
          </Data>
          <Data name="Location">
            <value>2 km north of Tyntynder</value>
          </Data>
          <Data name="Latitude">
            <value>-35.233657</value>
          </Data>
          <Data name="Longitude">
            <value>143.532992</value>
          </Data>
          <Data name="Co-ordinates">
            <value><![CDATA[-35.233657' 143.532992]]></value>
          </Data>
        </ExtendedData>
        <Point>
          <coordinates>
            143.532992,-35.233657,0
          </coordinates>
        </Point>
      </Placemark>
      <Placemark>
        <name>Nariel Creek - Nariel Creek camping area 1, 2, 3 and 4</name>
        <description><![CDATA[URL: https://www.forestsandreserves.vic.gov.au/land-management/managing-crown-land/camping-on-licensed-crown-water-frontages/Nariel-Creek-Nariel-Creek-Camping-Area-1,-2,-3-and-4<br>Location: 28 km south of Colac Colac<br>Latitude: -36.389828<br>Longitude: 147.8335<br>Co-ordinates: -36.389828' 147.8335]]></description>
        <styleUrl>#icon-1899-0288D1</styleUrl>
        <ExtendedData>
          <Data name="URL">
            <value>https://www.forestsandreserves.vic.gov.au/land-management/managing-crown-land/camping-on-licensed-crown-water-frontages/Nariel-Creek-Nariel-Creek-Camping-Area-1,-2,-3-and-4</value>
          </Data>
          <Data name="Location">
            <value>28 km south of Colac Colac</value>
          </Data>
          <Data name="Latitude">
            <value>-36.389828</value>
          </Data>
          <Data name="Longitude">
            <value>147.8335</value>
          </Data>
          <Data name="Co-ordinates">
            <value><![CDATA[-36.389828' 147.8335]]></value>
          </Data>
        </ExtendedData>
        <Point>
          <coordinates>
            147.8335,-36.389828,0
          </coordinates>
        </Point>
      </Placemark>
      <Placemark>
        <name>Neilborough Creek and Elysian Flat Creek- Raywood camping area 1</name>
        <description><![CDATA[URL: https://www.forestsandreserves.vic.gov.au/land-management/managing-crown-land/camping-on-licensed-crown-water-frontages/Elysian-Flat-Creekand-Neilborough-Creek-Raywood-camping-areas-1<br>Location: 3 km south-east of Raywood<br>Latitude: -36.544527<br>Longitude: 144.230405<br>Co-ordinates: -36.544527' 144.230405]]></description>
        <styleUrl>#icon-1899-0288D1</styleUrl>
        <ExtendedData>
          <Data name="URL">
            <value>https://www.forestsandreserves.vic.gov.au/land-management/managing-crown-land/camping-on-licensed-crown-water-frontages/Elysian-Flat-Creekand-Neilborough-Creek-Raywood-camping-areas-1</value>
          </Data>
          <Data name="Location">
            <value>3 km south-east of Raywood</value>
          </Data>
          <Data name="Latitude">
            <value>-36.544527</value>
          </Data>
          <Data name="Longitude">
            <value>144.230405</value>
          </Data>
          <Data name="Co-ordinates">
            <value><![CDATA[-36.544527' 144.230405]]></value>
          </Data>
        </ExtendedData>
        <Point>
          <coordinates>
            144.230405,-36.544527,0
          </coordinates>
        </Point>
      </Placemark>
      <Placemark>
        <name>Norton Creek - Lower Norton camping area 1</name>
        <description><![CDATA[URL: https://www.forestsandreserves.vic.gov.au/land-management/managing-crown-land/camping-on-licensed-crown-water-frontages/Norton-Creek-Lower-Norton-camping-area-1<br>Location: 12 km south of Horsham<br>Latitude: -36.811468<br>Longitude: 142.132211<br>Co-ordinates: -36.811468' 142.132211]]></description>
        <styleUrl>#icon-1899-0288D1</styleUrl>
        <ExtendedData>
          <Data name="URL">
            <value>https://www.forestsandreserves.vic.gov.au/land-management/managing-crown-land/camping-on-licensed-crown-water-frontages/Norton-Creek-Lower-Norton-camping-area-1</value>
          </Data>
          <Data name="Location">
            <value>12 km south of Horsham</value>
          </Data>
          <Data name="Latitude">
            <value>-36.811468</value>
          </Data>
          <Data name="Longitude">
            <value>142.132211</value>
          </Data>
          <Data name="Co-ordinates">
            <value><![CDATA[-36.811468' 142.132211]]></value>
          </Data>
        </ExtendedData>
        <Point>
          <coordinates>
            142.132211,-36.811468,0
          </coordinates>
        </Point>
      </Placemark>
      <Placemark>
        <name>Ovens River - Everton camping area 1</name>
        <description><![CDATA[URL: https://www.forestsandreserves.vic.gov.au/land-management/managing-crown-land/camping-on-licensed-crown-water-frontages/ovens-river-everton-camping-area-1<br>Location: 2 km south of Everton<br>Latitude: -36.440639<br>Longitude: 146.522278<br>Co-ordinates: -36.440639' 146.522278]]></description>
        <styleUrl>#icon-1899-0288D1</styleUrl>
        <ExtendedData>
          <Data name="URL">
            <value>https://www.forestsandreserves.vic.gov.au/land-management/managing-crown-land/camping-on-licensed-crown-water-frontages/ovens-river-everton-camping-area-1</value>
          </Data>
          <Data name="Location">
            <value>2 km south of Everton</value>
          </Data>
          <Data name="Latitude">
            <value>-36.440639</value>
          </Data>
          <Data name="Longitude">
            <value>146.522278</value>
          </Data>
          <Data name="Co-ordinates">
            <value><![CDATA[-36.440639' 146.522278]]></value>
          </Data>
        </ExtendedData>
        <Point>
          <coordinates>
            146.522278,-36.440639,0
          </coordinates>
        </Point>
      </Placemark>
      <Placemark>
        <name><![CDATA[Perry River - Fernbank camping area 1, 2 &3]]></name>
        <description><![CDATA[URL: https://www.forestsandreserves.vic.gov.au/land-management/managing-crown-land/camping-on-licensed-crown-water-frontages/Perry-River-Fernbank-camping-Area-1,-2-and-3<br>Location: 6 km north west of Fernbank<br>Latitude: -37.838026<br>Longitude: 147.264564<br>Co-ordinates: -37.838026' 147.264564]]></description>
        <styleUrl>#icon-1899-0288D1</styleUrl>
        <ExtendedData>
          <Data name="URL">
            <value>https://www.forestsandreserves.vic.gov.au/land-management/managing-crown-land/camping-on-licensed-crown-water-frontages/Perry-River-Fernbank-camping-Area-1,-2-and-3</value>
          </Data>
          <Data name="Location">
            <value>6 km north west of Fernbank</value>
          </Data>
          <Data name="Latitude">
            <value>-37.838026</value>
          </Data>
          <Data name="Longitude">
            <value>147.264564</value>
          </Data>
          <Data name="Co-ordinates">
            <value><![CDATA[-37.838026' 147.264564]]></value>
          </Data>
        </ExtendedData>
        <Point>
          <coordinates>
            147.264564,-37.838026,0
          </coordinates>
        </Point>
      </Placemark>
      <Placemark>
        <name>Reedy Creek - Eldorado camping area 1</name>
        <description><![CDATA[URL: https://www.forestsandreserves.vic.gov.au/land-management/managing-crown-land/camping-on-licensed-crown-water-frontages/Reedy-Creek-Eldorado-Camping-Area-1<br>Location: 25 km east of Eldorado<br>Latitude: -36.288019<br>Longitude: 146.722446<br>Co-ordinates: -36.288019' 146.722446]]></description>
        <styleUrl>#icon-1899-0288D1</styleUrl>
        <ExtendedData>
          <Data name="URL">
            <value>https://www.forestsandreserves.vic.gov.au/land-management/managing-crown-land/camping-on-licensed-crown-water-frontages/Reedy-Creek-Eldorado-Camping-Area-1</value>
          </Data>
          <Data name="Location">
            <value>25 km east of Eldorado</value>
          </Data>
          <Data name="Latitude">
            <value>-36.288019</value>
          </Data>
          <Data name="Longitude">
            <value>146.722446</value>
          </Data>
          <Data name="Co-ordinates">
            <value><![CDATA[-36.288019' 146.722446]]></value>
          </Data>
        </ExtendedData>
        <Point>
          <coordinates>
            146.722446,-36.288019,0
          </coordinates>
        </Point>
      </Placemark>
      <Placemark>
        <name>Richardson River - Banyena camping area 1 and 2</name>
        <description><![CDATA[URL: https://www.forestsandreserves.vic.gov.au/land-management/managing-crown-land/camping-on-licensed-crown-water-frontages/richardson-river-banyena-camping-area-1<br>Location: Within the Banyena township<br>Latitude: -36.570611<br>Longitude: 142.825<br>Co-ordinates: -36.570611' 142.825]]></description>
        <styleUrl>#icon-1899-0288D1</styleUrl>
        <ExtendedData>
          <Data name="URL">
            <value>https://www.forestsandreserves.vic.gov.au/land-management/managing-crown-land/camping-on-licensed-crown-water-frontages/richardson-river-banyena-camping-area-1</value>
          </Data>
          <Data name="Location">
            <value>Within the Banyena township</value>
          </Data>
          <Data name="Latitude">
            <value>-36.570611</value>
          </Data>
          <Data name="Longitude">
            <value>142.825</value>
          </Data>
          <Data name="Co-ordinates">
            <value><![CDATA[-36.570611' 142.825]]></value>
          </Data>
        </ExtendedData>
        <Point>
          <coordinates>
            142.825,-36.570611,0
          </coordinates>
        </Point>
      </Placemark>
      <Placemark>
        <name>Riggs Creek - Violet Town camping area 1</name>
        <description><![CDATA[URL: https://www.forestsandreserves.vic.gov.au/land-management/managing-crown-land/camping-on-licensed-crown-water-frontages/Riggs-Creek-Violet-Town-camping-area-1<br>Location: 11 km west of Violet Town<br>Latitude: -36.600848<br>Longitude: 145.602832<br>Co-ordinates: -36.600848' 145.602832]]></description>
        <styleUrl>#icon-1899-0288D1</styleUrl>
        <ExtendedData>
          <Data name="URL">
            <value>https://www.forestsandreserves.vic.gov.au/land-management/managing-crown-land/camping-on-licensed-crown-water-frontages/Riggs-Creek-Violet-Town-camping-area-1</value>
          </Data>
          <Data name="Location">
            <value>11 km west of Violet Town</value>
          </Data>
          <Data name="Latitude">
            <value>-36.600848</value>
          </Data>
          <Data name="Longitude">
            <value>145.602832</value>
          </Data>
          <Data name="Co-ordinates">
            <value><![CDATA[-36.600848' 145.602832]]></value>
          </Data>
        </ExtendedData>
        <Point>
          <coordinates>
            145.602832,-36.600848,0
          </coordinates>
        </Point>
      </Placemark>
      <Placemark>
        <name>Rocklands Channel - Wonwondah East camping area 1</name>
        <description><![CDATA[URL: https://www.forestsandreserves.vic.gov.au/land-management/managing-crown-land/camping-on-licensed-crown-water-frontages/Rocklands-Channel-Wonwondah-East-Camping-Area-1<br>Location: At the Wonwondah Recreation Reserve<br>Latitude: -36.877754<br>Longitude: 142.239755<br>Co-ordinates: -36.877754' 142.239755]]></description>
        <styleUrl>#icon-1899-0288D1</styleUrl>
        <ExtendedData>
          <Data name="URL">
            <value>https://www.forestsandreserves.vic.gov.au/land-management/managing-crown-land/camping-on-licensed-crown-water-frontages/Rocklands-Channel-Wonwondah-East-Camping-Area-1</value>
          </Data>
          <Data name="Location">
            <value>At the Wonwondah Recreation Reserve</value>
          </Data>
          <Data name="Latitude">
            <value>-36.877754</value>
          </Data>
          <Data name="Longitude">
            <value>142.239755</value>
          </Data>
          <Data name="Co-ordinates">
            <value><![CDATA[-36.877754' 142.239755]]></value>
          </Data>
        </ExtendedData>
        <Point>
          <coordinates>
            142.239755,-36.877754,0
          </coordinates>
        </Point>
      </Placemark>
      <Placemark>
        <name>Rocky Waterholes Creek - Chiltern camping area 1</name>
        <description><![CDATA[URL: https://www.forestsandreserves.vic.gov.au/land-management/managing-crown-land/camping-on-licensed-crown-water-frontages/Rocky-Waterholes-Creek-Chiltern-Camping-Area-1<br>Location: 11 km west of Chiltern<br>Latitude: -36.172824<br>Longitude: 146.514034<br>Co-ordinates: -36.172824' 146.514034]]></description>
        <styleUrl>#icon-1899-0288D1</styleUrl>
        <ExtendedData>
          <Data name="URL">
            <value>https://www.forestsandreserves.vic.gov.au/land-management/managing-crown-land/camping-on-licensed-crown-water-frontages/Rocky-Waterholes-Creek-Chiltern-Camping-Area-1</value>
          </Data>
          <Data name="Location">
            <value>11 km west of Chiltern</value>
          </Data>
          <Data name="Latitude">
            <value>-36.172824</value>
          </Data>
          <Data name="Longitude">
            <value>146.514034</value>
          </Data>
          <Data name="Co-ordinates">
            <value><![CDATA[-36.172824' 146.514034]]></value>
          </Data>
        </ExtendedData>
        <Point>
          <coordinates>
            146.514034,-36.172824,0
          </coordinates>
        </Point>
      </Placemark>
      <Placemark>
        <name>Rubicon River   - Thornton camping area 1 and 2</name>
        <description><![CDATA[URL: https://www.forestsandreserves.vic.gov.au/land-management/managing-crown-land/camping-on-licensed-crown-water-frontages/rubicon-river-thornton-camping-area-1<br>Location: 2 km south of Thornton<br>Latitude: -37.266972<br>Longitude: 145.797889<br>Co-ordinates: -37.266972' 145.797889]]></description>
        <styleUrl>#icon-1899-0288D1</styleUrl>
        <ExtendedData>
          <Data name="URL">
            <value>https://www.forestsandreserves.vic.gov.au/land-management/managing-crown-land/camping-on-licensed-crown-water-frontages/rubicon-river-thornton-camping-area-1</value>
          </Data>
          <Data name="Location">
            <value>2 km south of Thornton</value>
          </Data>
          <Data name="Latitude">
            <value>-37.266972</value>
          </Data>
          <Data name="Longitude">
            <value>145.797889</value>
          </Data>
          <Data name="Co-ordinates">
            <value><![CDATA[-37.266972' 145.797889]]></value>
          </Data>
        </ExtendedData>
        <Point>
          <coordinates>
            145.797889,-37.266972,0
          </coordinates>
        </Point>
      </Placemark>
      <Placemark>
        <name>Salt Creek - Great Western Camping Area 1</name>
        <description><![CDATA[URL: https://www.forestsandreserves.vic.gov.au/land-management/managing-crown-land/camping-on-licensed-crown-water-frontages/salt-creek-great-western-camping-area-1<br>Location: 6 km north-east of Great Western<br>Latitude: -37.136079<br>Longitude: 142.915978<br>Co-ordinates: -37.136079' 142.915978]]></description>
        <styleUrl>#icon-1899-0288D1</styleUrl>
        <ExtendedData>
          <Data name="URL">
            <value>https://www.forestsandreserves.vic.gov.au/land-management/managing-crown-land/camping-on-licensed-crown-water-frontages/salt-creek-great-western-camping-area-1</value>
          </Data>
          <Data name="Location">
            <value>6 km north-east of Great Western</value>
          </Data>
          <Data name="Latitude">
            <value>-37.136079</value>
          </Data>
          <Data name="Longitude">
            <value>142.915978</value>
          </Data>
          <Data name="Co-ordinates">
            <value><![CDATA[-37.136079' 142.915978]]></value>
          </Data>
        </ExtendedData>
        <Point>
          <coordinates>
            142.915978,-37.136079,0
          </coordinates>
        </Point>
      </Placemark>
      <Placemark>
        <name>Sandy Creek -Navarre camping area 1</name>
        <description><![CDATA[URL: https://www.forestsandreserves.vic.gov.au/land-management/managing-crown-land/camping-on-licensed-crown-water-frontages/Sandy-Creek-Navarre-Camping-Area-1<br>Location: 18 km north-east of Navarre<br>Latitude: -36.873022<br>Longitude: 143.223657<br>Co-ordinates: -36.873022' 143.223657]]></description>
        <styleUrl>#icon-1899-0288D1</styleUrl>
        <ExtendedData>
          <Data name="URL">
            <value>https://www.forestsandreserves.vic.gov.au/land-management/managing-crown-land/camping-on-licensed-crown-water-frontages/Sandy-Creek-Navarre-Camping-Area-1</value>
          </Data>
          <Data name="Location">
            <value>18 km north-east of Navarre</value>
          </Data>
          <Data name="Latitude">
            <value>-36.873022</value>
          </Data>
          <Data name="Longitude">
            <value>143.223657</value>
          </Data>
          <Data name="Co-ordinates">
            <value><![CDATA[-36.873022' 143.223657]]></value>
          </Data>
        </ExtendedData>
        <Point>
          <coordinates>
            143.223657,-36.873022,0
          </coordinates>
        </Point>
      </Placemark>
      <Placemark>
        <name>Serpentine Creek -Durham Ox camping area 1</name>
        <description><![CDATA[URL: https://www.forestsandreserves.vic.gov.au/land-management/managing-crown-land/camping-on-licensed-crown-water-frontages/serpentine-creek-durham-ox-camping-area-1<br>Location: Within Durham Ox<br>Latitude: -36.124333<br>Longitude: 143.914778<br>Co-ordinates: -36.124333' 143.914778]]></description>
        <styleUrl>#icon-1899-0288D1</styleUrl>
        <ExtendedData>
          <Data name="URL">
            <value>https://www.forestsandreserves.vic.gov.au/land-management/managing-crown-land/camping-on-licensed-crown-water-frontages/serpentine-creek-durham-ox-camping-area-1</value>
          </Data>
          <Data name="Location">
            <value>Within Durham Ox</value>
          </Data>
          <Data name="Latitude">
            <value>-36.124333</value>
          </Data>
          <Data name="Longitude">
            <value>143.914778</value>
          </Data>
          <Data name="Co-ordinates">
            <value><![CDATA[-36.124333' 143.914778]]></value>
          </Data>
        </ExtendedData>
        <Point>
          <coordinates>
            143.914778,-36.124333,0
          </coordinates>
        </Point>
      </Placemark>
      <Placemark>
        <name>Seven Creeks - Euroa camping area 1</name>
        <description><![CDATA[URL: https://www.forestsandreserves.vic.gov.au/land-management/managing-crown-land/camping-on-licensed-crown-water-frontages/Seven-Creeks-Euroa-Camping-Area-1<br>Location: 17 km north of Euroa<br>Latitude: -36.627273<br>Longitude: 145.474871<br>Co-ordinates: -36.627273' 145.474871]]></description>
        <styleUrl>#icon-1899-0288D1</styleUrl>
        <ExtendedData>
          <Data name="URL">
            <value>https://www.forestsandreserves.vic.gov.au/land-management/managing-crown-land/camping-on-licensed-crown-water-frontages/Seven-Creeks-Euroa-Camping-Area-1</value>
          </Data>
          <Data name="Location">
            <value>17 km north of Euroa</value>
          </Data>
          <Data name="Latitude">
            <value>-36.627273</value>
          </Data>
          <Data name="Longitude">
            <value>145.474871</value>
          </Data>
          <Data name="Co-ordinates">
            <value><![CDATA[-36.627273' 145.474871]]></value>
          </Data>
        </ExtendedData>
        <Point>
          <coordinates>
            145.474871,-36.627273,0
          </coordinates>
        </Point>
      </Placemark>
      <Placemark>
        <name>Seven Mile Creek - Stawell camping area 1</name>
        <description><![CDATA[URL: https://www.forestsandreserves.vic.gov.au/land-management/managing-crown-land/camping-on-licensed-crown-water-frontages/Seven-Mile-Creek-Stawell-Camping-Area-1<br>Location: 16 km north-east of Stawell<br>Latitude: -36.96153<br>Longitude: 142.882201<br>Co-ordinates: -36.96153' 142.882201]]></description>
        <styleUrl>#icon-1899-0288D1</styleUrl>
        <ExtendedData>
          <Data name="URL">
            <value>https://www.forestsandreserves.vic.gov.au/land-management/managing-crown-land/camping-on-licensed-crown-water-frontages/Seven-Mile-Creek-Stawell-Camping-Area-1</value>
          </Data>
          <Data name="Location">
            <value>16 km north-east of Stawell</value>
          </Data>
          <Data name="Latitude">
            <value>-36.96153</value>
          </Data>
          <Data name="Longitude">
            <value>142.882201</value>
          </Data>
          <Data name="Co-ordinates">
            <value><![CDATA[-36.96153' 142.882201]]></value>
          </Data>
        </ExtendedData>
        <Point>
          <coordinates>
            142.882201,-36.96153,0
          </coordinates>
        </Point>
      </Placemark>
      <Placemark>
        <name>Shays Creek - Landsborough camping area 1</name>
        <description><![CDATA[URL: https://www.forestsandreserves.vic.gov.au/land-management/managing-crown-land/camping-on-licensed-crown-water-frontages/Shays-Creek-Landsborough-Camping-Area-1<br>Location: 7 km south of Landsborough<br>Latitude: -37.051632<br>Longitude: 143.102434<br>Co-ordinates: -37.051632' 143.102434]]></description>
        <styleUrl>#icon-1899-0288D1</styleUrl>
        <ExtendedData>
          <Data name="URL">
            <value>https://www.forestsandreserves.vic.gov.au/land-management/managing-crown-land/camping-on-licensed-crown-water-frontages/Shays-Creek-Landsborough-Camping-Area-1</value>
          </Data>
          <Data name="Location">
            <value>7 km south of Landsborough</value>
          </Data>
          <Data name="Latitude">
            <value>-37.051632</value>
          </Data>
          <Data name="Longitude">
            <value>143.102434</value>
          </Data>
          <Data name="Co-ordinates">
            <value><![CDATA[-37.051632' 143.102434]]></value>
          </Data>
        </ExtendedData>
        <Point>
          <coordinates>
            143.102434,-37.051632,0
          </coordinates>
        </Point>
      </Placemark>
      <Placemark>
        <name>Sheepwash Creek - Nathalia camping area 1 and 2</name>
        <description><![CDATA[URL: https://www.forestsandreserves.vic.gov.au/land-management/managing-crown-land/camping-on-licensed-crown-water-frontages/Sheepwash-Creek-Nathalia-Camping-Area-1-and-2<br>Location: 9 km south-west of Nathalia<br>Latitude: -36.089534<br>Longitude: 145.164468<br>Co-ordinates: -36.089534' 145.164468]]></description>
        <styleUrl>#icon-1899-0288D1</styleUrl>
        <ExtendedData>
          <Data name="URL">
            <value>https://www.forestsandreserves.vic.gov.au/land-management/managing-crown-land/camping-on-licensed-crown-water-frontages/Sheepwash-Creek-Nathalia-Camping-Area-1-and-2</value>
          </Data>
          <Data name="Location">
            <value>9 km south-west of Nathalia</value>
          </Data>
          <Data name="Latitude">
            <value>-36.089534</value>
          </Data>
          <Data name="Longitude">
            <value>145.164468</value>
          </Data>
          <Data name="Co-ordinates">
            <value><![CDATA[-36.089534' 145.164468]]></value>
          </Data>
        </ExtendedData>
        <Point>
          <coordinates>
            145.164468,-36.089534,0
          </coordinates>
        </Point>
      </Placemark>
      <Placemark>
        <name>Skeleton Creek - Kotupna camping area 1</name>
        <description><![CDATA[URL: https://www.forestsandreserves.vic.gov.au/land-management/managing-crown-land/camping-on-licensed-crown-water-frontages/Skeleton-Creek-Kotupna-Camping-Area-1<br>Location: 9 km east of Kotupna<br>Latitude: -36.123729<br>Longitude: 145.212713<br>Co-ordinates: -36.123729' 145.212713]]></description>
        <styleUrl>#icon-1899-0288D1</styleUrl>
        <ExtendedData>
          <Data name="URL">
            <value>https://www.forestsandreserves.vic.gov.au/land-management/managing-crown-land/camping-on-licensed-crown-water-frontages/Skeleton-Creek-Kotupna-Camping-Area-1</value>
          </Data>
          <Data name="Location">
            <value>9 km east of Kotupna</value>
          </Data>
          <Data name="Latitude">
            <value>-36.123729</value>
          </Data>
          <Data name="Longitude">
            <value>145.212713</value>
          </Data>
          <Data name="Co-ordinates">
            <value><![CDATA[-36.123729' 145.212713]]></value>
          </Data>
        </ExtendedData>
        <Point>
          <coordinates>
            145.212713,-36.123729,0
          </coordinates>
        </Point>
      </Placemark>
      <Placemark>
        <name>Skeleton Creek - Nathalia camping area 1</name>
        <description><![CDATA[URL: https://www.forestsandreserves.vic.gov.au/land-management/managing-crown-land/camping-on-licensed-crown-water-frontages/Skeleton-Creek-Nathalia-Camping-Area-1<br>Location: 10 km south-west of Nathalia<br>Latitude: -36.109768<br>Longitude: 145.171629<br>Co-ordinates: -36.109768' 145.171629]]></description>
        <styleUrl>#icon-1899-0288D1</styleUrl>
        <ExtendedData>
          <Data name="URL">
            <value>https://www.forestsandreserves.vic.gov.au/land-management/managing-crown-land/camping-on-licensed-crown-water-frontages/Skeleton-Creek-Nathalia-Camping-Area-1</value>
          </Data>
          <Data name="Location">
            <value>10 km south-west of Nathalia</value>
          </Data>
          <Data name="Latitude">
            <value>-36.109768</value>
          </Data>
          <Data name="Longitude">
            <value>145.171629</value>
          </Data>
          <Data name="Co-ordinates">
            <value><![CDATA[-36.109768' 145.171629]]></value>
          </Data>
        </ExtendedData>
        <Point>
          <coordinates>
            145.171629,-36.109768,0
          </coordinates>
        </Point>
      </Placemark>
      <Placemark>
        <name>Snowy River - Orbost camping area 1</name>
        <description><![CDATA[URL: https://www.forestsandreserves.vic.gov.au/land-management/managing-crown-land/camping-on-licensed-crown-water-frontages/Snowy-River-Orbost-Camping-Area-1<br>Location: 8 km west of Orbost<br>Latitude: -37.687045<br>Longitude: 148.392035<br>Co-ordinates: -37.687045' 148.392035]]></description>
        <styleUrl>#icon-1899-0288D1</styleUrl>
        <ExtendedData>
          <Data name="URL">
            <value>https://www.forestsandreserves.vic.gov.au/land-management/managing-crown-land/camping-on-licensed-crown-water-frontages/Snowy-River-Orbost-Camping-Area-1</value>
          </Data>
          <Data name="Location">
            <value>8 km west of Orbost</value>
          </Data>
          <Data name="Latitude">
            <value>-37.687045</value>
          </Data>
          <Data name="Longitude">
            <value>148.392035</value>
          </Data>
          <Data name="Co-ordinates">
            <value><![CDATA[-37.687045' 148.392035]]></value>
          </Data>
        </ExtendedData>
        <Point>
          <coordinates>
            148.392035,-37.687045,0
          </coordinates>
        </Point>
      </Placemark>
      <Placemark>
        <name>Stony Creek - Violet Town camping area 1</name>
        <description><![CDATA[URL: https://www.forestsandreserves.vic.gov.au/land-management/managing-crown-land/camping-on-licensed-crown-water-frontages/Stony-Creek-Violet-Town-Camping-Area-1<br>Location: 9 km north of Violet Town<br>Latitude: -36.567125<br>Longitude: 145.701297<br>Co-ordinates: -36.567125' 145.701297]]></description>
        <styleUrl>#icon-1899-0288D1</styleUrl>
        <ExtendedData>
          <Data name="URL">
            <value>https://www.forestsandreserves.vic.gov.au/land-management/managing-crown-land/camping-on-licensed-crown-water-frontages/Stony-Creek-Violet-Town-Camping-Area-1</value>
          </Data>
          <Data name="Location">
            <value>9 km north of Violet Town</value>
          </Data>
          <Data name="Latitude">
            <value>-36.567125</value>
          </Data>
          <Data name="Longitude">
            <value>145.701297</value>
          </Data>
          <Data name="Co-ordinates">
            <value><![CDATA[-36.567125' 145.701297]]></value>
          </Data>
        </ExtendedData>
        <Point>
          <coordinates>
            145.701297,-36.567125,0
          </coordinates>
        </Point>
      </Placemark>
      <Placemark>
        <name><![CDATA[Stony Creek &Emu Waterholes Creek - Ruffy camping area 2]]></name>
        <description><![CDATA[URL: https://www.forestsandreserves.vic.gov.au/land-management/managing-crown-land/camping-on-licensed-crown-water-frontages/Stony-Creek-and-Emu-Waterhole-Creek-Ruffy-Camping-Area-2<br>Location: 9 km south-east of Ruffy<br>Latitude: -37.001063<br>Longitude: 145.53381<br>Co-ordinates: -37.001063' 145.53381]]></description>
        <styleUrl>#icon-1899-0288D1</styleUrl>
        <ExtendedData>
          <Data name="URL">
            <value>https://www.forestsandreserves.vic.gov.au/land-management/managing-crown-land/camping-on-licensed-crown-water-frontages/Stony-Creek-and-Emu-Waterhole-Creek-Ruffy-Camping-Area-2</value>
          </Data>
          <Data name="Location">
            <value>9 km south-east of Ruffy</value>
          </Data>
          <Data name="Latitude">
            <value>-37.001063</value>
          </Data>
          <Data name="Longitude">
            <value>145.53381</value>
          </Data>
          <Data name="Co-ordinates">
            <value><![CDATA[-37.001063' 145.53381]]></value>
          </Data>
        </ExtendedData>
        <Point>
          <coordinates>
            145.53381,-37.001063,0
          </coordinates>
        </Point>
      </Placemark>
      <Placemark>
        <name>Swifts Creek - Swifts Creek camping area 1 and 2</name>
        <description><![CDATA[URL: https://www.forestsandreserves.vic.gov.au/land-management/managing-crown-land/camping-on-licensed-crown-water-frontages/Swifts-Creek-Swifts-Creek-Camping-Area-1<br>Location: 8 km west of Swifts Creek<br>Latitude: -37.248563<br>Longitude: 147.646192<br>Co-ordinates: -37.248563' 147.646192]]></description>
        <styleUrl>#icon-1899-0288D1</styleUrl>
        <ExtendedData>
          <Data name="URL">
            <value>https://www.forestsandreserves.vic.gov.au/land-management/managing-crown-land/camping-on-licensed-crown-water-frontages/Swifts-Creek-Swifts-Creek-Camping-Area-1</value>
          </Data>
          <Data name="Location">
            <value>8 km west of Swifts Creek</value>
          </Data>
          <Data name="Latitude">
            <value>-37.248563</value>
          </Data>
          <Data name="Longitude">
            <value>147.646192</value>
          </Data>
          <Data name="Co-ordinates">
            <value><![CDATA[-37.248563' 147.646192]]></value>
          </Data>
        </ExtendedData>
        <Point>
          <coordinates>
            147.646192,-37.248563,0
          </coordinates>
        </Point>
      </Placemark>
      <Placemark>
        <name>Tambo River - Ensay camping area 1 and 2</name>
        <description><![CDATA[URL: https://www.forestsandreserves.vic.gov.au/land-management/managing-crown-land/camping-on-licensed-crown-water-frontages/Tambo-River-Ensay-Camping-Area-1-and-2<br>Location: 5 km south of Ensay<br>Latitude: -37.5196375<br>Longitude: 148.3164653<br>Co-ordinates: -37.5196375' 148.3164653]]></description>
        <styleUrl>#icon-1899-0288D1</styleUrl>
        <ExtendedData>
          <Data name="URL">
            <value>https://www.forestsandreserves.vic.gov.au/land-management/managing-crown-land/camping-on-licensed-crown-water-frontages/Tambo-River-Ensay-Camping-Area-1-and-2</value>
          </Data>
          <Data name="Location">
            <value>5 km south of Ensay</value>
          </Data>
          <Data name="Latitude">
            <value>-37.5196375</value>
          </Data>
          <Data name="Longitude">
            <value>148.3164653</value>
          </Data>
          <Data name="Co-ordinates">
            <value><![CDATA[-37.5196375' 148.3164653]]></value>
          </Data>
        </ExtendedData>
        <Point>
          <coordinates>
            148.3164653,-37.5196375,0
          </coordinates>
        </Point>
      </Placemark>
      <Placemark>
        <name>Tarwin River - Meeniyan camping area 1 and 2</name>
        <description><![CDATA[URL: https://www.forestsandreserves.vic.gov.au/land-management/managing-crown-land/camping-on-licensed-crown-water-frontages/Tarwin-River-Meeniyan-Camping-Area-1-and-2<br>Location: 2 km west of Meeniyan<br>Latitude: -38.579582<br>Longitude: 145.995417<br>Co-ordinates: -38.579582' 145.995417]]></description>
        <styleUrl>#icon-1899-0288D1</styleUrl>
        <ExtendedData>
          <Data name="URL">
            <value>https://www.forestsandreserves.vic.gov.au/land-management/managing-crown-land/camping-on-licensed-crown-water-frontages/Tarwin-River-Meeniyan-Camping-Area-1-and-2</value>
          </Data>
          <Data name="Location">
            <value>2 km west of Meeniyan</value>
          </Data>
          <Data name="Latitude">
            <value>-38.579582</value>
          </Data>
          <Data name="Longitude">
            <value>145.995417</value>
          </Data>
          <Data name="Co-ordinates">
            <value><![CDATA[-38.579582' 145.995417]]></value>
          </Data>
        </ExtendedData>
        <Point>
          <coordinates>
            145.995417,-38.579582,0
          </coordinates>
        </Point>
      </Placemark>
      <Placemark>
        <name>Thomson River - Sale camping area 1</name>
        <description><![CDATA[URL: https://www.forestsandreserves.vic.gov.au/land-management/managing-crown-land/camping-on-licensed-crown-water-frontages/Thomson-River-Sale-Camping-Area-1<br>Location: 2 km west of Sale<br>Latitude: -38.111057<br>Longitude: 147.049503<br>Co-ordinates: -38.111057' 147.049503]]></description>
        <styleUrl>#icon-1899-0288D1</styleUrl>
        <ExtendedData>
          <Data name="URL">
            <value>https://www.forestsandreserves.vic.gov.au/land-management/managing-crown-land/camping-on-licensed-crown-water-frontages/Thomson-River-Sale-Camping-Area-1</value>
          </Data>
          <Data name="Location">
            <value>2 km west of Sale</value>
          </Data>
          <Data name="Latitude">
            <value>-38.111057</value>
          </Data>
          <Data name="Longitude">
            <value>147.049503</value>
          </Data>
          <Data name="Co-ordinates">
            <value><![CDATA[-38.111057' 147.049503]]></value>
          </Data>
        </ExtendedData>
        <Point>
          <coordinates>
            147.049503,-38.111057,0
          </coordinates>
        </Point>
      </Placemark>
      <Placemark>
        <name>Traralgon Creek -Traralgon camping area 2</name>
        <description><![CDATA[URL: https://www.forestsandreserves.vic.gov.au/land-management/managing-crown-land/camping-on-licensed-crown-water-frontages/traralgon-creek-traralgon-creek-camping-area-2<br>Location: 6 km south of Traralgon<br>Latitude: -38.269639<br>Longitude: 146.542333<br>Co-ordinates: -38.269639' 146.542333]]></description>
        <styleUrl>#icon-1899-0288D1</styleUrl>
        <ExtendedData>
          <Data name="URL">
            <value>https://www.forestsandreserves.vic.gov.au/land-management/managing-crown-land/camping-on-licensed-crown-water-frontages/traralgon-creek-traralgon-creek-camping-area-2</value>
          </Data>
          <Data name="Location">
            <value>6 km south of Traralgon</value>
          </Data>
          <Data name="Latitude">
            <value>-38.269639</value>
          </Data>
          <Data name="Longitude">
            <value>146.542333</value>
          </Data>
          <Data name="Co-ordinates">
            <value><![CDATA[-38.269639' 146.542333]]></value>
          </Data>
        </ExtendedData>
        <Point>
          <coordinates>
            146.542333,-38.269639,0
          </coordinates>
        </Point>
      </Placemark>
      <Placemark>
        <name>Wannon River - Casterton camping area 1 and 2 </name>
        <description><![CDATA[URL: https://www.forestsandreserves.vic.gov.au/land-management/managing-crown-land/camping-on-licensed-crown-water-frontages/wannon-river-casterton-camping-area-1-and-2<br>Location: 3 km southeast of Casterton<br>Latitude: -37.602306<br>Longitude: 141.421528<br>Co-ordinates: -37.602306' 141.421528]]></description>
        <styleUrl>#icon-1899-0288D1</styleUrl>
        <ExtendedData>
          <Data name="URL">
            <value>https://www.forestsandreserves.vic.gov.au/land-management/managing-crown-land/camping-on-licensed-crown-water-frontages/wannon-river-casterton-camping-area-1-and-2</value>
          </Data>
          <Data name="Location">
            <value>3 km southeast of Casterton</value>
          </Data>
          <Data name="Latitude">
            <value>-37.602306</value>
          </Data>
          <Data name="Longitude">
            <value>141.421528</value>
          </Data>
          <Data name="Co-ordinates">
            <value><![CDATA[-37.602306' 141.421528]]></value>
          </Data>
        </ExtendedData>
        <Point>
          <coordinates>
            141.421528,-37.602306,0
          </coordinates>
        </Point>
      </Placemark>
      <Placemark>
        <name>Watchbox Creek - Molyullah camping area 1</name>
        <description><![CDATA[URL: https://www.forestsandreserves.vic.gov.au/land-management/managing-crown-land/camping-on-licensed-crown-water-frontages/Watchbox-Creek-Molyullah-Camping-Area-1<br>Location: 4 km south of Molyullah<br>Latitude: -36.7097795<br>Longitude: 146.4801244<br>Co-ordinates: -36.7097795' 146.4801244]]></description>
        <styleUrl>#icon-1899-0288D1</styleUrl>
        <ExtendedData>
          <Data name="URL">
            <value>https://www.forestsandreserves.vic.gov.au/land-management/managing-crown-land/camping-on-licensed-crown-water-frontages/Watchbox-Creek-Molyullah-Camping-Area-1</value>
          </Data>
          <Data name="Location">
            <value>4 km south of Molyullah</value>
          </Data>
          <Data name="Latitude">
            <value>-36.7097795</value>
          </Data>
          <Data name="Longitude">
            <value>146.4801244</value>
          </Data>
          <Data name="Co-ordinates">
            <value><![CDATA[-36.7097795' 146.4801244]]></value>
          </Data>
        </ExtendedData>
        <Point>
          <coordinates>
            146.4801244,-36.7097795,0
          </coordinates>
        </Point>
      </Placemark>
      <Placemark>
        <name>Watchingorra Creek - Mitta Mitta camping area 1</name>
        <description><![CDATA[URL: https://www.forestsandreserves.vic.gov.au/land-management/managing-crown-land/camping-on-licensed-crown-water-frontages/Watchingorra-Creek-Mitta-Mitta-Camping-Area-1<br>Location: 9 km north-east of Mitta Mitta<br>Latitude: -36.506106<br>Longitude: 147.418021<br>Co-ordinates: -36.506106' 147.418021]]></description>
        <styleUrl>#icon-1899-0288D1</styleUrl>
        <ExtendedData>
          <Data name="URL">
            <value>https://www.forestsandreserves.vic.gov.au/land-management/managing-crown-land/camping-on-licensed-crown-water-frontages/Watchingorra-Creek-Mitta-Mitta-Camping-Area-1</value>
          </Data>
          <Data name="Location">
            <value>9 km north-east of Mitta Mitta</value>
          </Data>
          <Data name="Latitude">
            <value>-36.506106</value>
          </Data>
          <Data name="Longitude">
            <value>147.418021</value>
          </Data>
          <Data name="Co-ordinates">
            <value><![CDATA[-36.506106' 147.418021]]></value>
          </Data>
        </ExtendedData>
        <Point>
          <coordinates>
            147.418021,-36.506106,0
          </coordinates>
        </Point>
      </Placemark>
      <Placemark>
        <name>Wattle Creek - Lurg camping area 1</name>
        <description><![CDATA[URL: https://www.forestsandreserves.vic.gov.au/land-management/managing-crown-land/camping-on-licensed-crown-water-frontages/Wattle-Creek-Lurg-Camping-Area-1<br>Location: 3 km north-east of Lurg<br>Latitude: -36.569619<br>Longitude: 146.15381<br>Co-ordinates: -36.569619' 146.15381]]></description>
        <styleUrl>#icon-1899-0288D1</styleUrl>
        <ExtendedData>
          <Data name="URL">
            <value>https://www.forestsandreserves.vic.gov.au/land-management/managing-crown-land/camping-on-licensed-crown-water-frontages/Wattle-Creek-Lurg-Camping-Area-1</value>
          </Data>
          <Data name="Location">
            <value>3 km north-east of Lurg</value>
          </Data>
          <Data name="Latitude">
            <value>-36.569619</value>
          </Data>
          <Data name="Longitude">
            <value>146.15381</value>
          </Data>
          <Data name="Co-ordinates">
            <value><![CDATA[-36.569619' 146.15381]]></value>
          </Data>
        </ExtendedData>
        <Point>
          <coordinates>
            146.15381,-36.569619,0
          </coordinates>
        </Point>
      </Placemark>
      <Placemark>
        <name>Weerangourt Creek- Byaduk camping area 1</name>
        <description><![CDATA[URL: https://www.forestsandreserves.vic.gov.au/land-management/managing-crown-land/camping-on-licensed-crown-water-frontages/weerangourt-creek-byaduk-camping-area-1<br>Location: 6 km east of Byaduk<br>Latitude: -37.952<br>Longitude: 142.026333<br>Co-ordinates: -37.952' 142.026333]]></description>
        <styleUrl>#icon-1899-0288D1</styleUrl>
        <ExtendedData>
          <Data name="URL">
            <value>https://www.forestsandreserves.vic.gov.au/land-management/managing-crown-land/camping-on-licensed-crown-water-frontages/weerangourt-creek-byaduk-camping-area-1</value>
          </Data>
          <Data name="Location">
            <value>6 km east of Byaduk</value>
          </Data>
          <Data name="Latitude">
            <value>-37.952</value>
          </Data>
          <Data name="Longitude">
            <value>142.026333</value>
          </Data>
          <Data name="Co-ordinates">
            <value><![CDATA[-37.952' 142.026333]]></value>
          </Data>
        </ExtendedData>
        <Point>
          <coordinates>
            142.026333,-37.952,0
          </coordinates>
        </Point>
      </Placemark>
      <Placemark>
        <name>Wilderness Creek - Morwell camping area 1</name>
        <description><![CDATA[URL: https://www.forestsandreserves.vic.gov.au/land-management/managing-crown-land/camping-on-licensed-crown-water-frontages/Wilderness-Creek-Morwell-Camping-Area-1<br>Location: 12 km south-west of Morwell<br>Latitude: -38.266716<br>Longitude: 146.325365<br>Co-ordinates: -38.266716' 146.325365]]></description>
        <styleUrl>#icon-1899-0288D1</styleUrl>
        <ExtendedData>
          <Data name="URL">
            <value>https://www.forestsandreserves.vic.gov.au/land-management/managing-crown-land/camping-on-licensed-crown-water-frontages/Wilderness-Creek-Morwell-Camping-Area-1</value>
          </Data>
          <Data name="Location">
            <value>12 km south-west of Morwell</value>
          </Data>
          <Data name="Latitude">
            <value>-38.266716</value>
          </Data>
          <Data name="Longitude">
            <value>146.325365</value>
          </Data>
          <Data name="Co-ordinates">
            <value><![CDATA[-38.266716' 146.325365]]></value>
          </Data>
        </ExtendedData>
        <Point>
          <coordinates>
            146.325365,-38.266716,0
          </coordinates>
        </Point>
      </Placemark>
      <Placemark>
        <name>Wildhorse Creek- Tallangatta camping area 2</name>
        <description><![CDATA[URL: https://www.forestsandreserves.vic.gov.au/land-management/managing-crown-land/camping-on-licensed-crown-water-frontages/Wildhorse-Creek-Tallangatta-Camping-Area-2<br>Location: 27 km south of Tallangatta<br>Latitude: -36.402939<br>Longitude: 147.136186<br>Co-ordinates: -36.402939' 147.136186]]></description>
        <styleUrl>#icon-1899-0288D1</styleUrl>
        <ExtendedData>
          <Data name="URL">
            <value>https://www.forestsandreserves.vic.gov.au/land-management/managing-crown-land/camping-on-licensed-crown-water-frontages/Wildhorse-Creek-Tallangatta-Camping-Area-2</value>
          </Data>
          <Data name="Location">
            <value>27 km south of Tallangatta</value>
          </Data>
          <Data name="Latitude">
            <value>-36.402939</value>
          </Data>
          <Data name="Longitude">
            <value>147.136186</value>
          </Data>
          <Data name="Co-ordinates">
            <value><![CDATA[-36.402939' 147.136186]]></value>
          </Data>
        </ExtendedData>
        <Point>
          <coordinates>
            147.136186,-36.402939,0
          </coordinates>
        </Point>
      </Placemark>
      <Placemark>
        <name>Wimmera River - Campbells Bridge camping area 1 and 2</name>
        <description><![CDATA[URL: https://www.forestsandreserves.vic.gov.au/land-management/managing-crown-land/camping-on-licensed-crown-water-frontages/wimmera-river-campbells-bridge-camping-area-1-and-2<br>Location: 8 km east of Campbells Bridge<br>Latitude: -36.941028<br>Longitude: 142.867778<br>Co-ordinates: -36.941028' 142.867778]]></description>
        <styleUrl>#icon-1899-0288D1</styleUrl>
        <ExtendedData>
          <Data name="URL">
            <value>https://www.forestsandreserves.vic.gov.au/land-management/managing-crown-land/camping-on-licensed-crown-water-frontages/wimmera-river-campbells-bridge-camping-area-1-and-2</value>
          </Data>
          <Data name="Location">
            <value>8 km east of Campbells Bridge</value>
          </Data>
          <Data name="Latitude">
            <value>-36.941028</value>
          </Data>
          <Data name="Longitude">
            <value>142.867778</value>
          </Data>
          <Data name="Co-ordinates">
            <value><![CDATA[-36.941028' 142.867778]]></value>
          </Data>
        </ExtendedData>
        <Point>
          <coordinates>
            142.867778,-36.941028,0
          </coordinates>
        </Point>
      </Placemark>
      <Placemark>
        <name>Wonnangatta River - Dargo camping area 1 and 2</name>
        <description><![CDATA[URL: https://www.forestsandreserves.vic.gov.au/land-management/managing-crown-land/camping-on-licensed-crown-water-frontages/wonnangatta-river-dargo-camping-area-1-and-2<br>Location: 13 km south of Dargo<br>Latitude: -37.516222<br>Longitude: 147.233083<br>Co-ordinates: -37.516222' 147.233083]]></description>
        <styleUrl>#icon-1899-0288D1</styleUrl>
        <ExtendedData>
          <Data name="URL">
            <value>https://www.forestsandreserves.vic.gov.au/land-management/managing-crown-land/camping-on-licensed-crown-water-frontages/wonnangatta-river-dargo-camping-area-1-and-2</value>
          </Data>
          <Data name="Location">
            <value>13 km south of Dargo</value>
          </Data>
          <Data name="Latitude">
            <value>-37.516222</value>
          </Data>
          <Data name="Longitude">
            <value>147.233083</value>
          </Data>
          <Data name="Co-ordinates">
            <value><![CDATA[-37.516222' 147.233083]]></value>
          </Data>
        </ExtendedData>
        <Point>
          <coordinates>
            147.233083,-37.516222,0
          </coordinates>
        </Point>
      </Placemark>
      <Placemark>
        <name>Yarriambiack Creek  - Hopetoun camping area 1 and 2</name>
        <description><![CDATA[URL: https://www.forestsandreserves.vic.gov.au/land-management/managing-crown-land/camping-on-licensed-crown-water-frontages/Yarriambiack-Creek-Hopetoun-Camping-Area-1-and-2<br>Location: 5 km south of Hopetoun<br>Latitude: -35.758514<br>Longitude: 142.372524<br>Co-ordinates: -35.758514' 142.372524]]></description>
        <styleUrl>#icon-1899-0288D1</styleUrl>
        <ExtendedData>
          <Data name="URL">
            <value>https://www.forestsandreserves.vic.gov.au/land-management/managing-crown-land/camping-on-licensed-crown-water-frontages/Yarriambiack-Creek-Hopetoun-Camping-Area-1-and-2</value>
          </Data>
          <Data name="Location">
            <value>5 km south of Hopetoun</value>
          </Data>
          <Data name="Latitude">
            <value>-35.758514</value>
          </Data>
          <Data name="Longitude">
            <value>142.372524</value>
          </Data>
          <Data name="Co-ordinates">
            <value><![CDATA[-35.758514' 142.372524]]></value>
          </Data>
        </ExtendedData>
        <Point>
          <coordinates>
            142.372524,-35.758514,0
          </coordinates>
        </Point>
      </Placemark>
      <Placemark>
        <name>Yea River - Yea camping area 1</name>
        <description><![CDATA[URL: https://www.forestsandreserves.vic.gov.au/land-management/managing-crown-land/camping-on-licensed-crown-water-frontages/Yea-River-Yea-Camping-Area-1<br>Location: 13 km south of Yea<br>Latitude: -37.310482<br>Longitude: 145.472983<br>Co-ordinates: -37.310482' 145.472983]]></description>
        <styleUrl>#icon-1899-0288D1</styleUrl>
        <ExtendedData>
          <Data name="URL">
            <value>https://www.forestsandreserves.vic.gov.au/land-management/managing-crown-land/camping-on-licensed-crown-water-frontages/Yea-River-Yea-Camping-Area-1</value>
          </Data>
          <Data name="Location">
            <value>13 km south of Yea</value>
          </Data>
          <Data name="Latitude">
            <value>-37.310482</value>
          </Data>
          <Data name="Longitude">
            <value>145.472983</value>
          </Data>
          <Data name="Co-ordinates">
            <value><![CDATA[-37.310482' 145.472983]]></value>
          </Data>
        </ExtendedData>
        <Point>
          <coordinates>
            145.472983,-37.310482,0
          </coordinates>
        </Point>
      </Placemark>
    </Folder>
  </Document>
</kml>
